imageX,imageY,r,g,b,luminance,estimatedRadiusPixels,localContrast,emissive
58,479,0.952941,0.960784,1.0,0.961948,1.092032,0.77642,3.5
72,583,0.988235,0.980392,1.0,0.983475,0.631026,0.764655,3.44336
47,559,1.0,0.968627,1.0,0.977562,0.872937,0.745474,3.35102
498,50,0.909804,0.909804,1.0,0.916316,0.55,0.730918,3.280944
156,17,0.968627,0.941176,1.0,0.95126,0.923945,0.707455,3.167989
482,8,0.835294,0.858824,0.952941,0.860616,0.55,0.741453,3.331664
487,300,0.976471,0.937255,1.0,0.950122,0.729056,0.701049,3.137149
135,421,0.917647,0.898039,1.0,0.909569,1.290101,0.712611,3.192813
408,273,0.937255,0.937255,1.0,0.941785,1.933075,0.696516,3.115326
131,551,1.0,0.976471,1.0,0.983172,0.832366,0.648538,2.884346
383,375,0.85098,0.85098,0.984314,0.860607,0.55,0.689509,3.081592
224,546,1.0,0.905882,1.0,0.932687,0.579012,0.65778,2.928841
68,440,0.831373,0.835294,0.956863,0.843238,0.55,0.694737,3.106761
34,400,0.827451,0.827451,1.0,0.839909,0.612472,0.689972,3.08382
332,60,0.886275,0.843137,1.0,0.863634,0.663721,0.671323,2.994041
47,462,0.917647,0.839216,1.0,0.867499,0.945855,0.669202,2.983829
431,290,0.862745,0.882353,1.0,0.886678,0.704262,0.655827,2.919441
288,182,0.823529,0.831373,0.992157,0.841314,0.746741,0.675082,3.012138
391,139,0.819608,0.862745,1.0,0.863484,0.600585,0.664084,2.959193
457,209,0.878431,0.866667,1.0,0.878795,1.371264,0.656481,2.922587
87,481,0.847059,0.847059,0.945098,0.854137,0.860593,0.659083,2.935114
336,319,0.862745,0.831373,0.984314,0.849085,0.940584,0.660974,2.944217
464,313,0.843137,0.858824,1.0,0.865682,0.615376,0.653334,2.907437
377,165,0.854902,0.866667,1.0,0.873792,0.55,0.645613,2.870269
305,226,0.807843,0.807843,0.952941,0.818319,0.669427,0.66761,2.976167
377,496,0.945098,0.870588,1.0,0.895773,0.55,0.633519,2.812042
266,447,1.0,0.941176,1.0,0.957929,1.32597,0.605144,2.675441
320,281,0.772549,0.776471,0.909804,0.785264,0.55,0.672957,3.001905
416,287,0.843137,0.854902,1.0,0.862877,0.650795,0.638317,2.835141
143,585,0.996078,0.905882,0.968627,0.929588,0.807542,0.605708,2.678154
413,48,0.776471,0.784314,0.901961,0.79114,0.564703,0.660561,2.94223
351,431,0.866667,0.827451,0.968627,0.845981,0.899727,0.631073,2.800269
357,58,0.85098,0.788235,0.937255,0.812334,0.622424,0.644525,2.865031
113,515,0.843137,0.807843,0.890196,0.821293,0.55,0.633618,2.812521
288,546,1.0,0.929412,1.0,0.949515,0.946956,0.578141,2.545441
418,306,0.803922,0.819608,1.0,0.829297,0.642241,0.624074,2.766572
428,321,0.796078,0.803922,0.964706,0.813863,0.55,0.629814,2.794205
351,407,0.835294,0.8,0.945098,0.81798,0.70687,0.626616,2.778812
419,447,0.866667,0.835294,1.0,0.853856,0.774737,0.608753,2.692817
73,235,0.72549,0.741176,0.858824,0.746336,0.55,0.646719,2.875591
351,211,0.792157,0.796078,0.941176,0.805721,1.872908,0.62069,2.750281
433,530,0.92549,0.839216,1.0,0.869166,0.55,0.593056,2.617246
452,218,0.792157,0.811765,0.960784,0.818355,1.211602,0.611131,2.704265
242,473,1.0,0.898039,1.0,0.927078,1.101995,0.563473,2.474826
202,258,0.764706,0.745098,0.831373,0.755496,0.55,0.636251,2.825196
227,307,1.0,0.894118,1.0,0.924273,0.920169,0.561537,2.465508
186,8,0.752941,0.74902,0.898039,0.760613,0.920939,0.629483,2.792615
192,139,0.796078,0.8,0.972549,0.811624,0.689168,0.60671,2.682978
122,663,0.968627,0.890196,0.886275,0.906587,0.96978,0.559083,2.453694
82,506,0.811765,0.8,0.901961,0.809863,2.4,0.596212,2.632437
163,695,1.0,0.945098,0.901961,0.953656,0.784815,0.533387,2.329985
399,195,0.784314,0.792157,0.945098,0.801532,0.588926,0.5963,2.632863
499,369,0.803922,0.803922,1.0,0.818078,0.55,0.588135,2.593554
434,24,0.72549,0.737255,0.862745,0.743814,0.630218,0.619928,2.746613
186,493,1.0,0.901961,1.0,0.929882,1.408052,0.538296,2.353621
233,354,0.878431,0.784314,0.878431,0.811118,0.55,0.586913,2.587673
369,532,0.988235,0.866667,1.0,0.902139,1.852761,0.54654,2.393306
319,31,0.737255,0.717647,0.796078,0.727479,0.752758,0.618174,2.738168
48,698,0.72549,0.792157,0.882353,0.784496,0.817015,0.591742,2.610922
470,431,0.803922,0.780392,0.968627,0.798985,0.630425,0.584175,2.574493
483,334,0.737255,0.772549,0.941176,0.77722,0.619974,0.592954,2.616757
360,191,0.796078,0.776471,0.92549,0.791398,1.755928,0.586341,2.584919
38,421,0.74902,0.776471,0.941176,0.782526,1.051596,0.589501,2.600132
464,107,0.709804,0.729412,0.858824,0.734587,0.55,0.609406,2.695959
445,121,0.705882,0.741176,0.862745,0.74245,1.274473,0.605796,2.67858
429,241,0.745098,0.764706,0.921569,0.771863,0.669951,0.590513,2.605004
128,542,0.819608,0.776471,0.839216,0.790172,0.55,0.582556,2.566699
225,535,0.894118,0.792157,0.964706,0.826292,0.55,0.559802,2.457154
273,199,0.729412,0.721569,0.866667,0.733712,1.70014,0.599102,2.646351
498,408,0.772549,0.760784,0.937255,0.776027,0.55,0.580956,2.558992
371,634,1.0,0.87451,0.960784,0.907418,0.603629,0.523135,2.280631
235,559,0.921569,0.819608,0.964706,0.851761,1.627053,0.546501,2.393119
393,401,0.776471,0.745098,0.890196,0.762244,1.582555,0.58244,2.566141
388,361,0.756863,0.74902,0.901961,0.761729,0.68279,0.582452,2.566197
121,167,0.694118,0.698039,0.913725,0.712778,0.55,0.595519,2.629103
212,672,1.0,0.870588,0.827451,0.894987,0.563475,0.515744,2.245051
441,583,1.0,0.878431,1.0,0.913054,0.754984,0.507823,2.206916
235,343,0.964706,0.827451,0.909804,0.862577,0.777177,0.529393,2.310757
199,283,0.827451,0.784314,0.909804,0.802545,0.55,0.554773,2.432944
442,320,0.760784,0.764706,0.909804,0.774348,1.720999,0.564824,2.481331
309,264,0.698039,0.709804,0.839216,0.716646,0.629368,0.588985,2.597648
70,110,0.658824,0.67451,0.772549,0.678253,0.55,0.603894,2.669424
411,214,0.745098,0.752941,0.901961,0.762033,0.672048,0.567683,2.495097
407,270,0.784314,0.780392,0.94902,0.793401,2.4,0.552144,2.420286
499,142,0.705882,0.752941,0.886275,0.752563,0.60459,0.568878,2.500846
439,428,0.760784,0.745098,0.913725,0.760608,0.573643,0.565295,2.483598
120,35,0.67451,0.690196,0.788235,0.69394,0.667269,0.593501,2.61939
453,377,0.74902,0.737255,0.905882,0.751931,0.672448,0.568477,2.498919
473,95,0.701961,0.717647,0.831373,0.722523,0.692332,0.5772,2.540912
87,445,0.733333,0.733333,0.835294,0.740695,1.470095,0.566467,2.489242
101,672,0.807843,0.764706,0.792157,0.775859,0.660563,0.550792,2.413779
138,557,0.870588,0.807843,0.878431,0.826279,1.23211,0.528159,2.304817
147,693,0.960784,0.854902,0.788235,0.872599,0.640846,0.50689,2.202425
240,591,0.941176,0.827451,1.0,0.864087,1.878825,0.510521,2.219906
486,381,0.74902,0.74902,0.937255,0.76261,0.677033,0.55018,2.410832
249,343,0.796078,0.72549,0.827451,0.747859,0.55,0.556149,2.439569
336,299,0.698039,0.694118,0.827451,0.704578,0.55,0.574401,2.527435
84,509,0.772549,0.756863,0.862745,0.767842,2.4,0.545557,2.388575
25,100,0.635294,0.65098,0.717647,0.652459,0.55,0.586697,2.586634
380,211,0.733333,0.760784,0.968627,0.769955,0.920527,0.534781,2.336696
288,382,0.756863,0.701961,0.823529,0.72241,0.678842,0.554788,2.433015
305,603,1.0,0.839216,0.87451,0.875947,0.607205,0.485859,2.101175
223,171,0.737255,0.709804,0.847059,0.72555,0.573489,0.549958,2.409762
241,605,0.847059,0.733333,0.870588,0.767421,0.769224,0.531213,2.319519
359,454,0.737255,0.694118,0.827451,0.712915,0.55,0.553764,2.428084
489,13,0.654902,0.678431,0.772549,0.680224,0.55,0.567582,2.494609
260,356,0.772549,0.705882,0.839216,0.729682,0.672965,0.546086,2.391123
385,210,0.713726,0.823529,1.0,0.812926,1.687659,0.507234,2.204079
342,276,0.698039,0.690196,0.835294,0.70234,1.134981,0.55315,2.425129
399,391,0.72549,0.713726,0.85098,0.726137,0.964827,0.542858,2.37558
381,8,0.666667,0.670588,0.752941,0.6757,1.566485,0.563582,2.475354
84,106,0.647059,0.658824,0.819608,0.667931,0.887311,0.565416,2.484183
336,686,1.0,0.909804,1.0,0.935492,1.263809,0.450331,1.930135
490,319,0.705882,0.733333,0.905882,0.739955,1.719165,0.534091,2.333378
211,258,0.721569,0.686275,0.8,0.701989,0.55,0.548583,2.403141
496,131,0.639216,0.682353,0.796078,0.681393,0.55,0.556372,2.440639
451,155,0.647059,0.686275,0.827451,0.68813,0.55,0.549197,2.406098
49,282,0.639216,0.662745,0.756863,0.664538,0.563528,0.558816,2.45241
380,252,0.737255,0.721569,0.862745,0.735096,0.78764,0.528294,2.305467
364,237,0.74902,0.72549,0.870588,0.740969,1.248955,0.525269,2.290906
444,77,0.631373,0.658824,0.788235,0.662331,0.55,0.553875,2.42862
264,138,0.65098,0.65098,0.756863,0.658625,0.721924,0.555358,2.43576
250,297,0.819608,0.717647,0.823529,0.746969,0.711188,0.517017,2.251175
240,684,0.866667,0.768627,0.792157,0.791169,0.94486,0.496274,2.151317
229,607,1.0,0.815686,1.0,0.868179,1.972884,0.462067,1.986638
240,388,0.713726,0.658824,0.756863,0.677574,0.55,0.543116,2.376825
242,307,0.847059,0.745098,0.847059,0.774136,1.360376,0.501677,2.177325
457,82,0.643137,0.67451,0.788235,0.676051,0.55,0.543623,2.379267
184,703,1.0,0.882353,0.764706,0.898871,0.570883,0.445419,1.906491
430,31,0.623529,0.643137,0.72549,0.644915,0.55,0.553932,2.428895
361,707,1.0,0.866667,0.815686,0.891333,0.55,0.44527,1.90577
487,100,0.639216,0.686275,0.803922,0.684764,1.236996,0.532296,2.324736
453,126,0.615686,0.666667,0.792157,0.664889,2.4,0.540638,2.364895
490,305,0.678431,0.690196,0.866667,0.700436,0.55,0.524309,2.286281
279,256,0.666667,0.65098,0.780392,0.663659,0.60525,0.538753,2.355821
429,264,0.678431,0.709804,0.862745,0.714177,0.714605,0.517088,2.25152
135,469,0.705882,0.682353,0.780392,0.694434,0.55,0.525493,2.291981
30,494,0.65098,0.65098,0.741176,0.657493,0.813175,0.54085,2.365914
368,535,0.909804,0.784314,0.964706,0.824017,2.4,0.468932,2.019687
144,413,0.701961,0.690196,0.796078,0.700342,0.605732,0.521362,2.272093
7,326,0.639216,0.658824,0.780392,0.663432,1.565258,0.537132,2.348017
376,415,0.682353,0.658824,0.792157,0.673453,0.55,0.53275,2.326919
33,303,0.619608,0.635294,0.717647,0.637905,0.55,0.547179,2.396382
230,440,0.933333,0.796078,0.917647,0.834036,1.407479,0.462195,1.987253
485,157,0.639216,0.682353,0.866667,0.686489,1.554988,0.524957,2.289402
457,147,0.619608,0.67451,0.815686,0.673031,0.55,0.52955,2.311515
217,327,0.901961,0.811765,0.92549,0.839151,1.715439,0.456147,1.958135
492,210,0.631373,0.67451,0.843137,0.677514,0.586309,0.525169,2.290423
489,367,0.67451,0.678431,0.847059,0.689773,1.788041,0.519871,2.264919
57,701,0.690196,0.682353,0.756863,0.6894,1.324475,0.51927,2.262026
429,403,0.690196,0.666667,0.815686,0.682428,0.55,0.521833,2.274362
217,554,0.843137,0.721569,0.776471,0.751378,0.55,0.490386,2.122968
152,637,1.0,0.890196,0.831373,0.909293,0.922766,0.422379,1.795569
51,374,0.643137,0.654902,0.811765,0.663726,0.8841,0.52568,2.292884
464,288,0.670588,0.686275,0.835294,0.693699,0.676282,0.512228,2.228122
141,14,0.6,0.623529,0.733333,0.626455,0.64702,0.540905,2.366181
240,581,0.811765,0.737255,0.917647,0.76612,0.902487,0.480358,2.074695
272,505,0.74902,0.67451,0.792157,0.698845,0.55,0.508278,2.209105
442,276,0.666667,0.686275,0.862745,0.694847,0.780889,0.508398,2.209684
241,534,0.733333,0.67451,0.796078,0.695793,0.55,0.505492,2.195694
400,592,0.878431,0.768627,0.921569,0.803014,0.55,0.458523,1.969575
15,405,0.611765,0.639216,0.741176,0.640741,0.55,0.525937,2.294119
93,475,0.666667,0.662745,0.780392,0.672073,0.668492,0.511964,2.226851
150,30,0.545098,0.631373,0.788235,0.624356,0.55,0.531832,2.3225
159,624,0.980392,0.839216,0.745098,0.862435,0.753593,0.429178,1.828302
413,97,0.607843,0.639216,0.745098,0.640191,1.558192,0.522545,2.27779
74,512,0.670588,0.67451,0.788235,0.681887,0.862808,0.503249,2.184897
499,16,0.603922,0.658824,0.796078,0.657061,0.55,0.51285,2.231117
385,122,0.643137,0.662745,0.780392,0.667071,1.100402,0.507055,2.203217
434,158,0.627451,0.658824,0.803922,0.66263,0.751937,0.507824,2.20692
234,306,0.823529,0.713726,0.807843,0.743865,2.278101,0.47144,2.031759
489,461,0.709804,0.658824,0.839216,0.682686,0.652358,0.496316,2.151516
328,188,0.658824,0.643137,0.768627,0.655533,0.851731,0.506701,2.201515
247,469,0.792157,0.690196,0.843137,0.722915,0.602286,0.475599,2.051784
175,660,1.0,0.886275,0.74902,0.900543,0.809739,0.399133,1.683661
464,259,0.623529,0.65098,0.815686,0.657036,1.054331,0.501244,2.175242
118,265,0.6,0.623529,0.72549,0.625889,0.673817,0.51452,2.239155
148,290,0.623529,0.623529,0.72549,0.630891,0.559059,0.511231,2.223321
299,687,0.784314,0.686275,0.705882,0.708533,0.55,0.477939,2.063046
244,588,0.803922,0.709804,0.917647,0.74482,2.4,0.46199,1.986266
499,621,0.929412,0.792157,0.917647,0.830398,0.55,0.422911,1.79813
266,38,0.576471,0.572549,0.627451,0.577347,0.55,0.529421,2.310892
288,120,0.588235,0.592157,0.678431,0.597552,0.55,0.519697,2.264078
453,292,0.627451,0.65098,0.807843,0.657304,0.55,0.493658,2.138721
193,484,0.764706,0.686275,0.776471,0.709461,0.688979,0.471229,2.030743
194,521,0.784314,0.678431,0.737255,0.705189,0.731188,0.472296,2.035882
444,69,0.596078,0.619608,0.74902,0.623949,0.669523,0.506526,2.20067
399,77,0.603922,0.619608,0.729412,0.624201,1.220531,0.506017,2.198222
342,207,0.682353,0.658824,0.788235,0.673169,0.610686,0.484782,2.095991
166,84,0.584314,0.6,0.698039,0.603744,0.55,0.512862,2.231177
291,463,0.678431,0.635294,0.760784,0.653525,0.55,0.490645,2.124218
436,560,0.792157,0.686275,0.847059,0.720394,0.623537,0.461764,1.985178
428,127,0.596078,0.619608,0.745098,0.623666,0.55,0.502252,2.180096
111,341,0.607843,0.615686,0.713726,0.621097,0.611406,0.501967,2.178723
356,178,0.67451,0.666667,0.807843,0.678527,0.55,0.477094,2.058979
444,162,0.588235,0.65098,0.823529,0.650099,2.278391,0.489238,2.117442
42,179,0.52549,0.611765,0.694118,0.599369,0.55,0.508764,2.211444
177,194,0.623529,0.627451,0.745098,0.635111,0.55,0.493287,2.136935
319,251,0.592157,0.596078,0.717647,0.604022,0.55,0.505475,2.195613
267,496,0.756863,0.686275,0.835294,0.712041,0.690703,0.457759,1.965895
212,359,0.788235,0.701961,0.784314,0.726249,1.955156,0.451532,1.93592
456,253,0.611765,0.658824,0.819608,0.660427,2.303901,0.47974,2.071717
278,288,0.666667,0.607843,0.713726,0.627994,0.55,0.493177,2.136406
314,26,0.627451,0.607843,0.694118,0.618241,0.85688,0.496238,2.151141
439,352,0.611765,0.631373,0.788235,0.638529,0.55,0.486677,2.105117
223,607,1.0,0.94902,1.0,0.963539,2.257801,0.346907,1.432231
371,376,0.607843,0.607843,0.741176,0.61747,0.55,0.492526,2.133272
341,721,1.0,0.85098,0.780392,0.877566,1.513332,0.379735,1.590273
158,164,0.580392,0.588235,0.670588,0.592514,0.55,0.501611,2.177011
179,125,0.6,0.619608,0.737255,0.623933,0.963999,0.487478,2.108971
238,512,0.941176,0.870588,1.0,0.894939,2.039984,0.371262,1.549483
29,406,0.596078,0.611765,0.717647,0.616075,0.55,0.489274,2.117619
335,12,0.584314,0.580392,0.65098,0.586322,0.55,0.50138,2.1759
166,140,0.572549,0.580392,0.670588,0.585237,0.55,0.501589,2.176905
94,555,0.65098,0.635294,0.705882,0.643726,0.631646,0.476397,2.055623
450,128,0.580392,0.635294,0.772549,0.633532,2.4,0.480125,2.07357
46,154,0.564706,0.572549,0.654902,0.576827,0.55,0.504181,2.189381
142,246,0.592157,0.6,0.698039,0.605411,0.55,0.4914,2.127851
479,264,0.607843,0.635294,0.8,0.64135,1.352246,0.475012,2.048958
370,133,0.647059,0.654902,0.803922,0.663994,0.726896,0.46483,1.999939
267,419,0.717647,0.635294,0.784314,0.663562,2.011639,0.463241,1.992288
319,655,0.878431,0.721569,0.788235,0.759731,1.326826,0.421937,1.793444
233,137,0.639216,0.607843,0.737255,0.623856,0.55,0.479895,2.072462
470,301,0.615686,0.639216,0.811765,0.646671,0.734808,0.469907,2.024378
441,172,0.588235,0.619608,0.776471,0.624264,0.55,0.478572,2.066096
225,604,1.0,0.870588,1.0,0.907445,2.4,0.356116,1.476567
399,272,0.631373,0.643137,0.807843,0.652528,1.710816,0.465275,2.002082
335,336,0.611765,0.584314,0.709804,0.59921,0.55,0.487251,2.107877
360,230,0.623529,0.615686,0.756863,0.627547,0.55,0.473405,2.041222
454,116,0.541176,0.592157,0.717647,0.590379,0.55,0.488594,2.114343
217,438,0.898039,0.752941,0.854902,0.791151,2.126628,0.402096,1.697924
365,364,0.607843,0.607843,0.745098,0.617753,0.739876,0.475272,2.050207
433,82,0.584314,0.603922,0.717647,0.607964,0.725803,0.479333,2.069758
292,288,0.666667,0.603922,0.717647,0.625472,0.55,0.47111,2.030173
386,271,0.647059,0.631373,0.752941,0.643485,0.705866,0.462575,1.98908
342,201,0.678431,0.670588,0.796078,0.681316,1.068246,0.446152,1.910018
138,461,0.67451,0.658824,0.788235,0.671502,0.725723,0.450125,1.929145
320,637,0.862745,0.690196,0.72549,0.729428,0.55,0.423726,1.802053
145,649,0.909804,0.772549,0.756863,0.800597,0.683242,0.392835,1.653336
98,453,0.615686,0.607843,0.701961,0.616306,0.55,0.471389,2.031512
351,191,0.631373,0.619608,0.764706,0.632585,0.55,0.463196,1.992074
447,428,0.639216,0.623529,0.8,0.639606,0.74113,0.45891,1.971437
281,47,0.552941,0.556863,0.631373,0.561409,0.606045,0.492267,2.132026
241,585,0.792157,0.694118,0.956863,0.733931,2.4,0.416502,1.767275
331,666,0.87451,0.717647,0.796078,0.756659,1.150215,0.40659,1.719559
208,585,0.74902,0.635294,0.737255,0.666834,0.846148,0.444805,1.903535
173,683,1.0,0.882353,0.733333,0.896605,0.902657,0.346281,1.429219
422,326,0.623529,0.619608,0.780392,0.63205,0.705444,0.457977,1.966948
387,127,0.588235,0.603922,0.72549,0.609364,1.526417,0.466602,2.00847
148,508,0.682353,0.631373,0.701961,0.647308,0.576412,0.450173,1.929377
60,378,0.572549,0.588235,0.686275,0.591979,0.55,0.472917,2.038872
377,35,0.584314,0.584314,0.682353,0.591392,0.627222,0.471667,2.032856
148,514,0.698039,0.639216,0.721569,0.657667,0.713205,0.443205,1.89583
354,683,0.894118,0.74902,0.756863,0.780434,1.598464,0.390275,1.641013
121,482,0.643137,0.619608,0.713726,0.631405,0.714619,0.451627,1.936377
230,510,0.803922,0.701961,0.905882,0.738361,1.325849,0.404662,1.710277
62,86,0.529412,0.54902,0.631373,0.550797,0.55,0.484523,2.094744
407,286,0.623529,0.643137,0.819608,0.65171,2.379841,0.439816,1.879516
348,328,0.584314,0.580392,0.705882,0.590286,0.644795,0.462696,1.989664
394,149,0.592157,0.607843,0.756863,0.615267,0.55,0.451763,1.937032
286,607,0.933333,0.701961,0.690196,0.750301,0.65013,0.393832,1.658137
226,580,0.717647,0.631373,0.721569,0.656227,1.946058,0.433398,1.848617
280,60,0.545098,0.545098,0.635294,0.55161,0.640375,0.477561,2.061228
479,521,0.721569,0.627451,0.815686,0.661051,0.798633,0.430147,1.832965
108,396,0.584314,0.6,0.717647,0.605159,0.55,0.451601,1.93625
64,373,0.556863,0.568627,0.662745,0.572922,0.55,0.465134,2.0014
312,197,0.564706,0.556863,0.65098,0.565325,0.698066,0.467942,2.014919
155,321,0.596078,0.584314,0.690196,0.59446,0.55,0.454993,1.952579
277,313,0.682353,0.619608,0.72549,0.640592,1.318403,0.434784,1.85529
253,489,0.737255,0.647059,0.862745,0.681807,0.68571,0.416634,1.767911
373,2,0.576471,0.576471,0.666667,0.582983,1.28353,0.458908,1.971429
310,151,0.556863,0.564706,0.654902,0.569551,0.7049,0.46457,1.998688
227,336,0.745098,0.635294,0.721569,0.664867,0.55,0.423279,1.799903
198,72,0.592157,0.611765,0.729412,0.61609,0.984408,0.444069,1.899989
242,517,0.839216,0.745098,0.94902,0.779831,1.851442,0.372192,1.55396
256,298,0.713726,0.611765,0.698039,0.639671,0.55,0.430638,1.83533
320,12,0.556863,0.54902,0.627451,0.55635,1.500453,0.465877,2.004978
407,488,0.662745,0.603922,0.796078,0.630301,0.841069,0.433984,1.851439
414,295,0.607843,0.627451,0.792157,0.635174,2.062859,0.430932,1.836746
191,265,0.72549,0.560784,0.878431,0.618735,0.965183,0.436921,1.865577
33,352,0.521569,0.545098,0.631373,0.546325,0.605921,0.467781,2.014145
114,542,0.647059,0.6,0.678431,0.615667,0.690071,0.437846,1.870032
454,65,0.541176,0.572549,0.682353,0.573807,0.55,0.455319,1.95415
189,550,0.776471,0.658824,0.701961,0.68695,0.712074,0.40578,1.715658
307,158,0.541176,0.54902,0.639216,0.553864,0.693821,0.462338,1.987942
477,186,0.552941,0.588235,0.741176,0.591774,0.70789,0.443892,1.899136
244,322,0.929412,0.756863,0.862745,0.801191,1.458656,0.353581,1.46436
392,230,0.588235,0.603922,0.752941,0.611346,0.749972,0.434604,1.854422
240,30,0.6,0.6,0.713726,0.608211,0.55,0.435451,1.858499
303,81,0.568627,0.552941,0.639216,0.562505,1.841845,0.455011,1.952667
236,516,0.937255,0.827451,1.0,0.863253,1.608765,0.325955,1.331362
258,542,0.678431,0.596078,0.717647,0.622364,0.55,0.428401,1.824563
457,333,0.592157,0.592157,0.729412,0.602067,0.55,0.436374,1.862946
400,479,0.662745,0.603922,0.760784,0.627753,0.861478,0.424951,1.807953
455,319,0.568627,0.588235,0.752941,0.595958,0.635457,0.4374,1.867882
220,535,0.737255,0.615686,0.8,0.654839,0.55,0.411746,1.744378
460,228,0.537255,0.568627,0.713726,0.572434,0.55,0.446541,1.911892
374,346,0.560784,0.556863,0.690196,0.567323,0.55,0.447998,1.918905
415,265,0.596078,0.627451,0.780392,0.631824,1.09934,0.419733,1.782834
445,90,0.529412,0.564706,0.694118,0.566546,0.780181,0.447336,1.915716
468,23,0.501961,0.54902,0.635294,0.545244,0.55,0.455334,1.954223
488,285,0.556863,0.686275,0.94902,0.677732,1.726698,0.398513,1.680675
462,46,0.517647,0.54902,0.658824,0.550278,0.55,0.452982,1.942899
468,123,0.517647,0.552941,0.67451,0.554215,0.869936,0.451279,1.934703
301,126,0.537255,0.545098,0.623529,0.549093,0.798063,0.453471,1.945252
201,348,0.705882,0.627451,0.737255,0.652053,0.668731,0.408959,1.730962
474,220,0.54902,0.572549,0.713726,0.57774,0.55,0.44009,1.880833
324,322,0.54902,0.545098,0.666667,0.554709,0.63735,0.448894,1.923221
320,296,0.556863,0.560784,0.682353,0.568728,0.898934,0.442195,1.89097
238,485,0.639216,0.607843,0.764706,0.625838,0.714517,0.417706,1.773073
99,402,0.564706,0.576471,0.698039,0.582747,0.71205,0.435718,1.859787
176,132,0.54902,0.564706,0.666667,0.568733,0.911337,0.441024,1.885332
403,61,0.541176,0.552941,0.670588,0.558934,0.643821,0.445204,1.905453
273,430,0.709804,0.603922,0.733333,0.635776,1.60769,0.411603,1.743693
96,3,0.498039,0.517647,0.592157,0.518858,0.55,0.46041,1.978661
229,452,0.760784,0.65098,0.768627,0.682819,0.608815,0.389655,1.63803
110,64,0.498039,0.521569,0.607843,0.522795,0.55,0.457885,1.966505
396,372,0.584314,0.580392,0.713726,0.590853,0.92012,0.428098,1.823103
184,95,0.545098,0.545098,0.647059,0.55246,0.55,0.444182,1.900532
471,269,0.556863,0.584314,0.74902,0.590369,0.871972,0.426708,1.816413
343,401,0.592157,0.564706,0.694118,0.579886,2.4,0.429097,1.827912
373,78,0.576471,0.568627,0.709804,0.580488,0.960032,0.428553,1.825292
351,72,0.588235,0.572549,0.701961,0.585227,2.4,0.426516,1.815485
149,644,0.94902,0.780392,0.756863,0.814543,0.688855,0.327818,1.34033
74,243,0.509804,0.529412,0.611765,0.531189,0.555431,0.449202,1.9247
179,648,1.0,0.823529,0.647059,0.848306,0.953578,0.312976,1.268881
281,518,0.690196,0.584314,0.709804,0.615885,2.13407,0.410895,1.740283
341,404,0.592157,0.564706,0.698039,0.580169,2.218017,0.42586,1.812329
204,720,0.835294,0.705882,0.67451,0.73113,0.55,0.361029,1.500217
421,707,0.941176,0.8,0.733333,0.825201,0.597221,0.320287,1.304077
389,31,0.560784,0.572549,0.694118,0.578825,1.280955,0.42575,1.811797
151,478,0.623529,0.588235,0.670588,0.601685,0.55,0.415609,1.762976
21,419,0.52549,0.545098,0.666667,0.549707,0.583307,0.437108,1.866477
208,419,0.678431,0.592157,0.678431,0.616728,0.55,0.408282,1.727705
348,75,0.588235,0.572549,0.705882,0.585511,2.4,0.420445,1.78626
222,539,0.721569,0.623529,0.772549,0.655132,0.833715,0.390159,1.640458
298,360,0.6,0.552941,0.662745,0.570874,0.645285,0.425903,1.812534
347,508,0.686275,0.6,0.74902,0.629101,1.251198,0.400137,1.68849
419,349,0.564706,0.564706,0.705882,0.574899,0.619331,0.422618,1.796721
74,209,0.490196,0.517647,0.580392,0.516341,0.55,0.447375,1.915906
124,454,0.596078,0.580392,0.678431,0.590806,0.55,0.415277,1.76138
187,84,0.521569,0.552941,0.662745,0.554199,0.55,0.430569,1.834996
352,231,0.560784,0.560784,0.698039,0.570694,0.644938,0.42322,1.799618
287,294,0.635294,0.572549,0.682353,0.593816,0.595056,0.413171,1.751238
22,470,0.529412,0.537255,0.635294,0.542666,0.574637,0.434945,1.856064
208,166,0.576471,0.54902,0.682353,0.564482,0.55,0.424099,1.803848
381,383,0.54902,0.541176,0.678431,0.552754,0.55,0.428828,1.826616
298,608,0.815686,0.627451,0.65098,0.669169,0.55,0.378812,1.585829
468,503,0.65098,0.564706,0.745098,0.596072,0.55,0.408505,1.728776
382,592,0.792157,0.65098,0.788235,0.690904,0.557487,0.366885,1.528409
156,438,0.607843,0.568627,0.666667,0.584043,0.55,0.412137,1.746263
194,490,0.717647,0.619608,0.709804,0.646963,0.731221,0.384296,1.61223
426,275,0.556863,0.592157,0.752941,0.596262,1.693653,0.405996,1.716699
72,499,0.556863,0.556863,0.666667,0.564791,0.710122,0.419028,1.779438
248,274,0.580392,0.545098,0.662745,0.561096,0.98516,0.419995,1.784092
197,704,1.0,0.8,0.584314,0.826947,0.55,0.305404,1.232427
163,44,0.490196,0.509804,0.588235,0.511298,0.710727,0.439527,1.878125
179,664,1.0,0.788235,0.615686,0.820798,2.045265,0.306347,1.236968
401,209,0.572549,0.588235,0.737255,0.59566,2.265626,0.40282,1.701408
169,486,0.654902,0.596078,0.670588,0.613964,1.90039,0.394748,1.66255
371,340,0.545098,0.537255,0.67451,0.548832,0.588432,0.422288,1.795134
207,2,0.509804,0.529412,0.654902,0.534304,0.835989,0.428394,1.824528
280,398,0.615686,0.552941,0.666667,0.574492,0.689809,0.410786,1.739757
141,671,0.843137,0.709804,0.670588,0.735319,0.55,0.341191,1.404712
262,41,0.509804,0.509804,0.572549,0.514334,0.720213,0.435307,1.857809
427,349,0.568627,0.576471,0.729412,0.585846,1.232976,0.404573,1.709848
403,287,0.568627,0.588235,0.74902,0.595675,2.212248,0.399902,1.687361
138,478,0.596078,0.564706,0.65098,0.577605,0.643963,0.407277,1.722865
151,371,0.572549,0.552941,0.67451,0.565887,0.702311,0.412185,1.746493
382,0,0.533333,0.537255,0.611765,0.541801,0.64757,0.421735,1.792468
243,493,0.647059,0.576471,0.733333,0.602803,0.715119,0.395245,1.664941
462,449,0.580392,0.552941,0.72549,0.571235,0.55,0.40774,1.725096
291,293,0.623529,0.560784,0.67451,0.582335,0.658696,0.402812,1.701372
494,395,0.556863,0.564706,0.72549,0.574647,0.552609,0.405974,1.716592
203,512,0.678431,0.580392,0.654902,0.606615,0.986546,0.392196,1.650262
71,431,0.533333,0.541176,0.65098,0.547437,1.561881,0.417337,1.771294
472,320,0.545098,0.576471,0.752941,0.582542,0.89589,0.401638,1.695718
103,642,0.631373,0.588235,0.619608,0.599671,0.913985,0.393977,1.658835
246,439,0.643137,0.576471,0.67451,0.597722,0.55,0.394549,1.661589
133,639,0.721569,0.627451,0.615686,0.646611,0.679365,0.373552,1.560504
375,284,0.54902,0.533333,0.670588,0.546578,0.566279,0.41609,1.765293
394,7,0.513726,0.533333,0.658824,0.538225,0.55,0.419538,1.781891
307,87,0.541176,0.517647,0.611765,0.529445,0.725579,0.423241,1.799721
111,680,0.647059,0.596078,0.603922,0.607483,0.55,0.389731,1.638395
350,368,0.556863,0.537255,0.662745,0.550484,0.55,0.413816,1.754347
351,197,0.576471,0.584314,0.803922,0.598502,0.55,0.392834,1.653333
353,457,0.596078,0.541176,0.678431,0.562758,0.581889,0.408106,1.726856
488,64,0.494118,0.521569,0.627451,0.523377,0.561544,0.424911,1.807761
133,603,0.72549,0.65098,0.705882,0.670785,2.4,0.361735,1.503615
90,205,0.498039,0.513726,0.658824,0.520867,1.534859,0.425695,1.811532
395,317,0.572549,0.568627,0.701961,0.579088,0.864735,0.400161,1.688608
101,653,0.623529,0.584314,0.627451,0.595766,0.962217,0.39287,1.653509
420,123,0.501961,0.529412,0.658824,0.532919,0.55,0.418766,1.778177
411,284,0.564706,0.584314,0.74902,0.592037,0.692578,0.393358,1.655855
282,333,0.592157,0.541176,0.670588,0.561358,0.637629,0.405971,1.716578
383,203,0.545098,0.623529,0.831373,0.621861,0.634989,0.379476,1.589025
300,402,0.576471,0.541176,0.647059,0.556325,1.259969,0.407547,1.724164
112,151,0.478431,0.509804,0.592157,0.50908,0.609582,0.427622,1.820813
224,488,0.733333,0.611765,0.741176,0.646954,1.836956,0.368162,1.534555
433,611,0.796078,0.662745,0.784314,0.699869,0.55,0.344225,1.419318
130,605,0.701961,0.623529,0.698039,0.645584,2.316531,0.36643,1.526217
173,672,0.996078,0.780392,0.615686,0.814355,0.666798,0.294066,1.177844
184,694,1.0,0.831373,0.607843,0.851084,0.96439,0.277847,1.09976
200,615,0.886275,0.662745,0.65098,0.709418,2.4,0.338038,1.389533
233,494,0.74902,0.623529,0.776471,0.661251,0.559129,0.35832,1.487175
270,1,0.498039,0.505882,0.588235,0.510161,0.622748,0.423043,1.798769
252,391,0.572549,0.52549,0.67451,0.546254,1.19233,0.407537,1.724117
244,248,0.592157,0.529412,0.627451,0.54983,0.699827,0.404786,1.710874
36,527,0.541176,0.533333,0.611765,0.540664,0.823179,0.407345,1.723195
112,295,0.498039,0.521569,0.619608,0.523645,0.634641,0.41434,1.756866
288,252,0.521569,0.513726,0.631373,0.523887,0.55,0.414006,1.75526
191,713,0.811765,0.65098,0.568627,0.679217,0.55,0.347268,1.433969
172,145,0.501961,0.529412,0.635294,0.53122,0.55,0.410544,1.738592
60,151,0.486275,0.498039,0.564706,0.500351,0.613681,0.423724,1.802046
176,183,0.537255,0.529412,0.65098,0.539856,0.55,0.405657,1.715066
134,558,0.639216,0.584314,0.65098,0.600799,2.264221,0.379208,1.587734
479,171,0.501961,0.54902,0.717647,0.55119,0.705042,0.400257,1.68907
366,163,0.588235,0.592157,0.741176,0.602082,2.319792,0.37843,1.583988
167,168,0.521569,0.52549,0.662745,0.534566,0.894403,0.40686,1.720858
353,628,0.764706,0.6,0.678431,0.640679,0.614547,0.360799,1.49911
161,510,0.615686,0.560784,0.627451,0.57727,0.55,0.38663,1.623466
280,430,0.701961,0.580392,0.733333,0.61728,0.688589,0.368759,1.537432
499,357,0.541176,0.556863,0.741176,0.566835,0.55,0.389909,1.639251
458,274,0.517647,0.556863,0.729412,0.560984,2.324325,0.392313,1.650827
415,576,0.737255,0.615686,0.780392,0.653424,0.795855,0.352024,1.456865
99,500,0.54902,0.541176,0.627451,0.549073,0.705047,0.396689,1.671893
214,327,0.752941,0.670588,0.792157,0.696874,2.20498,0.332734,1.363997
77,434,0.509804,0.52549,0.635294,0.530083,0.713736,0.403891,1.706564
197,342,0.635294,0.576471,0.705882,0.59832,1.388739,0.37409,1.563096
444,374,0.537255,0.545098,0.705882,0.555039,2.049693,0.391738,1.648058
148,235,0.494118,0.486275,0.568627,0.493888,0.55,0.417458,1.771877
369,123,0.541176,0.556863,0.698039,0.563721,0.55,0.386072,1.620779
58,445,0.513726,0.52549,0.623529,0.530068,0.692546,0.399986,1.687763
366,500,0.670588,0.6,0.756863,0.626333,1.120713,0.358391,1.487517
60,497,0.537255,0.521569,0.611765,0.531416,0.644012,0.399034,1.683181
283,231,0.490196,0.490196,0.592157,0.497558,0.55,0.413202,1.751389
252,144,0.509804,0.509804,0.611765,0.517165,0.91942,0.404592,1.709937
182,135,0.509804,0.517647,0.662745,0.526456,0.55,0.400343,1.689482
361,224,0.541176,0.541176,0.682353,0.551369,0.786391,0.388418,1.632076
253,68,0.486275,0.47451,0.54902,0.482391,0.550822,0.417644,1.772773
345,125,0.580392,0.568627,0.713726,0.581605,0.909394,0.374963,1.567301
159,582,0.745098,0.627451,0.627451,0.652463,0.731602,0.344505,1.420669
65,381,0.490196,0.545098,0.662745,0.54192,1.255142,0.391162,1.645285
351,81,0.517647,0.509804,0.615686,0.519116,0.55,0.400343,1.689485
7,397,0.498039,0.505882,0.588235,0.510161,1.060444,0.403527,1.704811
221,22,0.501961,0.521569,0.635294,0.525611,1.855065,0.396279,1.669919
170,602,0.870588,0.701961,0.635294,0.732998,0.702216,0.306563,1.238007
265,472,0.682353,0.580392,0.733333,0.613111,0.55,0.357696,1.484173
225,31,0.517647,0.529412,0.658824,0.536254,0.55,0.390049,1.639926
315,507,0.72549,0.6,0.721569,0.635457,1.480339,0.346472,1.430138
180,661,0.980392,0.756863,0.588235,0.79221,2.4,0.279275,1.106636
339,221,0.533333,0.513726,0.623529,0.525822,0.674045,0.393366,1.655894
97,490,0.556863,0.541176,0.631373,0.551024,0.92284,0.382565,1.603897
164,650,1.0,0.807843,0.666667,0.838503,1.503305,0.259053,1.009281
219,506,0.619608,0.545098,0.65098,0.568584,0.916698,0.374057,1.562938
463,281,0.505882,0.529412,0.698039,0.536584,0.55,0.387471,1.627514
113,451,0.529412,0.529412,0.639216,0.53734,0.619355,0.385579,1.618407
404,162,0.509804,0.537255,0.682353,0.541895,0.55,0.383621,1.60898
203,68,0.517647,0.541176,0.67451,0.545801,1.557147,0.381761,1.600025
77,639,0.564706,0.541176,0.588235,0.549576,0.806849,0.379859,1.590869
421,495,0.596078,0.533333,0.705882,0.559131,0.55,0.374789,1.566462
69,435,0.509804,0.517647,0.631373,0.524191,0.74987,0.389692,1.638209
240,562,0.635294,0.545098,0.690196,0.57475,0.739582,0.367986,1.533712
129,537,0.596078,0.552941,0.619608,0.566926,1.780466,0.369803,1.542457
236,611,0.666667,0.564706,0.666667,0.593744,1.073275,0.358284,1.487004
452,255,0.505882,0.541176,0.705882,0.545565,0.875686,0.377333,1.578708
316,614,0.847059,0.619608,0.635294,0.669096,0.55,0.324041,1.322151
262,80,0.490196,0.486275,0.572549,0.493337,0.60292,0.398867,1.68238
389,76,0.494118,0.537255,0.682353,0.53856,1.838739,0.378799,1.585764
423,634,0.831373,0.678431,0.760784,0.716893,0.844594,0.302229,1.217144
129,196,0.482353,0.490196,0.572549,0.494475,0.846648,0.397341,1.675032
429,567,0.686275,0.576471,0.737255,0.611424,0.671758,0.346974,1.432554
245,326,0.87451,0.698039,0.815686,0.744051,2.186729,0.289226,1.154542
414,151,0.494118,0.52549,0.670588,0.529297,0.64375,0.379201,1.5877
373,110,0.513726,0.513726,0.643137,0.523069,0.55,0.381423,1.598399
246,118,0.498039,0.478431,0.556863,0.488263,0.645531,0.394237,1.660086
200,462,0.737255,0.611765,0.694118,0.64439,2.4,0.326815,1.335506
373,625,0.819608,0.643137,0.721569,0.686318,1.991343,0.308395,1.246824
348,360,0.52549,0.501961,0.635294,0.51659,0.55,0.3809,1.595883
441,639,0.831373,0.666667,0.752941,0.707912,0.55,0.298838,1.200819
488,692,0.956863,0.792157,0.74902,0.824059,1.76428,0.248831,0.960073
437,297,0.513726,0.533333,0.705882,0.541623,0.68939,0.369715,1.542036
266,25,0.45098,0.458824,0.513726,0.46112,0.664329,0.404025,1.707211
291,88,0.466667,0.462745,0.52549,0.468109,0.55,0.40087,1.692022
222,353,0.647059,0.54902,0.623529,0.575242,0.55,0.354894,1.470682
427,67,0.466667,0.486275,0.572549,0.488335,0.55,0.390891,1.643981
380,227,0.517647,0.517647,0.662745,0.528123,0.551257,0.373773,1.561571
85,619,0.541176,0.517647,0.564706,0.526047,0.55,0.37453,1.565215
411,6,0.466667,0.486275,0.572549,0.488335,2.298194,0.390562,1.642397
187,126,0.470588,0.494118,0.6,0.49676,0.55,0.386609,1.623367
474,48,0.458824,0.482353,0.572549,0.483863,0.651486,0.391865,1.648668
4,437,0.470588,0.478431,0.564706,0.482993,0.55,0.392181,1.650189
213,423,0.678431,0.564706,0.666667,0.596245,1.002494,0.343349,1.4151
201,557,0.709804,0.572549,0.592157,0.603145,0.587323,0.33973,1.397681
423,1,0.494118,0.509804,0.647059,0.516379,0.880963,0.376456,1.574487
417,315,0.517647,0.52549,0.67451,0.534582,0.876491,0.368393,1.535668
247,331,0.796078,0.654902,0.760784,0.692561,2.193432,0.300578,1.209194
166,637,1.0,0.8,0.666667,0.832893,0.805116,0.240407,0.919517
433,576,0.709804,0.596078,0.768627,0.632715,1.253974,0.326002,1.331589
419,570,0.690196,0.572549,0.737255,0.609453,0.794049,0.335362,1.376651
195,659,1.0,0.858824,0.584314,0.869018,1.39328,0.224061,0.840823
322,113,0.513726,0.490196,0.596078,0.502843,0.674357,0.380629,1.594575
339,116,0.545098,0.52549,0.639216,0.53787,1.652676,0.364434,1.516608
383,379,0.509804,0.509804,0.643137,0.519431,1.532404,0.37219,1.553949
445,168,0.482353,0.52549,0.698039,0.528777,1.710957,0.367459,1.531171
281,479,0.643137,0.537255,0.658824,0.568543,1.054419,0.350133,1.447762
208,482,0.654902,0.556863,0.635294,0.583369,0.671576,0.343564,1.416138
446,464,0.54902,0.513726,0.698039,0.534536,0.723225,0.363625,1.512715
144,400,0.498039,0.482353,0.572549,0.4922,0.55,0.380918,1.595969
448,505,0.592157,0.517647,0.698039,0.546512,0.636451,0.357207,1.481818
290,515,0.698039,0.54902,0.643137,0.587497,0.714213,0.339556,1.396841
393,143,0.458824,0.521569,0.709804,0.52182,2.4,0.367621,1.531954
127,484,0.533333,0.501961,0.596078,0.515426,0.55,0.369956,1.543195
47,274,0.447059,0.466667,0.54902,0.468444,1.595533,0.389765,1.638559
334,226,0.517647,0.498039,0.607843,0.510136,1.375898,0.371673,1.55146
376,297,0.529412,0.513726,0.643137,0.526404,0.55,0.364513,1.516991
354,223,0.498039,0.494118,0.627451,0.504578,2.4,0.37374,1.561413
288,325,0.541176,0.494118,0.611765,0.512617,0.566175,0.370108,1.543927
32,388,0.458824,0.466667,0.556863,0.471511,0.577028,0.38766,1.628423
345,299,0.486275,0.482353,0.615686,0.492813,2.205351,0.378411,1.583896
18,516,0.466667,0.478431,0.552941,0.48131,0.766259,0.383279,1.607334
191,616,0.882353,0.67451,0.603922,0.713601,1.170064,0.283687,1.127874
286,31,0.439216,0.447059,0.494118,0.448789,0.55,0.397086,1.673804
458,206,0.505882,0.521569,0.698039,0.530975,2.4,0.361331,1.501671
373,619,0.792157,0.623529,0.690196,0.664193,0.721258,0.303636,1.223914
90,305,0.462745,0.470588,0.560784,0.475433,0.629128,0.383433,1.608075
135,456,0.545098,0.541176,0.658824,0.550504,0.55,0.350895,1.451431
235,95,0.533333,0.513726,0.627451,0.526105,1.284764,0.360623,1.498261
351,206,0.521569,0.545098,0.737255,0.553969,2.4,0.348674,1.44074
473,399,0.529412,0.52549,0.682353,0.537649,0.947691,0.355658,1.474359
393,76,0.482353,0.529412,0.678431,0.530166,0.970437,0.358855,1.489749
114,72,0.439216,0.458824,0.533333,0.460035,0.55,0.388872,1.63426
193,183,0.537255,0.521569,0.65098,0.534247,0.765188,0.356367,1.477772
492,290,0.478431,0.52549,0.741176,0.531058,1.408356,0.357553,1.483482
443,516,0.611765,0.52549,0.705882,0.556857,0.55,0.346266,1.429146
241,209,0.505882,0.47451,0.564706,0.487692,0.568721,0.375659,1.570648
173,498,0.603922,0.529412,0.596078,0.550066,0.55,0.348851,1.441589
416,31,0.466667,0.482353,0.596078,0.487229,0.883116,0.375055,1.56774
355,680,0.784314,0.635294,0.647059,0.667825,2.4,0.297461,1.194187
130,601,0.65098,0.576471,0.643137,0.597125,2.4,0.327021,1.336498
158,605,0.72549,0.596078,0.568627,0.621609,1.106212,0.316048,1.28367
158,683,0.792157,0.647059,0.537255,0.669979,0.703094,0.295161,1.183114
367,319,0.47451,0.470588,0.592157,0.480199,0.55,0.376134,1.572935
377,193,0.517647,0.513726,0.666667,0.525602,0.55,0.356496,1.478397
492,309,0.470588,0.501961,0.682353,0.508315,0.55,0.363501,1.512118
304,112,0.45098,0.447059,0.505882,0.45214,0.55,0.387425,1.627295
438,362,0.486275,0.509804,0.666667,0.516127,0.55,0.359982,1.495177
450,112,0.435294,0.47451,0.603922,0.475516,0.55,0.377223,1.578179
156,629,0.823529,0.67451,0.592157,0.700245,0.762638,0.280812,1.114034
227,414,0.717647,0.568627,0.631373,0.604839,0.55,0.321576,1.310282
203,618,0.85098,0.635294,0.627451,0.680583,2.4,0.289095,1.153912
199,175,0.498039,0.482353,0.576471,0.492483,0.806307,0.369167,1.539394
457,175,0.466667,0.486275,0.631373,0.492582,0.665183,0.368363,1.535525
156,636,0.92549,0.745098,0.647059,0.776371,1.618524,0.246343,0.948095
456,435,0.537255,0.509804,0.67451,0.527532,0.709771,0.352835,1.460769
200,680,1.0,0.870588,0.584314,0.877432,2.188067,0.202604,0.737527
358,92,0.494118,0.490196,0.615686,0.50009,0.55,0.363244,1.510883
404,255,0.501961,0.521569,0.67451,0.528442,1.520134,0.351046,1.452158
315,691,0.760784,0.603922,0.580392,0.635572,0.610367,0.305097,1.230951
418,43,0.462745,0.486275,0.588235,0.488634,1.98024,0.367267,1.530247
389,515,0.635294,0.541176,0.705882,0.573078,0.771459,0.330431,1.352914
254,314,0.721569,0.603922,0.682353,0.634596,0.576745,0.303968,1.225515
439,62,0.454902,0.47451,0.6,0.479402,0.55,0.370341,1.54505
154,493,0.552941,0.509804,0.580392,0.524071,0.697681,0.350564,1.449837
193,96,0.47451,0.47451,0.580392,0.482154,0.55,0.368442,1.535905
493,247,0.447059,0.501961,0.678431,0.50303,0.700051,0.358778,1.489381
393,709,0.898039,0.768627,0.639216,0.786797,1.323029,0.236771,0.902013
334,135,0.505882,0.490196,0.596078,0.501176,0.714563,0.359033,1.490609
215,477,0.623529,0.541176,0.631373,0.565197,0.888392,0.331518,1.358143
223,400,0.545098,0.466667,0.560784,0.490136,0.696462,0.363566,1.512432
471,228,0.478431,0.498039,0.647059,0.50463,0.737346,0.357068,1.481147
357,193,0.529412,0.513726,0.65098,0.52697,2.4,0.347449,1.434843
424,88,0.454902,0.470588,0.576471,0.474898,0.883563,0.36934,1.540229
364,197,0.517647,0.498039,0.627451,0.511551,1.211895,0.353355,1.463275
393,398,0.533333,0.501961,0.647059,0.519107,2.323833,0.349826,1.446283
414,258,0.494118,0.513726,0.67451,0.521165,0.557331,0.348935,1.441995
357,327,0.47451,0.470588,0.596078,0.480482,0.594037,0.366217,1.525193
269,558,0.631373,0.501961,0.596078,0.536269,0.707709,0.342197,1.409555
255,187,0.505882,0.482353,0.584314,0.494717,0.863279,0.359925,1.494902
24,611,0.478431,0.470588,0.521569,0.475936,0.887572,0.367973,1.533646
220,229,0.517647,0.482353,0.596078,0.498067,0.55,0.35832,1.487177
101,505,0.52549,0.509804,0.611765,0.5205,0.917788,0.348356,1.439206
465,509,0.580392,0.494118,0.67451,0.525484,0.55,0.345604,1.42596
141,581,0.643137,0.560784,0.619608,0.58254,2.4,0.320999,1.307503
184,459,0.607843,0.541176,0.615686,0.560729,1.879761,0.330201,1.351804
11,91,0.423529,0.435294,0.509804,0.438173,0.659665,0.382658,1.604343
148,626,0.72549,0.6,0.572549,0.624697,0.949526,0.302694,1.219378
171,652,0.929412,0.733333,0.592157,0.764827,1.829978,0.242434,0.929276
214,208,0.529412,0.494118,0.611765,0.510115,0.73722,0.351444,1.454073
326,276,0.466667,0.470588,0.596078,0.478815,0.831244,0.364131,1.515153
249,461,0.6,0.517647,0.639216,0.543933,1.537679,0.336134,1.380365
384,196,0.482353,0.509804,0.678431,0.516143,0.55,0.347897,1.436999
258,197,0.443137,0.447059,0.533333,0.452454,0.55,0.37489,1.566947
417,271,0.498039,0.517647,0.67451,0.524804,0.585502,0.343251,1.414631
151,108,0.435294,0.45098,0.556863,0.45529,0.64633,0.3728,1.556886
272,602,0.74902,0.552941,0.584314,0.596893,0.645378,0.312088,1.264603
431,661,0.835294,0.666667,0.729412,0.707047,0.55,0.264382,1.034938
306,29,0.498039,0.466667,0.627451,0.484945,0.94563,0.359418,1.492461
382,82,0.466667,0.470588,0.588235,0.478249,0.585392,0.362269,1.506187
479,556,0.639216,0.537255,0.721569,0.572239,0.555221,0.321826,1.311484
55,234,0.423529,0.45098,0.52549,0.450524,0.55,0.373672,1.561084
170,664,0.917647,0.709804,0.552941,0.742666,0.556723,0.247884,0.955514
144,457,0.533333,0.517647,0.623529,0.528627,1.199206,0.339597,1.397039
363,73,0.462745,0.470588,0.568627,0.475999,0.673496,0.362,1.504894
435,376,0.486275,0.490196,0.643137,0.500405,0.714372,0.351472,1.454206
472,281,0.478431,0.505882,0.65098,0.510522,0.801246,0.346926,1.432321
53,568,0.490196,0.470588,0.54902,0.48042,0.880834,0.359248,1.491646
418,46,0.45098,0.470588,0.588235,0.474914,2.235529,0.36135,1.501765
243,316,0.803922,0.639216,0.745098,0.681877,1.386131,0.27262,1.074597
136,424,0.52549,0.509804,0.607843,0.520217,2.4,0.3419,1.408125
234,507,0.792157,0.658824,0.937255,0.707273,2.4,0.261366,1.020417
411,426,0.517647,0.490196,0.654902,0.507924,0.836736,0.346728,1.431368
203,433,0.635294,0.545098,0.623529,0.569937,0.769234,0.319932,1.302369
436,224,0.478431,0.490196,0.627451,0.497605,0.612031,0.350858,1.45125
252,691,0.662745,0.552941,0.580392,0.578268,0.706881,0.31603,1.28358
361,207,0.498039,0.498039,0.627451,0.507383,1.268559,0.346397,1.429775
212,292,0.611765,0.54902,0.666667,0.570853,1.108949,0.318478,1.295366
161,7,0.419608,0.447059,0.517647,0.446319,1.164639,0.371811,1.552126
193,420,0.568627,0.509804,0.592157,0.528256,1.107602,0.336472,1.381995
479,34,0.427451,0.45098,0.54902,0.453056,0.55,0.368586,1.536598
230,500,0.886275,0.682353,0.913725,0.742412,2.22423,0.244171,0.937637
438,520,0.596078,0.509804,0.690196,0.54117,0.913709,0.3301,1.351317
211,623,0.701961,0.537255,0.584314,0.575669,0.55,0.314765,1.277493
217,225,0.513726,0.478431,0.596078,0.494429,2.4,0.348815,1.441417
499,64,0.407843,0.478431,0.588235,0.471352,0.55,0.358465,1.487876
430,11,0.411765,0.454902,0.556863,0.453093,0.634458,0.365452,1.521513
246,669,0.627451,0.537255,0.576471,0.559262,0.827318,0.319428,1.29994
272,96,0.435294,0.435294,0.505882,0.440391,0.55,0.370293,1.544817
319,77,0.478431,0.454902,0.556863,0.467266,0.607855,0.358757,1.489282
434,302,0.470588,0.501961,0.658824,0.506616,0.617249,0.341635,1.40685
320,327,0.458824,0.443137,0.564706,0.455249,0.55,0.363294,1.511123
254,589,0.584314,0.501961,0.627451,0.528529,1.821005,0.331214,1.356679
265,703,0.686275,0.556863,0.529412,0.582394,0.744116,0.307985,1.24485
159,121,0.435294,0.443137,0.52549,0.447416,0.55,0.365386,1.521192
328,47,0.47451,0.458824,0.545098,0.468387,0.694169,0.356278,1.477345
272,481,0.627451,0.541176,0.686275,0.569995,1.651034,0.31254,1.26678
1,359,0.458824,0.482353,0.545098,0.481881,0.903398,0.350093,1.447568
292,336,0.52549,0.466667,0.580392,0.487384,1.956556,0.347701,1.436053
380,420,0.501961,0.478431,0.611765,0.49306,0.57675,0.345142,1.423736
67,84,0.407843,0.431373,0.521569,0.432882,0.55,0.370625,1.546415
125,398,0.478431,0.466667,0.568627,0.476529,0.55,0.351522,1.45445
143,425,0.498039,0.482353,0.572549,0.4922,0.55,0.344129,1.418857
420,97,0.439216,0.45098,0.556863,0.456124,0.753007,0.359577,1.493228
348,209,0.517647,0.513726,0.67451,0.526168,2.4,0.329424,1.348066
50,534,0.470588,0.458824,0.541176,0.467271,0.6299,0.354188,1.467284
173,196,0.466667,0.462745,0.588235,0.472639,2.132362,0.351862,1.456088
373,198,0.490196,0.501961,0.658824,0.510785,1.044974,0.334638,1.373165
233,570,0.584314,0.501961,0.631373,0.528813,2.126083,0.32641,1.333552
191,278,0.54902,0.505882,0.623529,0.523547,0.55,0.328213,1.342232
175,689,0.980392,0.756863,0.545098,0.789096,1.754725,0.214344,0.794042
274,56,0.415686,0.423529,0.482353,0.426109,0.595883,0.369845,1.54266
495,149,0.431373,0.462745,0.580392,0.464569,0.589625,0.353056,1.461835
400,92,0.423529,0.435294,0.52549,0.439305,2.4,0.363817,1.513638
49,496,0.462745,0.447059,0.541176,0.457189,0.55,0.355742,1.474766
289,335,0.521569,0.462745,0.576471,0.483462,2.4,0.344143,1.418925
488,701,0.909804,0.752941,0.654902,0.779212,0.55,0.216957,0.806625
77,36,0.407843,0.419608,0.486275,0.42192,0.55151,0.369986,1.54334
231,1,0.462745,0.498039,0.658824,0.502144,2.257575,0.335481,1.377225
193,8,0.423529,0.431373,0.513726,0.435651,1.27309,0.36396,1.514327
246,628,0.643137,0.537255,0.607843,0.564862,0.740383,0.308407,1.246885
240,506,0.647059,0.552941,0.737255,0.586258,0.55,0.298932,1.201269
147,477,0.529412,0.498039,0.588235,0.511221,1.757136,0.330765,1.354519
16,363,0.411765,0.431373,0.517647,0.433433,0.55,0.363798,1.513548
396,517,0.576471,0.501961,0.658824,0.529127,1.311328,0.322184,1.31321
394,556,0.639216,0.537255,0.67451,0.568842,0.726158,0.304668,1.228881
354,526,0.654902,0.545098,0.694118,0.579202,0.55,0.299928,1.206061
347,336,0.470588,0.458824,0.588235,0.470668,2.144625,0.346388,1.429735
463,361,0.478431,0.494118,0.670588,0.503524,0.747762,0.332211,1.361482
393,274,0.501961,0.490196,0.627451,0.502607,0.929158,0.33216,1.361238
407,600,0.733333,0.611765,0.737255,0.646671,1.350616,0.270364,1.063735
43,355,0.435294,0.458824,0.552941,0.460616,0.924192,0.349637,1.445375
159,661,0.87451,0.698039,0.611765,0.729328,0.882405,0.234113,0.889216
192,689,1.0,0.752941,0.490196,0.786496,2.156586,0.209194,0.76925
432,391,0.47451,0.470588,0.623529,0.482464,0.55,0.339308,1.395647
281,312,0.54902,0.490196,0.603922,0.510913,1.670723,0.326633,1.334629
406,369,0.470588,0.470588,0.611765,0.480781,1.349038,0.339388,1.396034
418,240,0.462745,0.490196,0.643137,0.495402,0.55,0.332508,1.362912
222,25,0.447059,0.466667,0.596078,0.471842,2.4,0.342397,1.410519
152,652,0.854902,0.686275,0.623529,0.717595,1.859507,0.236956,0.902901
391,411,0.490196,0.470588,0.603922,0.484384,0.55,0.336509,1.382175
16,704,0.431373,0.439216,0.470588,0.439813,0.55,0.355191,1.472112
212,362,0.65098,0.564706,0.647059,0.588994,2.4,0.291113,1.163627
491,54,0.415686,0.439216,0.541176,0.441575,0.664089,0.354242,1.467545
105,454,0.47451,0.466667,0.560784,0.475129,0.55,0.338654,1.392498
99,249,0.419608,0.435294,0.513726,0.437622,0.782743,0.354581,1.469173
403,89,0.419608,0.427451,0.513726,0.432013,2.4,0.356959,1.480625
70,661,0.505882,0.47451,0.52549,0.48486,0.55,0.33378,1.369035
286,629,0.831373,0.596078,0.533333,0.641572,0.55,0.265812,1.04182
60,336,0.419608,0.439216,0.52549,0.441276,0.574792,0.351504,1.45436
249,195,0.454902,0.447059,0.552941,0.456371,1.301295,0.345019,1.42314
110,319,0.423529,0.439216,0.541176,0.443242,0.62658,0.350458,1.449324
439,307,0.458824,0.478431,0.635294,0.485588,0.778329,0.331421,1.357677
135,499,0.509804,0.47451,0.552941,0.487676,0.55,0.330275,1.35216
211,496,0.603922,0.505882,0.588235,0.532671,0.678748,0.31008,1.25494
351,126,0.521569,0.513726,0.65098,0.525303,0.751496,0.312746,1.267771
351,119,0.517647,0.509804,0.647059,0.521381,0.918695,0.314293,1.275221
414,56,0.403922,0.431373,0.505882,0.430916,1.215079,0.353025,1.461684
463,397,0.478431,0.478431,0.643137,0.490323,0.55,0.326497,1.333972
160,632,0.870588,0.694118,0.576471,0.723141,2.4,0.225924,0.849793
216,221,0.501961,0.466667,0.588235,0.482947,1.762038,0.328561,1.343908
46,348,0.419608,0.439216,0.529412,0.441559,0.736704,0.346291,1.429265
391,303,0.478431,0.47451,0.607843,0.48497,2.314253,0.32706,1.336681
383,185,0.486275,0.494118,0.643137,0.503209,1.296711,0.319078,1.298255
250,279,0.470588,0.435294,0.541176,0.450442,0.602048,0.340058,1.399259
56,342,0.423529,0.443137,0.517647,0.444348,0.9381,0.342285,1.409981
220,465,0.596078,0.501961,0.619608,0.530464,0.55,0.305376,1.232293
351,143,0.490196,0.470588,0.596078,0.483817,0.55,0.325292,1.328171
128,28,0.403922,0.407843,0.47451,0.411823,0.818287,0.355894,1.475497
490,537,0.607843,0.498039,0.686275,0.534974,0.695542,0.302821,1.219994
242,310,0.67451,0.552941,0.654902,0.586148,2.4,0.280865,1.114292
341,666,0.74902,0.580392,0.603922,0.617941,0.662524,0.266934,1.047223
445,567,0.619608,0.505882,0.678431,0.542518,0.55,0.299162,1.202378
233,501,0.854902,0.666667,0.929412,0.725656,2.237909,0.220511,0.823735
221,125,0.423529,0.415686,0.498039,0.4233,0.55,0.350079,1.4475
470,293,0.458824,0.470588,0.65098,0.481111,0.55063,0.325241,1.327926
445,238,0.443137,0.462745,0.611765,0.469336,0.55,0.330287,1.352219
294,92,0.419608,0.415686,0.478431,0.42105,0.55,0.35019,1.448035
385,8,0.431373,0.427451,0.556863,0.437628,0.710412,0.342977,1.41331
449,657,0.796078,0.635294,0.690196,0.673441,0.645151,0.241603,0.925276
311,297,0.423529,0.423529,0.533333,0.431457,0.551099,0.344993,1.423015
370,165,0.490196,0.498039,0.643137,0.506848,0.638637,0.31195,1.263942
486,128,0.415686,0.458824,0.596078,0.459562,0.801094,0.332143,1.361152
300,585,0.729412,0.533333,0.6,0.579833,0.751188,0.280596,1.112994
448,17,0.403922,0.435294,0.52549,0.435136,1.211754,0.34244,1.410725
209,287,0.529412,0.478431,0.588235,0.497198,0.93301,0.315527,1.281159
462,546,0.580392,0.490196,0.654902,0.521264,0.634343,0.304413,1.227656
328,158,0.419608,0.423529,0.505882,0.428642,0.673279,0.344057,1.418512
32,467,0.435294,0.439216,0.52549,0.444611,0.897771,0.337091,1.384976
355,86,0.45098,0.447059,0.564706,0.456387,0.61368,0.331414,1.357646
192,132,0.423529,0.462745,0.580392,0.462902,0.945953,0.327862,1.340544
175,416,0.509804,0.466667,0.560784,0.482633,0.55,0.319398,1.299795
184,559,0.686275,0.556863,0.568627,0.585225,0.662261,0.27474,1.084803
224,223,0.541176,0.490196,0.631373,0.511227,0.637598,0.306251,1.236505
39,239,0.4,0.423529,0.513726,0.425039,0.836768,0.343036,1.413593
327,711,0.745098,0.615686,0.560784,0.639235,2.4,0.25096,0.970321
203,643,0.811765,0.619608,0.52549,0.653665,2.382383,0.244733,0.940341
305,377,0.45098,0.427451,0.545098,0.440947,0.611512,0.33589,1.379193
262,335,0.47451,0.423529,0.529412,0.442013,0.648158,0.335145,1.375604
259,177,0.478431,0.45098,0.552941,0.464178,0.623268,0.325564,1.329481
354,157,0.47451,0.462745,0.580392,0.47374,0.55,0.321302,1.308965
266,627,0.694118,0.505882,0.529412,0.5476,0.659121,0.289381,1.15529
58,573,0.462745,0.443137,0.529412,0.453535,0.55,0.329244,1.3472
329,42,0.454902,0.439216,0.529412,0.449063,0.648939,0.330883,1.35509
482,452,0.513726,0.470588,0.639216,0.491934,0.96768,0.312205,1.265166
226,520,0.533333,0.462745,0.607843,0.488228,2.4,0.313604,1.271902
203,231,0.462745,0.431373,0.52549,0.444838,0.605373,0.332069,1.360797
0,319,0.407843,0.435294,0.541176,0.437103,0.591274,0.335326,1.376476
376,625,0.764706,0.596078,0.666667,0.637025,2.267178,0.248879,0.960304
284,192,0.411765,0.423529,0.521569,0.428107,1.326398,0.338081,1.389741
257,468,0.596078,0.505882,0.654902,0.535817,0.674397,0.291813,1.166999
265,465,0.560784,0.494118,0.627451,0.517918,2.173297,0.299455,1.203789
406,675,0.780392,0.607843,0.643137,0.647075,0.55,0.242948,0.931751
104,444,0.466667,0.458824,0.552941,0.467286,0.786994,0.319803,1.301748
369,84,0.462745,0.466667,0.584314,0.474327,1.026054,0.316491,1.285801
66,591,0.458824,0.454902,0.517647,0.460266,0.733529,0.322487,1.314668
432,41,0.392157,0.419608,0.521569,0.421133,0.55,0.338837,1.39338
274,539,0.529412,0.447059,0.560784,0.472778,0.55,0.316644,1.286539
433,283,0.439216,0.486275,0.65098,0.488162,1.717272,0.309636,1.252802
253,183,0.505882,0.470588,0.580392,0.48602,0.985455,0.310293,1.255962
349,333,0.435294,0.431373,0.556863,0.441267,2.4,0.329375,1.34783
351,226,0.439216,0.443137,0.580392,0.452213,2.4,0.324334,1.323561
449,305,0.435294,0.470588,0.623529,0.474127,1.270913,0.314659,1.276983
184,350,0.537255,0.490196,0.607843,0.508695,0.55,0.299807,1.205479
386,352,0.447059,0.439216,0.580392,0.451076,0.806784,0.324371,1.323739
368,415,0.45098,0.431373,0.560784,0.444885,0.55,0.326967,1.336237
431,375,0.458824,0.454902,0.611765,0.467061,0.55,0.317417,1.290259
131,466,0.494118,0.482353,0.6,0.493348,2.375466,0.306033,1.235456
410,9,0.407843,0.427451,0.513726,0.429511,2.4,0.333265,1.366556
361,123,0.466667,0.478431,0.615686,0.48584,0.756217,0.308858,1.249053
285,411,0.501961,0.45098,0.560784,0.469747,0.71355,0.315527,1.281162
246,334,0.678431,0.54902,0.654902,0.584177,2.363459,0.265548,1.040551
445,377,0.458824,0.458824,0.615686,0.470149,2.261365,0.314228,1.274905
246,512,0.666667,0.564706,0.764706,0.600823,1.935135,0.257881,1.003641
397,431,0.478431,0.454902,0.6,0.47038,0.55,0.313733,1.272522
195,208,0.435294,0.427451,0.513726,0.435347,0.55,0.328632,1.344249
356,573,0.729412,0.576471,0.690196,0.617197,2.235369,0.250682,0.968983
273,607,0.717647,0.505882,0.537255,0.553169,0.55,0.27794,1.100208
237,308,0.639216,0.521569,0.623529,0.553942,2.4,0.277057,1.09596
150,170,0.396078,0.415686,0.513726,0.418596,0.55,0.334044,1.370306
464,554,0.592157,0.486275,0.654902,0.52096,0.55,0.290023,1.15838
51,318,0.403922,0.423529,0.509804,0.42559,0.684351,0.330601,1.353728
277,139,0.4,0.407843,0.490196,0.412122,0.671546,0.33629,1.381117
229,321,0.721569,0.584314,0.694118,0.621422,0.853757,0.246482,0.948765
380,127,0.45098,0.458824,0.603922,0.467632,0.55,0.312389,1.266052
493,7,0.380392,0.403922,0.498039,0.405715,0.55,0.338835,1.393371
190,491,0.623529,0.533333,0.635294,0.559871,2.4,0.272191,1.072533
452,675,0.819608,0.643137,0.662745,0.682071,0.777975,0.219809,0.820355
255,7,0.403922,0.4,0.470588,0.40593,0.55,0.337661,1.387718
386,611,0.682353,0.529412,0.643137,0.570138,0.55,0.266916,1.047138
293,279,0.470588,0.423529,0.537255,0.441745,0.55,0.321629,1.310536
237,333,0.760784,0.588235,0.690196,0.632281,2.186574,0.239814,0.91666
183,101,0.415686,0.427451,0.52549,0.432028,0.660109,0.324927,1.326413
371,69,0.407843,0.419608,0.521569,0.424468,0.55,0.327931,1.340875
192,706,0.792157,0.6,0.47451,0.631792,0.949712,0.238727,0.91143
472,623,0.741176,0.572549,0.690196,0.616893,0.670648,0.245052,0.941881
335,357,0.482353,0.447059,0.568627,0.46334,1.085034,0.310751,1.25817
363,21,0.431373,0.423529,0.517647,0.431992,0.747087,0.323848,1.321218
220,298,0.580392,0.509804,0.603922,0.531606,0.55,0.281123,1.115534
157,287,0.427451,0.427451,0.537255,0.435379,0.55,0.322337,1.313946
377,98,0.431373,0.435294,0.556863,0.443238,1.576182,0.318479,1.295374
26,423,0.403922,0.415686,0.509804,0.41998,0.55,0.32813,1.341834
334,670,0.729412,0.556863,0.607843,0.597228,2.4,0.252034,0.975491
293,545,0.6,0.494118,0.639216,0.527104,0.55,0.281996,1.119735
232,555,0.623529,0.52549,0.643137,0.554828,2.4,0.269746,1.060762
221,686,0.792157,0.631373,0.580392,0.661875,0.968175,0.223603,0.83862
103,116,0.384314,0.392157,0.47451,0.396435,0.646766,0.337288,1.385924
230,329,0.662745,0.541176,0.635294,0.573817,0.564608,0.260963,1.018479
200,642,0.909804,0.682353,0.529412,0.719667,2.4,0.198266,0.716641
481,280,0.411765,0.466667,0.611765,0.465471,0.55,0.306731,1.238815
346,20,0.431373,0.427451,0.517647,0.434797,1.627315,0.319182,1.298756
370,224,0.454902,0.439216,0.576471,0.45246,1.254517,0.311337,1.260987
355,34,0.427451,0.419608,0.505882,0.427504,0.622955,0.32192,1.311937
154,674,0.772549,0.615686,0.541176,0.643656,1.807824,0.229177,0.865451
194,323,0.54902,0.501961,0.619608,0.52046,0.55,0.281771,1.118653
231,284,0.552941,0.47451,0.580392,0.498829,1.878598,0.290954,1.162861
408,667,0.776471,0.611765,0.65098,0.649613,2.101416,0.22625,0.851362
197,445,0.529412,0.454902,0.529412,0.476122,0.55,0.300445,1.208553
451,281,0.415686,0.45098,0.615686,0.455369,0.55,0.309259,1.250983
179,480,0.529412,0.466667,0.529412,0.484536,0.678823,0.296582,1.189954
28,354,0.388235,0.407843,0.486275,0.409337,0.690503,0.328658,1.344376
340,81,0.447059,0.431373,0.529412,0.441786,1.002366,0.314388,1.275679
161,501,0.533333,0.482353,0.552941,0.498288,0.957497,0.29002,1.158366
174,199,0.427451,0.427451,0.533333,0.435096,2.348153,0.317048,1.288481
212,365,0.611765,0.52549,0.607843,0.549778,2.4,0.267871,1.051733
239,336,0.733333,0.564706,0.65098,0.606785,2.4,0.243405,0.933948
165,551,0.592157,0.498039,0.537255,0.52088,0.704102,0.27985,1.109406
168,587,0.694118,0.54902,0.513726,0.577319,0.973764,0.255429,0.991836
155,551,0.580392,0.498039,0.54902,0.519228,1.751596,0.280089,1.110553
174,394,0.490196,0.45098,0.545098,0.466113,0.990927,0.30259,1.218877
406,233,0.45098,0.470588,0.619608,0.477179,0.64583,0.297749,1.195574
230,13,0.439216,0.45098,0.552941,0.455841,0.634296,0.305967,1.235136
197,430,0.552941,0.478431,0.556863,0.499935,1.584355,0.287065,1.144137
496,387,0.439216,0.447059,0.627451,0.458416,0.55,0.304834,1.229683
366,566,0.662745,0.537255,0.654902,0.572428,1.043173,0.25586,0.99391
284,367,0.482353,0.431373,0.545098,0.450422,1.951743,0.308072,1.245271
134,262,0.415686,0.423529,0.517647,0.428657,1.135761,0.317105,1.288757
280,131,0.392157,0.4,0.482353,0.404278,2.4,0.327374,1.338193
336,190,0.482353,0.466667,0.603922,0.479911,1.971483,0.29452,1.18003
322,550,0.627451,0.490196,0.572549,0.525322,1.131968,0.274694,1.084583
359,86,0.427451,0.423529,0.541176,0.432857,0.690491,0.314307,1.275288
123,709,0.54902,0.490196,0.47451,0.501569,1.302196,0.284841,1.133432
97,170,0.372549,0.396078,0.482353,0.397305,0.55,0.329462,1.348249
367,90,0.431373,0.427451,0.552941,0.437345,0.55,0.311887,1.263638
349,459,0.482353,0.439216,0.564706,0.457447,0.645728,0.303001,1.220857
403,564,0.611765,0.509804,0.658824,0.54224,0.667376,0.266442,1.044854
214,587,0.576471,0.470588,0.576471,0.500744,1.774355,0.283158,1.12533
410,372,0.447059,0.447059,0.588235,0.457252,2.131097,0.30174,1.214786
314,681,0.658824,0.521569,0.52549,0.551032,0.686724,0.261292,1.020061
344,364,0.458824,0.431373,0.560784,0.446552,0.583195,0.305587,1.233309
116,480,0.466667,0.454902,0.568627,0.465614,0.836831,0.297357,1.193685
375,712,0.807843,0.658824,0.564706,0.68371,0.592694,0.20375,0.743041
339,486,0.552941,0.462745,0.588235,0.490981,0.914846,0.286185,1.139901
317,528,0.596078,0.478431,0.572549,0.510238,1.985809,0.277647,1.098801
390,655,0.733333,0.560784,0.627451,0.602282,0.616086,0.238129,0.908552
13,265,0.372549,0.392157,0.466667,0.393368,0.798535,0.327525,1.338921
396,603,0.682353,0.541176,0.65098,0.579118,0.668463,0.247896,0.95557
280,171,0.368627,0.388235,0.47451,0.390296,0.55,0.328798,1.345049
381,630,0.756863,0.588235,0.666667,0.629748,1.306429,0.225882,0.84959
94,636,0.494118,0.447059,0.498039,0.460744,0.598414,0.298114,1.19733
404,206,0.447059,0.454902,0.603922,0.463994,2.4,0.29669,1.190475
229,506,0.701961,0.568627,0.776471,0.61198,2.4,0.232993,0.883826
91,100,0.360784,0.380392,0.458824,0.381886,0.983599,0.331461,1.357869
197,390,0.466667,0.415686,0.494118,0.432187,0.568124,0.309334,1.251348
227,596,0.639216,0.501961,0.615686,0.539352,1.282028,0.263229,1.029385
43,487,0.423529,0.415686,0.501961,0.423583,0.627594,0.31244,1.266301
128,498,0.482353,0.447059,0.533333,0.460791,1.642622,0.296251,1.188363
462,171,0.4,0.427451,0.592157,0.433507,1.169125,0.30791,1.244493
241,225,0.505882,0.443137,0.54902,0.464122,1.207375,0.294713,1.180959
103,315,0.388235,0.407843,0.498039,0.410187,0.577649,0.317668,1.291468
416,361,0.447059,0.439216,0.584314,0.451359,1.485242,0.299899,1.205923
362,65,0.411765,0.411765,0.513726,0.419126,0.725051,0.313173,1.269827
445,8,0.380392,0.403922,0.498039,0.405715,0.870415,0.318374,1.294869
418,412,0.439216,0.431373,0.576471,0.443516,0.714245,0.30206,1.216325
193,449,0.521569,0.45098,0.533333,0.471933,0.692597,0.289401,1.155384
419,515,0.529412,0.454902,0.623529,0.482918,0.94105,0.284527,1.13192
421,655,0.768627,0.607843,0.678431,0.647122,1.510278,0.21401,0.792437
344,28,0.419608,0.411765,0.494118,0.419378,2.035026,0.311541,1.261969
466,460,0.482353,0.435294,0.615686,0.458323,0.651368,0.294535,1.180101
224,583,0.588235,0.494118,0.580392,0.520356,2.4,0.267492,1.049907
495,284,0.392157,0.45098,0.643137,0.452348,1.419886,0.296632,1.190194
232,474,0.494118,0.435294,0.560784,0.45686,0.55,0.293875,1.176926
250,580,0.545098,0.466667,0.576471,0.491269,0.681641,0.279009,1.105354
274,296,0.486275,0.423529,0.529412,0.444514,0.55,0.298918,1.201202
297,47,0.380392,0.376471,0.439216,0.381835,0.55,0.325649,1.329893
358,714,0.784314,0.627451,0.541176,0.654571,0.55,0.208378,0.765321
118,534,0.482353,0.439216,0.505882,0.4532,0.55,0.29446,1.17974
445,58,0.384314,0.403922,0.513726,0.407681,0.55,0.313807,1.272882
176,229,0.423529,0.415686,0.509804,0.424149,2.028034,0.306365,1.237052
357,48,0.4,0.4,0.478431,0.405663,0.55,0.314224,1.27489
92,471,0.431373,0.435294,0.545098,0.442388,1.852308,0.29816,1.197554
39,392,0.388235,0.396078,0.478431,0.400357,0.55,0.316014,1.283506
488,274,0.407843,0.439216,0.615686,0.445287,0.703249,0.296114,1.187702
0,673,0.403922,0.396078,0.447059,0.401427,0.55,0.314837,1.277841
187,461,0.545098,0.47451,0.560784,0.495746,2.4,0.274266,1.082524
96,516,0.431373,0.407843,0.486275,0.418508,0.55,0.307028,1.240246
283,268,0.490196,0.447059,0.576471,0.465573,1.233154,0.285874,1.138404
384,61,0.4,0.407843,0.529412,0.414953,0.55,0.307436,1.242207
345,49,0.419608,0.403922,0.494118,0.413769,2.150955,0.307543,1.242726
32,127,0.356863,0.368627,0.439216,0.371223,0.594206,0.325442,1.328893
101,308,0.376471,0.396078,0.486275,0.398422,0.55,0.312988,1.26894
377,508,0.556863,0.47451,0.627451,0.50306,0.68639,0.268067,1.052679
99,664,0.494118,0.447059,0.486275,0.459895,0.783812,0.286535,1.141589
251,588,0.533333,0.454902,0.588235,0.481203,2.4,0.277295,1.097104
180,436,0.52549,0.470588,0.560784,0.488773,0.916918,0.273893,1.080725
449,186,0.403922,0.435294,0.560784,0.437685,0.630365,0.295776,1.186078
425,278,0.435294,0.458824,0.623529,0.465713,2.4,0.283297,1.125997
40,271,0.368627,0.392157,0.478431,0.393384,1.58176,0.314116,1.274368
324,621,0.737255,0.52549,0.54902,0.57221,0.861218,0.237246,0.904299
437,241,0.439216,0.454902,0.6,0.462043,2.113576,0.284229,1.130485
498,605,0.694118,0.54902,0.670588,0.588645,0.55,0.22973,0.868115
172,450,0.505882,0.447059,0.52549,0.465227,0.884126,0.282439,1.121868
288,108,0.364706,0.376471,0.45098,0.379349,0.55,0.319166,1.298678
318,62,0.470588,0.423529,0.545098,0.442311,2.053595,0.291652,1.16622
457,3,0.372549,0.4,0.478431,0.399827,1.100197,0.309148,1.250449
448,167,0.4,0.454902,0.635294,0.456254,2.4,0.284846,1.133457
356,126,0.458824,0.454902,0.588235,0.465362,0.714148,0.280902,1.114468
379,180,0.45098,0.458824,0.619608,0.468765,0.993689,0.279045,1.10553
211,269,0.482353,0.431373,0.54902,0.450705,0.735484,0.286764,1.142691
300,82,0.411765,0.396078,0.482353,0.405642,2.4,0.305481,1.232798
133,187,0.372549,0.392157,0.470588,0.393651,0.711992,0.310523,1.257069
179,2,0.356863,0.376471,0.439216,0.376832,0.684629,0.3177,1.291622
403,642,0.717647,0.564706,0.647059,0.603167,2.194768,0.220249,0.822471
358,173,0.462745,0.447059,0.584314,0.460304,0.55,0.281348,1.116617
240,352,0.505882,0.423529,0.513726,0.44755,0.578751,0.286431,1.141085
336,88,0.403922,0.388235,0.482353,0.398365,0.580106,0.30725,1.241311
332,205,0.462745,0.423529,0.552941,0.44121,0.761112,0.288866,1.152807
181,84,0.376471,0.396078,0.486275,0.398422,0.585437,0.307095,1.240567
359,632,0.65098,0.498039,0.564706,0.535368,0.941529,0.248402,0.958006
380,516,0.572549,0.486275,0.631373,0.515093,2.223352,0.256804,0.998455
379,311,0.427451,0.411765,0.541176,0.424443,0.65359,0.295596,1.18521
345,57,0.411765,0.403922,0.517647,0.4138,2.099735,0.299794,1.205417
132,651,0.627451,0.529412,0.513726,0.549122,0.668913,0.241505,0.924801
378,119,0.411765,0.423529,0.552941,0.430372,1.067697,0.292087,1.168316
255,526,0.552941,0.462745,0.607843,0.492397,1.201132,0.264223,1.034171
189,93,0.4,0.4,0.505882,0.407645,2.291819,0.300527,1.208947
373,576,0.678431,0.537255,0.670588,0.576896,1.482463,0.22789,0.859256
487,328,0.4,0.427451,0.603922,0.434356,0.55,0.288906,1.153
348,204,0.466667,0.490196,0.686275,0.499351,2.4,0.260797,1.01768
96,373,0.388235,0.403922,0.501961,0.407665,0.70806,0.29989,1.205882
208,611,0.627451,0.470588,0.513726,0.507052,0.771272,0.257109,0.999921
284,518,0.607843,0.478431,0.588235,0.513872,2.340537,0.254029,0.985095
341,232,0.411765,0.396078,0.501961,0.407058,0.55,0.299344,1.203251
139,345,0.403922,0.396078,0.486275,0.404258,2.4,0.300159,1.207178
377,400,0.443137,0.419608,0.552941,0.434237,1.459302,0.286833,1.143021
448,475,0.470588,0.435294,0.607843,0.455256,1.330522,0.277592,1.098531
350,656,0.729412,0.545098,0.580392,0.586831,0.55,0.220726,0.824766
244,422,0.52549,0.454902,0.556863,0.477271,0.925562,0.267562,1.050248
416,138,0.384314,0.407843,0.537255,0.412184,0.806957,0.295427,1.184395
279,79,0.380392,0.384314,0.490196,0.391125,1.914493,0.304452,1.227842
302,504,0.6,0.478431,0.580392,0.511638,0.55,0.252712,0.978753
193,570,0.72549,0.545098,0.552941,0.584016,1.667162,0.221661,0.829268
456,390,0.423529,0.435294,0.6,0.444685,2.337737,0.280847,1.114205
336,547,0.627451,0.498039,0.603922,0.533197,0.863897,0.242848,0.931266
66,226,0.345098,0.372549,0.447059,0.372093,0.611759,0.311387,1.261231
150,400,0.423529,0.4,0.501961,0.412364,1.048398,0.294078,1.1779
291,66,0.368627,0.364706,0.419608,0.369504,0.635073,0.312128,1.264799
372,202,0.423529,0.427451,0.584314,0.437943,0.733306,0.282759,1.123411
491,135,0.341176,0.407843,0.541176,0.403296,0.597248,0.297595,1.194833
364,333,0.403922,0.4,0.52549,0.409894,0.619662,0.294696,1.180878
157,451,0.470588,0.419608,0.521569,0.437808,0.671842,0.282253,1.12097
465,418,0.431373,0.423529,0.607843,0.438504,0.816394,0.28152,1.117445
176,232,0.411765,0.403922,0.498039,0.412384,1.986627,0.292654,1.171047
464,270,0.396078,0.423529,0.592157,0.429868,0.790083,0.284841,1.133431
224,282,0.521569,0.45098,0.54902,0.473066,0.591149,0.266203,1.043702
373,500,0.533333,0.462745,0.623529,0.489361,0.688215,0.259216,1.010065
236,570,0.505882,0.427451,0.556863,0.453469,2.4,0.274577,1.08402
402,645,0.721569,0.564706,0.639216,0.603435,2.4,0.21014,0.773804
264,422,0.486275,0.419608,0.545098,0.442842,2.4,0.278438,1.102606
485,350,0.411765,0.435294,0.6,0.442184,0.786231,0.277908,1.100055
317,1,0.368627,0.380392,0.435294,0.381855,1.915715,0.303476,1.223145
247,127,0.443137,0.411765,0.533333,0.427212,0.75786,0.283751,1.128183
428,578,0.603922,0.494118,0.654902,0.529071,2.4,0.240026,0.917681
234,485,0.537255,0.470588,0.643137,0.49722,2.254579,0.253542,0.98275
40,100,0.341176,0.352941,0.419608,0.355253,0.55,0.314209,1.274816
489,243,0.372549,0.431373,0.619608,0.432457,1.802528,0.280652,1.113266
250,170,0.498039,0.435294,0.54902,0.456845,0.806997,0.269901,1.061505
36,252,0.360784,0.384314,0.470588,0.38554,0.962108,0.300316,1.20793
230,571,0.529412,0.447059,0.576471,0.473911,2.4,0.26189,1.022939
212,432,0.611765,0.486275,0.572549,0.519183,0.76368,0.242254,0.92841
482,60,0.368627,0.388235,0.501961,0.392278,0.88013,0.296262,1.188413
144,578,0.560784,0.478431,0.513726,0.498488,2.4,0.250532,0.968262
136,296,0.392157,0.392157,0.494118,0.399518,0.65482,0.292824,1.171865
276,495,0.490196,0.419608,0.541176,0.443392,0.55,0.273818,1.080367
328,626,0.729412,0.513726,0.552941,0.562412,0.55,0.22176,0.829747
212,593,0.545098,0.431373,0.541176,0.463478,0.650759,0.263902,1.032629
203,459,0.631373,0.505882,0.588235,0.538507,2.4,0.231694,0.877568
194,328,0.513726,0.466667,0.584314,0.485165,1.424023,0.254065,0.985271
375,390,0.431373,0.407843,0.541176,0.422472,0.588919,0.280799,1.113974
387,554,0.592157,0.486275,0.619608,0.518412,0.995696,0.239597,0.915616
44,694,0.411765,0.403922,0.454902,0.40927,2.4,0.286317,1.140536
26,399,0.360784,0.384314,0.490196,0.386956,0.55,0.295873,1.186542
305,77,0.4,0.376471,0.470588,0.388268,1.755361,0.29507,1.182676
482,159,0.372549,0.427451,0.584314,0.427104,2.4,0.278409,1.102467
477,296,0.396078,0.407843,0.568627,0.416951,0.55,0.282445,1.121897
51,720,0.419608,0.407843,0.443137,0.412893,0.615514,0.284,1.129382
421,61,0.364706,0.388235,0.517647,0.392576,2.4,0.29265,1.171024
239,493,0.533333,0.447059,0.588235,0.475594,0.745171,0.256657,0.997749
254,237,0.560784,0.458824,0.560784,0.487862,1.559611,0.250811,0.969603
414,631,0.694118,0.545098,0.643137,0.583858,0.614308,0.209166,0.769114
223,567,0.572549,0.458824,0.545098,0.489231,0.57327,0.2497,0.964254
252,449,0.47451,0.427451,0.537255,0.445384,0.916257,0.26797,1.05221
191,304,0.47451,0.435294,0.560784,0.452692,0.652622,0.264336,1.034716
390,0,0.364706,0.392157,0.505882,0.394532,0.55,0.289251,1.154664
332,81,0.403922,0.392157,0.498039,0.402303,1.016343,0.285881,1.138437
389,643,0.701961,0.533333,0.603922,0.57428,0.63254,0.211788,0.78174
234,0,0.4,0.423529,0.580392,0.429853,2.379217,0.273169,1.077241
436,409,0.411765,0.411765,0.572549,0.423373,0.735458,0.275312,1.087559
112,469,0.419608,0.447059,0.580392,0.450849,1.721914,0.263533,1.030852
235,638,0.564706,0.458824,0.517647,0.485581,0.58415,0.248277,0.957406
350,61,0.388235,0.388235,0.494118,0.39588,0.631255,0.286598,1.14189
372,64,0.360784,0.376471,0.462745,0.379365,0.632956,0.293471,1.174978
158,340,0.415686,0.392157,0.501961,0.405087,0.55,0.282281,1.121106
6,195,0.341176,0.364706,0.458824,0.366499,0.804241,0.298126,1.19739
165,597,0.713726,0.54902,0.521569,0.582054,1.15927,0.205667,0.752271
140,31,0.337255,0.352941,0.423529,0.354703,0.55,0.302951,1.220619
307,437,0.443137,0.4,0.517647,0.417665,1.628865,0.275843,1.090113
430,302,0.396078,0.423529,0.588235,0.429585,0.693081,0.270056,1.062252
203,338,0.529412,0.466667,0.572549,0.487651,0.638537,0.244929,0.941286
364,181,0.431373,0.427451,0.556863,0.437628,0.55,0.266329,1.04431
496,44,0.337255,0.392157,0.509804,0.388979,1.07343,0.286547,1.141647
444,392,0.4,0.407843,0.568627,0.417784,0.616729,0.274153,1.081978
230,130,0.384314,0.368627,0.462745,0.378758,0.976583,0.290852,1.162369
361,493,0.521569,0.454902,0.588235,0.478702,0.687297,0.247877,0.955479
483,201,0.356863,0.403922,0.560784,0.405242,0.90291,0.278888,1.104772
65,537,0.403922,0.384314,0.462745,0.394145,0.800799,0.28336,1.1263
388,203,0.419608,0.45098,0.627451,0.457052,0.795239,0.256329,0.996168
242,276,0.466667,0.403922,0.509804,0.424906,0.916749,0.270009,1.062029
194,74,0.372549,0.4,0.505882,0.401809,0.604113,0.279823,1.109272
259,559,0.505882,0.411765,0.521569,0.439702,0.973457,0.263439,1.030399
300,516,0.552941,0.439216,0.541176,0.470755,1.583447,0.249954,0.965478
327,196,0.439216,0.415686,0.54902,0.430315,0.724079,0.267152,1.048274
223,587,0.556863,0.454902,0.537255,0.482525,1.066545,0.244665,0.940017
299,561,0.580392,0.431373,0.513726,0.469,1.73724,0.249733,0.964413
167,607,0.721569,0.552941,0.490196,0.584261,0.55,0.200318,0.726519
132,537,0.486275,0.443137,0.509804,0.457122,2.250714,0.254631,0.987992
360,597,0.596078,0.462745,0.552941,0.497604,0.961948,0.237181,0.903986
286,437,0.427451,0.384314,0.501961,0.401979,0.580061,0.278136,1.101152
69,326,0.352941,0.372549,0.458824,0.374609,0.62677,0.289543,1.15607
489,279,0.352941,0.439216,0.631373,0.434747,2.299657,0.263419,1.030303
276,211,0.356863,0.364706,0.454902,0.369551,0.873581,0.290893,1.162566
101,323,0.360784,0.376471,0.47451,0.380214,0.647721,0.286163,1.139798
174,489,0.501961,0.427451,0.505882,0.448955,0.705673,0.25652,0.997086
16,605,0.376471,0.368627,0.423529,0.374259,0.664071,0.288325,1.150206
352,345,0.392157,0.388235,0.521569,0.398696,0.992142,0.277637,1.098752
260,211,0.360784,0.368627,0.466667,0.374038,1.796487,0.288023,1.14875
332,310,0.380392,0.372549,0.486275,0.382427,0.714709,0.284139,1.130051
165,212,0.372549,0.364706,0.443137,0.372036,1.313202,0.28827,1.149939
230,202,0.423529,0.392157,0.490196,0.405905,0.733448,0.273592,1.079274
293,396,0.454902,0.396078,0.509804,0.416795,0.779553,0.267332,1.049138
370,244,0.423529,0.415686,0.541176,0.426414,0.659181,0.263015,1.028355
263,151,0.364706,0.356863,0.439216,0.364476,0.555876,0.288745,1.152228
322,399,0.4,0.380392,0.501961,0.393338,0.55,0.276361,1.092607
42,532,0.392157,0.380392,0.454902,0.388273,0.94533,0.278101,1.100985
444,616,0.662745,0.517647,0.639216,0.557272,1.903997,0.205609,0.751992
131,232,0.356863,0.364706,0.45098,0.369267,0.795431,0.28584,1.138243
332,126,0.431373,0.396078,0.513726,0.412076,2.4,0.267491,1.049907
394,378,0.392157,0.388235,0.521569,0.398696,0.55,0.272844,1.075676
293,22,0.356863,0.352941,0.443137,0.360287,0.831923,0.289045,1.153671
261,226,0.423529,0.380392,0.478431,0.396642,0.59722,0.273445,1.07857
483,257,0.368627,0.407843,0.584314,0.412247,0.637469,0.266703,1.046111
82,345,0.352941,0.376471,0.478431,0.37883,0.55,0.280995,1.114915
181,596,0.686275,0.513726,0.470588,0.547295,1.308305,0.208623,0.766503
235,540,0.494118,0.423529,0.54902,0.447597,0.944454,0.25089,0.969984
9,321,0.337255,0.364706,0.439216,0.364249,0.774575,0.286439,1.141124
150,701,0.631373,0.509804,0.45098,0.531402,0.685089,0.213971,0.792247
270,140,0.337255,0.345098,0.403922,0.347678,0.55,0.292522,1.17041
448,330,0.403922,0.407843,0.545098,0.416919,0.873878,0.262393,1.025363
399,238,0.392157,0.423529,0.572549,0.427619,0.599491,0.257573,1.002159
296,156,0.360784,0.364706,0.470588,0.371517,0.960967,0.281471,1.11721
491,48,0.345098,0.364706,0.482353,0.369031,0.55,0.282526,1.122285
268,337,0.415686,0.380392,0.494118,0.396107,0.678773,0.270609,1.064917
282,416,0.454902,0.384314,0.501961,0.407815,0.561602,0.265453,1.040094
408,257,0.411765,0.431373,0.607843,0.439945,0.919637,0.251629,0.973543
181,304,0.439216,0.411765,0.537255,0.426661,0.55,0.257015,0.999473
75,643,0.447059,0.415686,0.470588,0.42632,1.932697,0.257109,0.999926
460,137,0.341176,0.388235,0.513726,0.387291,1.899184,0.27373,1.07994
95,142,0.333333,0.352941,0.439216,0.355002,0.809565,0.287083,1.144225
122,694,0.54902,0.482353,0.470588,0.495677,2.4,0.2265,0.852564
206,195,0.396078,0.376471,0.466667,0.387151,1.029741,0.272693,1.074949
257,35,0.345098,0.341176,0.4,0.346257,2.019127,0.289981,1.158175
386,227,0.396078,0.407843,0.564706,0.416667,0.725939,0.259756,1.012667
114,276,0.352941,0.368627,0.47451,0.372937,0.662208,0.278481,1.102814
31,314,0.329412,0.34902,0.435294,0.35108,0.55,0.287082,1.144218
210,210,0.407843,0.380392,0.505882,0.395289,2.350505,0.26793,1.052019
445,367,0.407843,0.407843,0.572549,0.419735,1.438738,0.256967,0.999239
426,182,0.372549,0.396078,0.529412,0.400703,0.964516,0.265078,1.03829
244,143,0.384314,0.368627,0.490196,0.38074,1.303887,0.273497,1.078821
276,431,0.541176,0.431373,0.564706,0.464344,2.4,0.237315,0.904631
247,135,0.396078,0.376471,0.466667,0.387151,0.827665,0.270146,1.062687
475,104,0.352941,0.376471,0.505882,0.380812,1.212874,0.272812,1.075524
390,67,0.372549,0.396078,0.52549,0.40042,1.510742,0.264192,1.034024
402,186,0.4,0.415686,0.560784,0.422827,1.055984,0.254471,0.987223
250,522,0.552941,0.447059,0.607843,0.481178,1.957355,0.229356,0.866315
498,308,0.368627,0.415686,0.611765,0.419838,0.674597,0.255613,0.992722
196,279,0.47451,0.435294,0.564706,0.452975,1.63889,0.2414,0.924299
479,594,0.623529,0.498039,0.639216,0.534911,0.744412,0.205884,0.753314
58,532,0.380392,0.372549,0.458824,0.380446,0.621849,0.271952,1.071379
413,457,0.423529,0.396078,0.560784,0.413806,0.55,0.257487,1.001743
446,225,0.372549,0.388235,0.537255,0.39566,0.55,0.265039,1.038101
374,565,0.611765,0.490196,0.615686,0.525102,1.40489,0.20953,0.770869
235,444,0.568627,0.470588,0.584314,0.499642,1.981144,0.220335,0.822887
226,429,0.662745,0.498039,0.576471,0.538718,2.37437,0.203057,0.739704
152,198,0.352941,0.364706,0.454902,0.368717,1.390423,0.275907,1.09042
304,122,0.341176,0.352941,0.443137,0.356952,1.748412,0.280909,1.114501
411,292,0.4,0.419608,0.576471,0.426765,2.4,0.250701,0.969072
259,477,0.564706,0.462745,0.639216,0.497163,1.535815,0.220414,0.823264
184,26,0.337255,0.364706,0.439216,0.364249,2.252972,0.277016,1.09576
211,488,0.580392,0.454902,0.533333,0.487244,0.604531,0.223986,0.840462
206,76,0.384314,0.392157,0.517647,0.39955,0.620507,0.261515,1.021136
133,463,0.443137,0.427451,0.572549,0.441262,2.4,0.243601,0.934895
294,637,0.709804,0.486275,0.454902,0.531532,0.720274,0.204789,0.748042
185,200,0.4,0.388235,0.517647,0.40008,0.982464,0.260847,1.017919
294,470,0.470588,0.403922,0.529412,0.427155,0.727777,0.249111,0.961421
98,240,0.337255,0.34902,0.423529,0.351898,0.829129,0.281326,1.116509
10,634,0.368627,0.360784,0.415686,0.366416,0.683586,0.27493,1.085719
145,606,0.623529,0.513726,0.501961,0.53622,0.741877,0.202095,0.735072
240,600,0.537255,0.423529,0.541176,0.456202,0.695596,0.236194,0.899234
377,215,0.4,0.403922,0.52549,0.411865,0.55,0.254847,0.989035
468,34,0.337255,0.360784,0.454902,0.362577,2.0162,0.275961,1.090681
94,362,0.360784,0.380392,0.486275,0.383868,0.784795,0.266607,1.045649
486,364,0.407843,0.403922,0.568627,0.416647,2.4,0.252251,0.976538
352,238,0.388235,0.372549,0.509804,0.385794,0.59475,0.265151,1.038639
434,325,0.384314,0.4,0.552941,0.407707,1.535683,0.255586,0.99259
478,182,0.345098,0.380392,0.533333,0.383931,0.626269,0.265469,1.04017
171,305,0.419608,0.4,0.521569,0.412946,0.55,0.252847,0.979403
464,115,0.32549,0.368627,0.490196,0.368234,0.620558,0.271933,1.071291
37,416,0.356863,0.376471,0.533333,0.383627,2.032548,0.26522,1.038973
198,116,0.376471,0.368627,0.47451,0.37794,0.671147,0.267452,1.049718
291,372,0.403922,0.360784,0.478431,0.378449,0.649133,0.266835,1.046747
438,244,0.380392,0.396078,0.545098,0.403503,2.235717,0.255728,0.993273
45,270,0.329412,0.352941,0.443137,0.354451,0.914418,0.276735,1.09441
420,112,0.341176,0.356863,0.466667,0.361456,0.650239,0.273507,1.078866
383,459,0.411765,0.388235,0.52549,0.403147,1.790928,0.255428,0.99183
242,106,0.345098,0.333333,0.407843,0.341214,0.55,0.281922,1.119381
195,584,0.658824,0.47451,0.482353,0.514261,2.395363,0.207358,0.760414
415,147,0.364706,0.388235,0.529412,0.393426,2.332346,0.259118,1.009595
495,431,0.419608,0.392157,0.564706,0.410451,0.55,0.251564,0.973228
344,578,0.666667,0.490196,0.580392,0.534226,0.843946,0.198089,0.71579
248,140,0.364706,0.360784,0.462745,0.36898,0.981933,0.26863,1.055388
373,428,0.407843,0.384314,0.517647,0.398943,0.55,0.255304,0.991232
189,316,0.470588,0.439216,0.568627,0.455229,0.752044,0.231053,0.874486
115,653,0.482353,0.423529,0.435294,0.436885,0.55,0.238249,0.909129
64,641,0.396078,0.380392,0.439216,0.387974,0.652541,0.259006,1.009056
218,35,0.356863,0.352941,0.45098,0.360853,0.598687,0.270437,1.064089
460,121,0.317647,0.368627,0.494118,0.366849,1.179244,0.267671,1.050773
89,414,0.372549,0.384314,0.513726,0.391156,0.55,0.257024,0.999515
410,95,0.345098,0.352941,0.435294,0.35722,2.4,0.271477,1.069093
209,575,0.521569,0.411765,0.462745,0.43879,0.64574,0.236477,0.900596
342,31,0.368627,0.356863,0.435294,0.365027,2.4,0.267882,1.051785
484,5,0.333333,0.356863,0.454902,0.358939,2.4,0.270035,1.062152
200,182,0.380392,0.364706,0.458824,0.374836,1.535077,0.263116,1.028842
104,663,0.462745,0.411765,0.443137,0.424868,0.882202,0.241608,0.925301
250,232,0.494118,0.4,0.509804,0.427937,1.98795,0.240065,0.917868
248,611,0.501961,0.403922,0.478431,0.430144,0.980991,0.239073,0.913093
394,65,0.364706,0.388235,0.513726,0.392293,0.777151,0.255076,0.990136
349,272,0.368627,0.360784,0.47451,0.370663,0.893701,0.264249,1.034295
172,412,0.427451,0.388235,0.486275,0.403651,0.609825,0.25009,0.966134
387,533,0.52549,0.427451,0.580392,0.459336,0.837602,0.225859,0.849481
445,124,0.345098,0.380392,0.501961,0.381666,2.4,0.258924,1.008662
357,518,0.564706,0.454902,0.603922,0.489006,1.510172,0.212678,0.786025
268,477,0.54902,0.447059,0.6,0.479778,1.465671,0.216508,0.804461
224,6,0.352941,0.376471,0.478431,0.37883,0.660802,0.259649,1.012154
432,591,0.6,0.482353,0.631373,0.518124,2.027725,0.199884,0.724432
86,210,0.32549,0.345098,0.423529,0.346592,0.655366,0.273328,1.078007
441,103,0.329412,0.356863,0.466667,0.358955,0.633272,0.267958,1.052152
74,361,0.337255,0.360784,0.458824,0.36286,0.643173,0.266212,1.043749
416,593,0.607843,0.478431,0.619608,0.516137,2.051887,0.200419,0.727006
241,527,0.552941,0.447059,0.580392,0.479196,0.700549,0.216153,0.802751
422,579,0.584314,0.47451,0.631373,0.50918,1.087368,0.203152,0.740161
352,315,0.368627,0.364706,0.494118,0.374883,1.005592,0.260374,1.01564
344,387,0.396078,0.368627,0.490196,0.383241,0.55,0.256748,0.998184
359,576,0.635294,0.486275,0.607843,0.526733,2.4,0.195229,0.702019
390,300,0.4,0.396078,0.529412,0.406539,2.132433,0.24668,0.949717
149,223,0.337255,0.337255,0.415686,0.342918,0.68702,0.273879,1.080659
209,47,0.34902,0.364706,0.478431,0.369582,1.572174,0.262208,1.024473
259,207,0.329412,0.345098,0.443137,0.348842,0.625066,0.271057,1.067075
342,296,0.368627,0.364706,0.490196,0.3746,2.4,0.259525,1.011554
124,691,0.541176,0.470588,0.454902,0.484463,2.4,0.212358,0.784481
418,258,0.380392,0.4,0.552941,0.406874,1.871159,0.245584,0.944439
175,33,0.309804,0.333333,0.388235,0.332295,0.768494,0.277295,1.097105
42,623,0.4,0.384314,0.443137,0.391896,1.254434,0.251633,0.973561
324,435,0.415686,0.372549,0.498039,0.39078,0.624075,0.252018,0.975415
364,351,0.368627,0.364706,0.498039,0.375166,0.55,0.258683,1.007502
228,665,0.513726,0.427451,0.466667,0.448624,0.827444,0.227135,0.85562
146,24,0.294118,0.341176,0.415686,0.336551,0.55,0.275144,1.086751
261,164,0.364706,0.345098,0.427451,0.355213,0.55,0.267009,1.047587
199,526,0.501961,0.407843,0.466667,0.4321,0.55,0.233979,0.888573
453,32,0.317647,0.356863,0.458824,0.355887,0.655924,0.266589,1.045562
64,468,0.380392,0.376471,0.470588,0.3841,0.676987,0.254419,0.986973
442,197,0.360784,0.392157,0.537255,0.395963,2.4,0.248776,0.959808
415,344,0.388235,0.388235,0.52549,0.398145,0.581432,0.247704,0.954644
17,712,0.341176,0.352941,0.388235,0.352988,0.838535,0.267054,1.047801
333,623,0.666667,0.462745,0.509804,0.509496,0.585955,0.199933,0.724664
402,377,0.372549,0.372549,0.513726,0.382742,0.670464,0.253243,0.981314
351,20,0.352941,0.34902,0.439216,0.356366,2.291619,0.264496,1.035487
88,391,0.356863,0.360784,0.470588,0.367878,0.55,0.259214,1.01006
461,393,0.376471,0.388235,0.552941,0.397626,1.499694,0.246328,0.948022
203,332,0.517647,0.454902,0.560784,0.475886,0.633088,0.21264,0.78584
139,573,0.505882,0.435294,0.490196,0.454265,0.599229,0.221804,0.829959
86,698,0.431373,0.396078,0.419608,0.405281,0.573071,0.242695,0.930532
391,106,0.333333,0.34902,0.45098,0.353046,0.55,0.264689,1.036417
338,543,0.572549,0.45098,0.552941,0.484187,2.4,0.208065,0.763816
130,293,0.352941,0.352941,0.454902,0.360303,0.664638,0.261117,1.019221
118,258,0.317647,0.341176,0.439216,0.343253,2.372285,0.268163,1.053142
422,167,0.337255,0.392157,0.541176,0.391244,0.696193,0.247351,0.952948
372,536,0.584314,0.458824,0.611765,0.496545,2.4,0.202104,0.735116
395,176,0.384314,0.411765,0.576471,0.41782,1.199499,0.235582,0.896289
365,45,0.345098,0.337255,0.423529,0.345151,0.692958,0.266547,1.045362
413,369,0.384314,0.384314,0.52549,0.394507,2.4,0.245362,0.943369
218,334,0.568627,0.47451,0.576471,0.501881,1.325558,0.199249,0.721375
220,601,0.619608,0.427451,0.643137,0.483876,0.816343,0.206891,0.758162
92,368,0.356863,0.368627,0.490196,0.374904,0.55,0.253444,0.98228
290,562,0.537255,0.4,0.482353,0.435126,0.679756,0.227395,0.856876
486,261,0.352941,0.384314,0.560784,0.390385,1.043993,0.246522,0.948956
312,117,0.356863,0.341176,0.447059,0.352156,1.951793,0.262505,1.025903
239,238,0.478431,0.396078,0.494118,0.420665,0.619887,0.232431,0.881116
200,456,0.533333,0.435294,0.517647,0.462083,2.4,0.214628,0.795413
397,283,0.392157,0.403922,0.541176,0.41133,1.463378,0.236357,0.900021
474,514,0.494118,0.4,0.588235,0.4336,0.883701,0.226294,0.851574
122,433,0.392157,0.380392,0.482353,0.390255,1.127084,0.24468,0.940086
302,107,0.34902,0.337255,0.415686,0.345419,1.866429,0.263737,1.031833
341,326,0.364706,0.345098,0.47451,0.35861,0.55,0.257944,1.003941
433,511,0.466667,0.388235,0.556863,0.417085,0.657846,0.232832,0.883049
401,248,0.380392,0.396078,0.545098,0.403503,0.884453,0.238447,0.910081
48,450,0.34902,0.356863,0.45098,0.361991,0.573272,0.25581,0.993672
475,287,0.360784,0.384314,0.545098,0.39092,0.821666,0.243345,0.933662
220,55,0.34902,0.356863,0.447059,0.361707,1.722873,0.2555,0.992179
278,134,0.32549,0.333333,0.415686,0.337612,2.4,0.265809,1.041808
468,42,0.317647,0.341176,0.435294,0.342969,0.652943,0.263413,1.030275
165,559,0.552941,0.45098,0.490196,0.475489,0.916389,0.205647,0.752176
142,438,0.403922,0.388235,0.486275,0.398649,0.639022,0.238467,0.910178
323,455,0.443137,0.384314,0.498039,0.405031,0.866559,0.235368,0.895259
336,248,0.356863,0.34902,0.466667,0.359181,0.699935,0.255002,0.989781
380,527,0.513726,0.415686,0.564706,0.447289,0.55,0.217242,0.807993
454,47,0.313726,0.34902,0.45098,0.348878,0.55,0.259411,1.011006
320,98,0.392157,0.364706,0.454902,0.377054,1.305508,0.247334,0.952865
410,302,0.376471,0.388235,0.54902,0.397343,0.55,0.238549,0.910571
301,271,0.341176,0.345098,0.458824,0.352475,0.99246,0.257525,1.001929
454,303,0.34902,0.396078,0.545098,0.396833,0.716785,0.238334,0.909537
446,159,0.329412,0.388235,0.576471,0.38932,2.4,0.241155,0.923117
430,364,0.372549,0.380392,0.541176,0.390333,2.377523,0.240631,0.920596
152,550,0.505882,0.431373,0.478431,0.450611,2.4,0.214751,0.796002
430,282,0.345098,0.403922,0.564706,0.403024,2.4,0.234977,0.893374
76,60,0.301961,0.313726,0.376471,0.315755,0.696578,0.272307,1.073091
42,340,0.313726,0.333333,0.411765,0.334827,0.770273,0.264099,1.033573
29,341,0.313726,0.333333,0.411765,0.334827,0.693079,0.263811,1.03219
30,380,0.32549,0.34902,0.443137,0.350813,0.738338,0.256897,0.998902
403,180,0.372549,0.388235,0.537255,0.39566,2.079043,0.23761,0.906052
450,125,0.32549,0.376471,0.509804,0.375259,2.4,0.245636,0.944689
390,9,0.329412,0.352941,0.486275,0.357565,1.047516,0.253079,0.980523
376,162,0.411765,0.423529,0.596078,0.433486,2.4,0.220492,0.823643
338,37,0.356863,0.341176,0.427451,0.35074,1.322373,0.255942,0.994305
482,573,0.541176,0.435294,0.607843,0.470263,0.573046,0.204182,0.745123
114,363,0.341176,0.352941,0.454902,0.357802,0.675499,0.252094,0.975781
301,571,0.537255,0.392157,0.470588,0.428667,0.616715,0.221389,0.827958
213,453,0.537255,0.435294,0.552941,0.465465,2.123287,0.205561,0.751759
327,344,0.372549,0.345098,0.466667,0.359711,0.559752,0.250536,0.968278
188,68,0.321569,0.34902,0.458824,0.351111,2.4,0.253504,0.982569
2,76,0.301961,0.309804,0.368627,0.312384,0.640057,0.270095,1.062441
72,311,0.313726,0.333333,0.423529,0.335677,0.55,0.259903,1.013374
171,555,0.545098,0.447059,0.462745,0.469035,1.81254,0.202035,0.734784
258,29,0.313726,0.317647,0.388235,0.32191,0.600723,0.264977,1.037803
224,219,0.466667,0.407843,0.537255,0.429693,2.142281,0.218742,0.815216
238,82,0.427451,0.407843,0.529412,0.420789,2.384557,0.222503,0.833324
256,501,0.443137,0.380392,0.52549,0.404208,0.55,0.22914,0.865274
406,181,0.364706,0.380392,0.52549,0.387533,2.4,0.235999,0.898294
277,158,0.309804,0.317647,0.396078,0.321642,0.55,0.264209,1.034106
61,80,0.290196,0.305882,0.384314,0.30821,0.642336,0.269794,1.060992
399,20,0.317647,0.333333,0.431373,0.337077,0.55,0.257009,0.999443
12,522,0.333333,0.337255,0.419608,0.342367,0.697879,0.25472,0.988423
430,482,0.415686,0.376471,0.545098,0.396983,1.141825,0.230973,0.874097
207,377,0.45098,0.380392,0.47451,0.402195,0.623773,0.228604,0.862696
475,17,0.298039,0.329412,0.419608,0.329254,0.55,0.25983,1.013021
424,305,0.356863,0.380392,0.545098,0.387282,0.55,0.234369,0.890447
415,197,0.356863,0.360784,0.505882,0.370427,0.55,0.241319,0.923908
157,28,0.290196,0.313726,0.376471,0.313253,0.55,0.265496,1.040303
470,70,0.321569,0.341176,0.45098,0.344936,0.875376,0.251482,0.972834
97,701,0.443137,0.407843,0.427451,0.416762,0.597043,0.220659,0.824446
132,7,0.298039,0.309804,0.372549,0.311833,1.858354,0.265444,1.040052
372,396,0.392157,0.368627,0.501961,0.383256,1.77921,0.234793,0.89249
238,473,0.509804,0.439216,0.588235,0.464982,2.107352,0.199739,0.723733
335,129,0.392157,0.368627,0.478431,0.381558,2.4,0.235349,0.895167
468,156,0.313726,0.356863,0.501961,0.358168,0.55,0.245069,0.941963
153,345,0.372549,0.356863,0.462745,0.367842,0.776423,0.240871,0.92175
190,603,0.568627,0.419608,0.411765,0.450723,0.735249,0.205228,0.750156
467,77,0.305882,0.337255,0.458824,0.339362,0.55,0.252663,0.978521
295,224,0.317647,0.32549,0.423529,0.330901,0.779138,0.256234,0.995711
128,450,0.392157,0.376471,0.466667,0.386318,0.563014,0.232406,0.880999
207,70,0.341176,0.360784,0.482353,0.365393,2.4,0.241204,0.923353
439,200,0.345098,0.376471,0.521569,0.380277,2.4,0.234763,0.892345
495,26,0.294118,0.337255,0.45098,0.336295,0.55,0.252864,0.979488
261,48,0.313726,0.309804,0.372549,0.315168,0.726398,0.261626,1.021669
360,28,0.364706,0.356863,0.443137,0.364759,2.4,0.24037,0.91934
199,300,0.458824,0.415686,0.541176,0.433918,0.694328,0.21065,0.776258
347,40,0.356863,0.341176,0.431373,0.351024,0.717185,0.246047,0.946667
246,457,0.439216,0.368627,0.486275,0.392129,2.267141,0.228258,0.861027
272,9,0.305882,0.313726,0.376471,0.316588,1.04569,0.260419,1.015859
343,498,0.490196,0.396078,0.529412,0.425715,1.533044,0.213635,0.790632
394,256,0.364706,0.380392,0.529412,0.387816,0.55,0.229748,0.8682
394,207,0.376471,0.403922,0.580392,0.410827,1.918823,0.219861,0.820603
60,704,0.380392,0.372549,0.427451,0.37818,2.4,0.233691,0.887182
275,437,0.443137,0.372549,0.498039,0.396616,1.906639,0.225758,0.848993
296,73,0.329412,0.317647,0.392157,0.325528,0.656603,0.256025,0.994707
47,313,0.309804,0.329412,0.415686,0.331472,0.55,0.253432,0.982224
272,484,0.486275,0.403922,0.541176,0.43134,2.337426,0.210426,0.775179
477,500,0.454902,0.376471,0.552941,0.405886,0.924228,0.221128,0.826705
64,296,0.298039,0.32549,0.4,0.325034,0.55,0.255627,0.992787
166,105,0.321569,0.329412,0.411765,0.33369,0.737598,0.251756,0.974155
64,391,0.345098,0.368627,0.490196,0.372402,0.93702,0.234581,0.89147
265,488,0.482353,0.407843,0.552941,0.43416,2.4,0.208045,0.763718
496,168,0.317647,0.352941,0.490196,0.355347,0.792181,0.241652,0.925509
212,378,0.482353,0.4,0.490196,0.42402,0.823424,0.212207,0.783753
355,508,0.505882,0.403922,0.54902,0.436074,0.886828,0.20681,0.757775
305,429,0.384314,0.341176,0.458824,0.358842,0.689648,0.239597,0.915619
328,480,0.454902,0.380392,0.494118,0.404444,0.61103,0.219846,0.820532
394,349,0.368627,0.356863,0.501961,0.36984,0.849989,0.234428,0.890733
202,83,0.337255,0.34902,0.458824,0.354446,0.766099,0.240842,0.921613
223,193,0.415686,0.364706,0.478431,0.383755,0.816889,0.228281,0.861138
31,83,0.294118,0.298039,0.368627,0.302302,0.629656,0.262785,1.027249
262,462,0.431373,0.372549,0.521569,0.395814,2.4,0.222654,0.83405
449,65,0.305882,0.337255,0.447059,0.338513,0.857929,0.246591,0.949288
179,42,0.290196,0.313726,0.376471,0.313253,0.765736,0.257414,1.001392
418,490,0.439216,0.380392,0.556863,0.405639,0.689333,0.217711,0.810253
456,277,0.34902,0.388235,0.560784,0.392356,2.4,0.223161,0.836492
302,368,0.376471,0.337255,0.462745,0.354653,0.894068,0.238496,0.910319
454,400,0.360784,0.368627,0.529412,0.378569,0.55,0.228067,0.86011
6,60,0.294118,0.301961,0.34902,0.303691,0.803926,0.260136,1.014495
357,502,0.498039,0.407843,0.54902,0.437212,0.681121,0.202731,0.738134
152,435,0.403922,0.372549,0.466667,0.386014,2.4,0.224529,0.843076
447,164,0.317647,0.384314,0.556863,0.382598,2.4,0.225968,0.850006
494,60,0.313726,0.32549,0.454902,0.332333,0.857475,0.247506,0.953693
106,327,0.321569,0.337255,0.435294,0.340998,1.744338,0.243764,0.93568
467,37,0.313726,0.337255,0.431373,0.339048,1.98182,0.244441,0.938935
154,263,0.32549,0.32549,0.419608,0.332286,0.582511,0.247155,0.952005
413,157,0.321569,0.364706,0.513726,0.366294,2.08749,0.23208,0.879427
270,218,0.309804,0.317647,0.415686,0.323058,0.618871,0.250328,0.967279
255,496,0.435294,0.372549,0.509804,0.395798,0.55,0.219091,0.816897
399,260,0.384314,0.403922,0.588235,0.41306,1.239805,0.211615,0.780906
118,327,0.321569,0.329412,0.419608,0.334257,0.591254,0.244921,0.941247
263,319,0.470588,0.396078,0.494118,0.418998,1.239719,0.207828,0.762676
229,461,0.462745,0.376471,0.505882,0.404156,0.986425,0.214105,0.792895
460,140,0.301961,0.352941,0.486275,0.351729,2.080789,0.236503,0.900724
119,692,0.494118,0.435294,0.423529,0.446951,2.4,0.195464,0.703151
316,472,0.419608,0.360784,0.482353,0.382067,1.642947,0.223137,0.836373
280,533,0.443137,0.356863,0.470588,0.383416,1.746087,0.222529,0.833446
294,487,0.454902,0.376471,0.482353,0.40079,0.852981,0.215057,0.797477
280,150,0.301961,0.305882,0.384314,0.310711,0.55311,0.253661,0.983324
403,123,0.313726,0.329412,0.427451,0.333155,0.798675,0.243966,0.93665
295,582,0.576471,0.403922,0.462745,0.444853,0.699909,0.196062,0.706029
85,261,0.305882,0.313726,0.403922,0.31857,0.55,0.25011,0.966228
213,413,0.447059,0.360784,0.447059,0.385355,0.647003,0.22128,0.827435
200,450,0.45098,0.376471,0.45098,0.397691,0.727009,0.215695,0.800546
441,165,0.32549,0.372549,0.537255,0.374436,2.4,0.225522,0.847857
127,152,0.290196,0.317647,0.4,0.317757,0.55,0.249528,0.963425
265,617,0.564706,0.392157,0.419608,0.430823,0.85959,0.200981,0.72971
89,152,0.298039,0.321569,0.415686,0.323362,0.698206,0.246846,0.950514
240,667,0.486275,0.4,0.454902,0.422306,1.68601,0.204203,0.745223
19,312,0.298039,0.317647,0.396078,0.319141,0.846353,0.248226,0.957157
328,436,0.396078,0.352941,0.478431,0.371173,0.589717,0.225646,0.848454
47,63,0.286275,0.294118,0.352941,0.296697,1.082581,0.257529,1.001948
229,223,0.458824,0.4,0.517647,0.421,2.248446,0.203916,0.743841
264,500,0.466667,0.396078,0.545098,0.421845,2.4,0.203337,0.741055
298,92,0.32549,0.313726,0.388235,0.321606,1.432877,0.245564,0.944342
207,508,0.494118,0.388235,0.462745,0.416125,2.023899,0.204387,0.74611
164,490,0.447059,0.388235,0.462745,0.406121,2.4,0.208585,0.766317
292,155,0.309804,0.317647,0.407843,0.322492,0.878963,0.24441,0.938789
291,72,0.305882,0.301961,0.364706,0.307325,0.643117,0.250893,0.969999
163,297,0.368627,0.356863,0.466667,0.367292,0.625173,0.225132,0.845982
345,107,0.407843,0.384314,0.521569,0.399226,1.497922,0.211149,0.778664
267,461,0.423529,0.372549,0.509804,0.393297,1.635626,0.213587,0.790397
8,213,0.278431,0.298039,0.372549,0.29925,0.55,0.253765,0.983824
438,115,0.313726,0.333333,0.45098,0.337659,0.882267,0.236965,0.902947
384,261,0.372549,0.364706,0.513726,0.377133,0.55,0.219798,0.820299
45,391,0.313726,0.329412,0.431373,0.333438,0.55,0.238189,0.90884
311,494,0.498039,0.4,0.521569,0.42962,0.654552,0.196486,0.708072
2,364,0.301961,0.321569,0.392157,0.322496,0.598968,0.24223,0.928293
157,174,0.309804,0.337255,0.45098,0.33963,1.00683,0.23464,0.891753
446,195,0.337255,0.364706,0.505882,0.369063,1.5088,0.221982,0.830817
327,92,0.392157,0.360784,0.478431,0.375948,1.788966,0.219013,0.816523
177,243,0.329412,0.313726,0.4,0.323289,0.55,0.24137,0.924154
268,189,0.290196,0.301961,0.372549,0.304556,0.691818,0.249328,0.962464
262,490,0.47451,0.4,0.541176,0.426034,2.4,0.197181,0.711419
238,85,0.411765,0.392157,0.513726,0.405103,2.363367,0.205776,0.752795
55,712,0.364706,0.352941,0.388235,0.357991,0.674427,0.225934,0.84984
270,551,0.466667,0.364706,0.486275,0.39516,1.427541,0.209765,0.771999
403,220,0.34902,0.364706,0.513726,0.37213,0.55,0.219592,0.819308
442,181,0.32549,0.356863,0.505882,0.360952,0.867858,0.223926,0.840173
187,117,0.313726,0.337255,0.439216,0.339614,0.611513,0.232549,0.881685
45,370,0.305882,0.313726,0.396078,0.318004,0.568611,0.241794,0.926192
257,85,0.313726,0.309804,0.376471,0.315451,0.55,0.242819,0.931129
297,232,0.305882,0.305882,0.407843,0.313244,0.55,0.243391,0.933881
51,578,0.34902,0.329412,0.4,0.338677,0.55,0.232389,0.880915
316,214,0.329412,0.32549,0.443137,0.334818,1.532663,0.233928,0.888324
376,231,0.360784,0.356863,0.490196,0.367323,0.663735,0.219904,0.820813
14,543,0.313726,0.305882,0.380392,0.312929,0.55,0.24307,0.932337
478,111,0.282353,0.32549,0.447059,0.325096,0.55,0.237714,0.906551
317,289,0.290196,0.321569,0.435294,0.32311,0.68313,0.238161,0.908702
477,282,0.341176,0.368627,0.541176,0.375249,1.847247,0.215673,0.800444
453,393,0.352941,0.368627,0.521569,0.376335,2.4,0.215053,0.797459
367,282,0.341176,0.32549,0.462745,0.338735,0.55,0.230967,0.874071
56,302,0.294118,0.313726,0.392157,0.31522,0.886236,0.24101,0.922421
459,117,0.294118,0.345098,0.470588,0.34332,1.652152,0.228892,0.86408
274,112,0.294118,0.298039,0.368627,0.302302,0.732648,0.245995,0.94642
304,248,0.309804,0.313726,0.423529,0.32082,0.645008,0.238023,0.908038
206,447,0.443137,0.364706,0.443137,0.387043,0.667043,0.209576,0.771088
260,508,0.411765,0.352941,0.47451,0.374224,0.849623,0.214575,0.795155
261,192,0.329412,0.321569,0.403922,0.329182,1.194958,0.233856,0.887976
221,578,0.486275,0.388235,0.482353,0.415874,0.679994,0.196409,0.707702
329,72,0.337255,0.321569,0.415686,0.331699,0.783709,0.232446,0.88119
173,357,0.364706,0.333333,0.423529,0.346515,0.681382,0.225627,0.848362
232,576,0.435294,0.360784,0.47451,0.384836,0.55,0.209002,0.768324
406,39,0.294118,0.313726,0.396078,0.315503,2.027896,0.238282,0.909285
381,325,0.333333,0.329412,0.462745,0.339872,0.675767,0.227796,0.858806
330,97,0.356863,0.32549,0.423529,0.339238,0.646501,0.228016,0.859864
494,373,0.356863,0.356863,0.552941,0.37102,0.55,0.214293,0.793801
441,131,0.317647,0.341176,0.47451,0.345801,0.750989,0.22475,0.844138
245,498,0.45098,0.380392,0.537255,0.406725,0.578911,0.198628,0.718383
64,714,0.376471,0.356863,0.380392,0.36273,0.65016,0.217213,0.807857
243,151,0.32549,0.309804,0.4,0.319651,1.265962,0.235632,0.896529
178,411,0.396078,0.34902,0.435294,0.365253,0.55,0.215834,0.801216
399,178,0.352941,0.372549,0.533333,0.379989,1.373933,0.209429,0.770384
492,415,0.364706,0.352941,0.52549,0.3679,0.67372,0.214414,0.794379
139,132,0.282353,0.294118,0.360784,0.29643,0.592612,0.24499,0.941582
402,215,0.345098,0.360784,0.509804,0.368209,0.724361,0.214185,0.793279
301,104,0.321569,0.309804,0.392157,0.318251,2.296784,0.23508,0.89387
183,325,0.423529,0.388235,0.509804,0.404516,0.60088,0.197818,0.714485
119,333,0.309804,0.317647,0.407843,0.322492,0.645241,0.232919,0.883467
436,216,0.341176,0.341176,0.482353,0.351369,0.944797,0.220287,0.822655
460,307,0.32549,0.352941,0.529412,0.359846,0.650986,0.216442,0.804143
223,287,0.427451,0.356863,0.454902,0.378948,0.55,0.208124,0.764099
360,112,0.364706,0.360784,0.490196,0.370962,2.4,0.211466,0.780188
93,317,0.305882,0.313726,0.407843,0.318853,0.860747,0.233789,0.887658
399,314,0.356863,0.352941,0.486275,0.363402,0.55,0.214329,0.793974
356,141,0.364706,0.352941,0.466667,0.363653,0.774475,0.214174,0.793227
141,61,0.27451,0.301961,0.372549,0.301221,0.767018,0.240573,0.920316
121,260,0.301961,0.321569,0.431373,0.325328,2.4,0.230088,0.869839
486,47,0.286275,0.313726,0.427451,0.3161,0.55,0.233993,0.888637
420,108,0.298039,0.32549,0.431373,0.327299,1.903531,0.229043,0.864806
481,248,0.301961,0.341176,0.501961,0.344448,0.6101,0.221562,0.828793
247,538,0.415686,0.356863,0.47451,0.377863,2.010055,0.2072,0.759652
462,32,0.270588,0.305882,0.396078,0.304891,0.55,0.23838,0.909759
6,280,0.27451,0.294118,0.368627,0.295329,0.55,0.242308,0.928668
167,312,0.388235,0.368627,0.494118,0.381856,1.411365,0.205222,0.750126
252,205,0.305882,0.305882,0.4,0.312678,1.327164,0.23482,0.892618
313,88,0.337255,0.313726,0.419608,0.326373,1.19374,0.228949,0.864354
371,152,0.372549,0.380392,0.529412,0.389484,2.4,0.201637,0.732871
188,105,0.309804,0.32549,0.431373,0.3298,0.778199,0.226805,0.854034
412,491,0.411765,0.352941,0.513726,0.377056,0.558769,0.206489,0.756229
76,167,0.286275,0.305882,0.392157,0.307943,1.562214,0.235927,0.897947
357,114,0.372549,0.356863,0.494118,0.370107,2.100701,0.209201,0.769285
379,138,0.345098,0.356863,0.494118,0.364271,0.802615,0.211651,0.781078
243,406,0.435294,0.372549,0.490196,0.394383,0.777441,0.198699,0.718727
492,21,0.270588,0.317647,0.427451,0.31557,0.55,0.231866,0.878399
290,11,0.294118,0.305882,0.372549,0.308195,2.248846,0.23492,0.893103
309,112,0.321569,0.305882,0.392157,0.315446,0.814671,0.231667,0.877438
347,225,0.337255,0.333333,0.454902,0.342944,0.683987,0.219611,0.819401
241,164,0.403922,0.360784,0.486275,0.379016,1.94286,0.203929,0.743902
113,712,0.435294,0.388235,0.388235,0.39824,0.626508,0.195158,0.701679
275,131,0.286275,0.294118,0.376471,0.298396,2.4,0.237592,0.905964
297,21,0.317647,0.309804,0.403922,0.318267,2.001859,0.228697,0.86314
369,210,0.337255,0.333333,0.458824,0.343227,0.630512,0.217911,0.811214
445,316,0.341176,0.345098,0.490196,0.35474,0.55,0.212967,0.787413
230,4,0.321569,0.345098,0.470588,0.349156,2.4,0.215345,0.798865
393,285,0.360784,0.360784,0.498039,0.370694,1.43608,0.20603,0.75402
234,177,0.384314,0.345098,0.45098,0.36108,1.169101,0.209916,0.772727
228,25,0.341176,0.352941,0.47451,0.359217,1.795393,0.210582,0.775933
289,496,0.458824,0.364706,0.458824,0.391511,0.55,0.196568,0.708467
40,53,0.266667,0.27451,0.321569,0.27624,0.55,0.245944,0.946173
307,214,0.286275,0.301961,0.411765,0.306554,0.578236,0.232944,0.883587
362,448,0.364706,0.32549,0.458824,0.343454,0.679151,0.217061,0.807123
419,246,0.329412,0.360784,0.509804,0.364874,2.052899,0.207457,0.760889
391,20,0.294118,0.313726,0.4,0.315786,2.4,0.228316,0.861307
337,176,0.329412,0.317647,0.423529,0.327793,0.55,0.223126,0.836322
322,227,0.32549,0.313726,0.427451,0.324438,0.55,0.224262,0.841793
88,441,0.337255,0.337255,0.431373,0.34405,0.55,0.215677,0.80046
74,149,0.270588,0.294118,0.380392,0.295344,0.691878,0.236469,0.90056
451,406,0.345098,0.341176,0.505882,0.353902,0.583488,0.211335,0.779559
299,472,0.415686,0.34902,0.47451,0.372253,0.879602,0.203408,0.741394
454,24,0.27451,0.305882,0.396078,0.305725,0.709578,0.231732,0.877751
347,353,0.352941,0.329412,0.462745,0.344041,0.55,0.215237,0.798342
265,540,0.431373,0.352941,0.462745,0.377544,0.77916,0.200793,0.728805
57,539,0.337255,0.317647,0.396078,0.327478,0.724259,0.222155,0.831648
401,172,0.341176,0.360784,0.521569,0.368224,1.817421,0.204428,0.746307
323,14,0.305882,0.301961,0.372549,0.307891,2.4,0.230237,0.870554
280,513,0.447059,0.34902,0.466667,0.378357,2.4,0.199799,0.724019
323,149,0.305882,0.309804,0.419608,0.316898,0.583053,0.22606,0.850447
256,38,0.294118,0.290196,0.352941,0.29556,2.240444,0.235027,0.893615
188,481,0.431373,0.356863,0.431373,0.378083,0.765751,0.199482,0.722497
324,467,0.407843,0.34902,0.478431,0.370869,0.96733,0.20223,0.735722
418,62,0.298039,0.317647,0.431373,0.321689,2.021783,0.223151,0.836442
19,478,0.298039,0.309804,0.384314,0.312682,0.55,0.226937,0.854671
124,367,0.333333,0.32549,0.435294,0.335086,1.321288,0.21715,0.807552
453,131,0.298039,0.32549,0.462745,0.329564,2.4,0.219197,0.817407
444,24,0.282353,0.305882,0.4,0.307675,1.478046,0.228524,0.862311
419,79,0.286275,0.305882,0.396078,0.308226,0.605359,0.22812,0.860365
175,482,0.423529,0.356863,0.427451,0.376133,0.877306,0.19892,0.719787
243,199,0.333333,0.313726,0.423529,0.325822,0.654702,0.22026,0.822524
425,207,0.321569,0.333333,0.470588,0.340742,0.55,0.213823,0.791535
112,576,0.364706,0.321569,0.388235,0.335553,0.73517,0.215854,0.801314
24,530,0.309804,0.301961,0.384314,0.309574,0.598922,0.226922,0.854596
345,36,0.321569,0.309804,0.392157,0.318251,1.055618,0.223147,0.836425
22,149,0.270588,0.278431,0.337255,0.281011,0.750282,0.238415,0.909926
64,348,0.301961,0.309804,0.407843,0.315215,2.216704,0.223681,0.838995
476,267,0.321569,0.34902,0.513726,0.355075,2.4,0.20639,0.75575
216,139,0.317647,0.305882,0.388235,0.314329,0.55,0.223506,0.838154
418,182,0.321569,0.345098,0.478431,0.349722,0.55,0.208026,0.763625
213,5,0.282353,0.313726,0.403922,0.313568,0.570631,0.223035,0.835884
101,302,0.286275,0.309804,0.411765,0.312163,1.979768,0.223506,0.83815
477,478,0.407843,0.341176,0.517647,0.368091,0.55,0.199209,0.72118
93,505,0.352941,0.337255,0.443137,0.348235,0.922251,0.207565,0.761406
165,174,0.290196,0.313726,0.411765,0.315802,1.340533,0.221396,0.827992
275,185,0.282353,0.290196,0.376471,0.294758,0.605012,0.230401,0.871347
405,15,0.282353,0.301961,0.392157,0.304304,0.667723,0.226119,0.850734
166,284,0.329412,0.321569,0.439216,0.33173,1.27892,0.214272,0.793695
290,176,0.27451,0.294118,0.376471,0.295895,0.55,0.229563,0.867311
241,6,0.333333,0.321569,0.427451,0.331715,1.022778,0.214179,0.79325
433,361,0.337255,0.356863,0.513726,0.36402,2.4,0.200271,0.726295
391,192,0.356863,0.360784,0.517647,0.371276,0.854307,0.197064,0.710853
472,125,0.278431,0.309804,0.431373,0.311911,0.636154,0.222284,0.832271
276,107,0.278431,0.282353,0.352941,0.286616,0.55,0.232961,0.883672
181,58,0.278431,0.309804,0.4,0.309646,2.4,0.22243,0.832969
422,103,0.294118,0.313726,0.431373,0.318051,1.016832,0.218717,0.815099
393,196,0.337255,0.360784,0.521569,0.367391,2.246488,0.197156,0.711299
37,687,0.32549,0.317647,0.364706,0.322712,0.685656,0.216252,0.80323
354,218,0.313726,0.309804,0.427451,0.319132,0.55,0.217739,0.810388
144,492,0.384314,0.341176,0.427451,0.356577,0.800286,0.201664,0.732998
297,191,0.270588,0.290196,0.376471,0.292256,0.55,0.229184,0.865485
6,377,0.27451,0.294118,0.372549,0.295612,0.6282,0.227529,0.857521
108,469,0.352941,0.364706,0.494118,0.371548,1.355281,0.194844,0.700166
318,242,0.301961,0.305882,0.423529,0.313543,0.623314,0.219331,0.81805
149,462,0.372549,0.341176,0.435294,0.354642,0.55,0.201374,0.731602
11,608,0.305882,0.298039,0.34902,0.303387,0.58186,0.222845,0.834969
401,80,0.294118,0.301961,0.392157,0.306806,2.4,0.221334,0.827697
309,427,0.360784,0.313726,0.431373,0.332224,2.104703,0.210314,0.774641
171,115,0.294118,0.317647,0.419608,0.320006,0.730753,0.215481,0.799516
321,210,0.337255,0.321569,0.439216,0.333398,0.644562,0.209636,0.771379
110,428,0.321569,0.321569,0.415686,0.328364,0.55,0.211756,0.781582
103,214,0.27451,0.294118,0.368627,0.295329,0.686067,0.225871,0.849536
495,196,0.266667,0.32549,0.482353,0.32431,0.844916,0.212955,0.787355
173,58,0.266667,0.290196,0.384314,0.291989,0.55,0.226797,0.853995
7,353,0.266667,0.286275,0.364706,0.287769,0.55,0.228366,0.861548
336,156,0.317647,0.305882,0.423529,0.316878,0.985064,0.215851,0.801297
136,348,0.321569,0.313726,0.407843,0.322188,2.4,0.213295,0.788993
416,174,0.305882,0.333333,0.466667,0.337124,0.55,0.20669,0.757198
191,90,0.313726,0.313726,0.415686,0.321087,2.4,0.213542,0.790182
8,273,0.266667,0.286275,0.372549,0.288335,1.886828,0.227571,0.857724
251,165,0.396078,0.345098,0.45098,0.363581,2.250132,0.195211,0.701934
116,301,0.286275,0.309804,0.403922,0.311597,0.656987,0.216979,0.806728
257,21,0.286275,0.290196,0.364706,0.294742,1.586388,0.224186,0.841427
316,35,0.309804,0.298039,0.376471,0.306203,2.4,0.219227,0.817554
237,188,0.356863,0.317647,0.423529,0.333629,0.55,0.207462,0.760914
228,122,0.290196,0.278431,0.352941,0.286312,0.577568,0.227711,0.858393
26,5,0.270588,0.270588,0.309804,0.27342,0.83776,0.232856,0.883162
260,424,0.396078,0.337255,0.45098,0.357972,0.854228,0.196101,0.706216
362,3,0.294118,0.290196,0.360784,0.296126,0.566888,0.222326,0.83247
122,520,0.364706,0.329412,0.403922,0.342295,2.31785,0.202284,0.735982
459,74,0.270588,0.294118,0.396078,0.296477,0.6498,0.221917,0.830502
221,130,0.294118,0.282353,0.364706,0.2908,0.567703,0.224267,0.841817
197,31,0.258824,0.290196,0.372549,0.289472,0.782234,0.223198,0.836667
312,72,0.317647,0.290196,0.360784,0.301129,0.586779,0.217548,0.809466
317,91,0.32549,0.301961,0.403922,0.314325,0.729901,0.211815,0.781867
161,287,0.313726,0.309804,0.427451,0.319132,0.734847,0.209697,0.771671
373,15,0.298039,0.298039,0.4,0.305401,0.902643,0.215179,0.798066
467,255,0.313726,0.337255,0.498039,0.343861,2.4,0.198638,0.718432
356,307,0.32549,0.321569,0.447059,0.331463,1.766651,0.20377,0.743138
292,203,0.27451,0.282353,0.372549,0.287198,0.682922,0.222682,0.834187
162,389,0.356863,0.337255,0.427451,0.347936,0.702928,0.196581,0.708528
258,93,0.294118,0.290196,0.360784,0.296126,0.55,0.218495,0.814029
128,144,0.262745,0.286275,0.352941,0.286085,0.893579,0.222759,0.834555
122,225,0.27451,0.278431,0.356863,0.28326,0.880517,0.223537,0.838299
184,154,0.298039,0.305882,0.392157,0.310444,0.661035,0.211828,0.781932
401,66,0.301961,0.305882,0.415686,0.312976,0.686244,0.210159,0.773895
20,361,0.266667,0.286275,0.364706,0.287769,0.55,0.220959,0.82589
453,86,0.278431,0.313726,0.427451,0.314433,0.833569,0.209453,0.770498
48,407,0.290196,0.305882,0.403922,0.309626,0.588564,0.211463,0.780175
232,192,0.360784,0.32549,0.435294,0.340922,1.936339,0.198016,0.715436
265,86,0.294118,0.286275,0.380392,0.294737,2.4,0.21757,0.809576
336,415,0.337255,0.305882,0.431373,0.321613,0.55,0.205893,0.753357
224,49,0.321569,0.321569,0.427451,0.329213,1.989269,0.202553,0.73728
85,406,0.290196,0.309804,0.4,0.312147,0.55,0.209273,0.769629
17,343,0.266667,0.286275,0.372549,0.288335,0.55,0.219426,0.818509
286,370,0.368627,0.313726,0.439216,0.334458,2.4,0.199555,0.722845
266,174,0.270588,0.27451,0.352941,0.279339,0.55,0.223087,0.836136
227,254,0.368627,0.321569,0.415686,0.338369,0.551574,0.197497,0.712937
450,36,0.270588,0.301961,0.415686,0.303502,0.901181,0.212242,0.783923
92,30,0.247059,0.270588,0.329412,0.269833,0.622283,0.226633,0.853207
53,241,0.254902,0.282353,0.356863,0.281896,0.61499,0.221462,0.828313
315,46,0.305882,0.286275,0.368627,0.296389,1.068682,0.215089,0.79763
122,10,0.254902,0.270588,0.321569,0.270934,0.836495,0.225942,0.849881
301,355,0.384314,0.321569,0.435294,0.343119,0.95895,0.194884,0.700357
59,145,0.258824,0.270588,0.337255,0.2729,0.55,0.224957,0.845135
191,65,0.278431,0.305882,0.423529,0.30854,2.4,0.209417,0.770325
331,27,0.298039,0.286275,0.352941,0.293589,0.862162,0.21582,0.801149
293,420,0.34902,0.305882,0.423529,0.323547,0.844407,0.202797,0.738452
461,36,0.25098,0.290196,0.384314,0.288654,0.625864,0.217393,0.808723
442,40,0.262745,0.305882,0.415686,0.304639,2.4,0.210438,0.775238
27,493,0.294118,0.301961,0.388235,0.306522,2.4,0.20932,0.769855
161,62,0.258824,0.278431,0.360784,0.280209,0.55,0.220584,0.824087
337,271,0.278431,0.294118,0.427451,0.300409,0.55,0.211344,0.779602
355,285,0.313726,0.298039,0.423529,0.310435,0.719711,0.207032,0.758841
306,388,0.32549,0.298039,0.407843,0.311803,0.662556,0.2057,0.752431
347,155,0.321569,0.309804,0.415686,0.31995,0.674217,0.201761,0.733468
327,130,0.32549,0.313726,0.419608,0.323871,0.996445,0.199605,0.723088
30,471,0.286275,0.294118,0.388235,0.299245,0.641258,0.209974,0.773004
93,208,0.254902,0.286275,0.364706,0.285267,2.4,0.215854,0.801315
145,77,0.262745,0.286275,0.372549,0.287501,0.6686,0.21475,0.795996
457,233,0.298039,0.32549,0.470588,0.33013,0.762214,0.196336,0.707352
333,229,0.329412,0.317647,0.427451,0.328076,2.4,0.197214,0.711576
405,358,0.321569,0.313726,0.466667,0.326435,0.601714,0.197814,0.714466
105,569,0.356863,0.313726,0.376471,0.327427,0.67896,0.197313,0.712052
409,105,0.278431,0.290196,0.384314,0.29449,0.760161,0.211372,0.779734
53,433,0.286275,0.294118,0.392157,0.299529,0.708352,0.209036,0.768488
54,297,0.258824,0.278431,0.356863,0.279925,0.603785,0.217085,0.80724
185,112,0.282353,0.301961,0.427451,0.306853,1.356544,0.205497,0.75145
92,383,0.294118,0.305882,0.415686,0.311309,1.187116,0.203057,0.739704
420,53,0.262745,0.294118,0.384314,0.29396,2.4,0.210386,0.774989
140,363,0.321569,0.309804,0.415686,0.31995,0.55,0.198462,0.717584
40,520,0.298039,0.290196,0.372549,0.297809,0.55,0.207658,0.761854
323,190,0.305882,0.298039,0.411765,0.307918,0.569059,0.20318,0.740298
111,12,0.227451,0.278431,0.356863,0.273256,1.07148,0.216896,0.80633
412,72,0.270588,0.278431,0.368627,0.283276,0.55,0.212541,0.785363
479,38,0.262745,0.298039,0.407843,0.298464,2.171933,0.20562,0.752044
334,302,0.301961,0.301961,0.443137,0.312154,2.4,0.199525,0.7227
292,181,0.27451,0.290196,0.396078,0.294506,2.202104,0.206792,0.757688
262,110,0.301961,0.286275,0.372549,0.295838,2.116682,0.206008,0.753914
462,125,0.262745,0.298039,0.423529,0.299596,0.933944,0.203807,0.743317
292,253,0.305882,0.294118,0.407843,0.30483,0.71765,0.201302,0.731258
116,383,0.309804,0.305882,0.407843,0.314078,0.566754,0.197221,0.71161
295,0,0.266667,0.286275,0.341176,0.28607,1.23465,0.208561,0.766201
254,132,0.298039,0.286275,0.396078,0.296704,0.744787,0.203843,0.743489
252,19,0.301961,0.294118,0.380392,0.302014,1.320024,0.200562,0.727695
472,208,0.278431,0.309804,0.462745,0.314176,0.55,0.195083,0.701319
122,154,0.254902,0.278431,0.372549,0.280224,2.189445,0.209113,0.768859
361,358,0.305882,0.301961,0.431373,0.312138,0.66103,0.195428,0.702977
164,277,0.290196,0.290196,0.384314,0.296991,0.914877,0.201558,0.73249
423,82,0.282353,0.294118,0.415686,0.300394,0.810028,0.199939,0.724695
67,29,0.247059,0.254902,0.321569,0.258048,0.67962,0.217968,0.811489
128,239,0.278431,0.290196,0.388235,0.294773,1.721848,0.201424,0.731843
355,53,0.27451,0.278431,0.360784,0.283544,0.580165,0.206087,0.754295
252,12,0.290196,0.282353,0.368627,0.290249,0.774788,0.202314,0.736131
248,72,0.278431,0.266667,0.341176,0.274547,0.730913,0.208945,0.76805
81,370,0.278431,0.286275,0.396078,0.292535,0.55,0.201217,0.730845
243,255,0.317647,0.27451,0.372549,0.290759,0.55,0.201936,0.73431
486,19,0.254902,0.286275,0.392157,0.287249,2.4,0.203409,0.741401
329,329,0.298039,0.282353,0.407843,0.294748,0.55,0.200006,0.725015
314,29,0.305882,0.286275,0.372549,0.296672,2.4,0.198852,0.71946
263,59,0.258824,0.254902,0.309804,0.2597,0.71326,0.214205,0.793375
198,38,0.258824,0.286275,0.364706,0.286101,0.926295,0.202809,0.738514
171,106,0.270588,0.278431,0.372549,0.283559,0.664576,0.203564,0.742145
203,239,0.313726,0.286275,0.380392,0.298906,1.054509,0.196967,0.710387
154,94,0.243137,0.266667,0.356863,0.268176,0.55,0.209873,0.77252
347,163,0.290196,0.290196,0.392157,0.297558,0.55,0.196721,0.709203
438,37,0.254902,0.294118,0.4,0.293425,1.036721,0.198115,0.715912
309,12,0.298039,0.286275,0.368627,0.294722,0.569168,0.196155,0.706477
258,75,0.270588,0.270588,0.341176,0.275685,1.904136,0.203788,0.743224
296,28,0.282353,0.27451,0.368627,0.282973,2.096947,0.200566,0.727714
429,99,0.254902,0.286275,0.376471,0.286117,0.55,0.199181,0.721048
272,224,0.254902,0.262745,0.356863,0.267873,0.55,0.20585,0.75315
84,328,0.262745,0.278431,0.384314,0.282741,1.663256,0.199273,0.721487
98,287,0.270588,0.278431,0.360784,0.28271,0.998777,0.19716,0.711318
148,8,0.227451,0.254902,0.321569,0.253879,1.93977,0.20911,0.768845
4,464,0.270588,0.270588,0.364706,0.277384,0.55,0.198761,0.719023
24,314,0.243137,0.266667,0.352941,0.267893,0.697234,0.202803,0.738482
184,55,0.247059,0.270588,0.356863,0.271815,2.4,0.200409,0.726958
204,28,0.247059,0.266667,0.34902,0.268444,0.686458,0.20171,0.733219
150,251,0.266667,0.270588,0.352941,0.2757,0.715565,0.197708,0.713954
297,83,0.278431,0.266667,0.341176,0.274547,2.4,0.19776,0.714205
131,11,0.243137,0.254902,0.321569,0.257214,1.473596,0.205008,0.749096
83,282,0.258824,0.266667,0.352941,0.271228,0.76744,0.198458,0.717567
303,35,0.278431,0.270588,0.341176,0.277352,1.222947,0.195596,0.703787
124,121,0.243137,0.262745,0.341176,0.264239,1.140077,0.200848,0.729072
280,9,0.239216,0.247059,0.305882,0.249638,0.866667,0.205153,0.749795
56,81,0.227451,0.243137,0.34902,0.247447,1.087095,0.205985,0.7538
308,119,0.262745,0.262745,0.352941,0.269257,0.7883,0.196051,0.705977
319,171,0.25098,0.258824,0.34902,0.263668,0.55,0.198168,0.716169
166,202,0.262745,0.262745,0.360784,0.269824,1.141266,0.195333,0.70252
119,69,0.227451,0.25098,0.313726,0.250508,0.55,0.20342,0.741451
133,77,0.227451,0.25098,0.321569,0.251075,0.55,0.202695,0.737962
79,151,0.231373,0.258824,0.333333,0.258367,0.55,0.199115,0.72073
95,279,0.243137,0.258824,0.333333,0.260868,0.622168,0.197009,0.710588
12,28,0.243137,0.235294,0.278431,0.240076,0.682294,0.205827,0.753043
48,342,0.243137,0.254902,0.345098,0.258913,0.563998,0.197671,0.713776
123,40,0.227451,0.247059,0.321569,0.24827,0.671122,0.200619,0.727968
285,41,0.235294,0.243137,0.294118,0.245151,0.712155,0.201897,0.73412
86,148,0.227451,0.25098,0.337255,0.252207,2.4,0.196802,0.709591
263,31,0.227451,0.231373,0.290196,0.234786,0.634147,0.203737,0.74298
62,104,0.227451,0.247059,0.32549,0.248553,1.15461,0.194906,0.700466
276,35,0.219608,0.231373,0.270588,0.231703,0.600811,0.19654,0.708332
272,46,0.219608,0.219608,0.282353,0.224138,1.400338,0.195186,0.701813
