imageX,imageY,r,g,b,luminance,estimatedRadiusPixels,localContrast,emissive
492,202,0.898039,0.866667,1.0,0.882963,0.618702,0.67139,3.423621
500,584,0.796078,0.858824,0.905882,0.848882,0.55,0.684683,3.5
355,274,0.956863,0.929412,1.0,0.940344,0.785459,0.626304,3.164567
192,447,0.917647,0.878431,1.0,0.895546,0.55,0.609755,3.069477
23,96,0.760784,0.74902,0.811765,0.756051,0.656781,0.617729,3.115298
268,719,0.729412,0.729412,0.764706,0.73196,0.684518,0.623027,3.145736
499,679,0.721569,0.721569,0.796078,0.726948,0.55,0.621609,3.137588
207,7,0.717647,0.686275,0.878431,0.706818,0.679313,0.620279,3.129951
384,197,0.807843,0.768627,0.960784,0.790838,0.742879,0.573708,2.86236
31,353,0.756863,0.72549,0.858824,0.741787,0.55,0.573619,2.861848
302,233,0.760784,0.741176,0.960784,0.761201,0.893502,0.524881,2.581815
436,145,0.690196,0.698039,0.796078,0.70345,0.66627,0.543224,2.687207
275,169,0.72549,0.694118,0.921569,0.717209,0.715181,0.521256,2.560986
379,203,0.74902,0.721569,0.882353,0.739013,1.683557,0.506741,2.477581
416,577,0.709804,0.768627,0.996078,0.772544,0.55,0.486281,2.360024
481,298,0.721569,0.721569,0.92549,0.736292,0.687177,0.491817,2.391835
458,182,0.686275,0.670588,0.792157,0.6827,0.602852,0.502655,2.454108
441,452,0.741176,0.745098,0.968627,0.760403,1.213247,0.469129,2.261472
386,524,0.733333,0.831373,1.0,0.822704,1.347335,0.438246,2.084025
297,681,0.615686,0.647059,0.721569,0.645769,0.55,0.510388,2.498537
452,674,0.623529,0.631373,0.678431,0.633103,0.659327,0.512716,2.511913
138,149,0.65098,0.631373,0.74902,0.644035,0.55,0.505253,2.469034
291,511,0.815686,0.784314,1.0,0.806556,2.4,0.435583,2.068727
421,629,0.639216,0.670588,0.780392,0.671846,1.770787,0.484811,2.351578
180,585,0.752941,0.737255,0.964706,0.757012,1.531109,0.448247,2.141488
270,599,0.8,0.819608,1.0,0.828464,1.134077,0.406671,1.902601
396,96,0.627451,0.623529,0.717647,0.631158,1.195373,0.490194,2.382511
414,654,0.603922,0.627451,0.705882,0.628111,0.711564,0.491022,2.387263
415,625,0.607843,0.654902,0.776471,0.653674,2.09562,0.47477,2.293886
195,76,0.607843,0.596078,0.709804,0.606791,0.551218,0.492241,2.394268
419,514,0.72549,0.74902,0.992157,0.761572,0.772903,0.422034,1.990875
491,605,0.592157,0.6,0.658824,0.60258,0.55,0.489382,2.377841
399,312,0.67451,0.627451,0.780392,0.648498,1.07761,0.466251,2.244935
318,324,0.678431,0.647059,0.8,0.664771,0.55,0.456378,2.188207
437,416,0.713726,0.678431,0.862745,0.699242,0.55,0.437859,2.081804
220,512,0.756863,0.729412,0.972549,0.752802,1.188769,0.414761,1.949089
251,241,0.662745,0.639216,0.788235,0.654977,0.55,0.45451,2.177474
357,513,0.780392,0.815686,1.0,0.82149,1.505669,0.375941,1.726036
406,186,0.627451,0.623529,0.756863,0.63399,0.799946,0.454465,2.177215
243,636,0.67451,0.713726,0.909804,0.719545,1.612129,0.416101,1.956784
258,652,0.631373,0.658824,0.823529,0.664879,1.002388,0.438657,2.086387
371,297,0.713726,0.647059,0.854902,0.676238,1.208719,0.432457,2.050764
344,93,0.603922,0.603922,0.701961,0.611,0.55,0.458797,2.202108
276,650,0.615686,0.654902,0.796078,0.656758,0.55,0.43918,2.089396
495,571,0.592157,0.592157,0.662745,0.597253,0.55,0.464314,2.233806
55,612,0.592157,0.592157,0.686275,0.598952,1.321708,0.463025,2.226401
358,643,0.596078,0.65098,0.796078,0.649784,2.286457,0.435973,2.070965
399,595,0.635294,0.701961,0.898039,0.701944,0.6569,0.412773,1.937664
176,398,0.658824,0.627451,0.788235,0.645729,0.67508,0.436131,2.071872
406,124,0.694118,0.67451,0.921569,0.696516,2.019207,0.413813,1.94364
132,384,0.639216,0.6,0.74902,0.619097,0.55,0.44552,2.12582
136,193,0.584314,0.568627,0.709804,0.582155,0.55,0.460195,2.210142
156,208,0.603922,0.584314,0.729412,0.598958,0.932142,0.450755,2.155899
477,133,0.584314,0.576471,0.662745,0.584367,0.830246,0.454266,2.176073
399,200,0.607843,0.596078,0.733333,0.608489,1.332022,0.441798,2.104437
450,600,0.576471,0.603922,0.713726,0.606013,0.592762,0.442852,2.11049
357,623,0.623529,0.670588,0.87451,0.675307,0.920823,0.413052,1.939265
477,235,0.627451,0.611765,0.768627,0.626425,0.55,0.433774,2.058329
274,611,0.709804,0.741176,1.0,0.753194,0.659506,0.378875,1.742891
490,479,0.639216,0.635294,0.796078,0.647736,0.55,0.421485,1.987721
305,592,0.752941,0.764706,1.0,0.779193,2.4,0.361347,1.642179
402,577,0.627451,0.709804,0.92549,0.707868,2.330245,0.389716,1.805184
489,207,0.623529,0.603922,0.764706,0.619699,1.312886,0.427035,2.019609
288,47,0.545098,0.541176,0.596078,0.545974,1.126913,0.457655,2.195547
319,704,0.545098,0.560784,0.643137,0.563395,0.96321,0.44841,2.142427
401,169,0.654902,0.623529,0.807843,0.643507,1.132488,0.413523,1.941972
275,507,0.72549,0.698039,0.92549,0.720297,0.902947,0.380461,1.752005
251,502,0.721569,0.694118,0.901961,0.71496,0.632523,0.379973,1.749201
413,387,0.67451,0.65098,0.862745,0.671272,0.55,0.393698,1.828064
409,613,0.556863,0.639216,0.776471,0.631617,1.911035,0.410442,1.924272
472,382,0.654902,0.623529,0.807843,0.643507,1.630915,0.404977,1.892872
489,194,0.6,0.580392,0.705882,0.593621,1.176295,0.425543,2.011036
470,531,0.619608,0.635294,0.807843,0.644417,1.092936,0.401951,1.875484
443,88,0.556863,0.552941,0.615686,0.558305,0.633514,0.438121,2.083306
492,162,0.552941,0.541176,0.607843,0.548491,0.55,0.441523,2.102855
499,315,0.623529,0.631373,0.784314,0.640747,1.344391,0.401786,1.874536
284,648,0.580392,0.627451,0.788235,0.629055,0.651232,0.405907,1.898216
41,407,0.596078,0.568627,0.701961,0.58409,0.641645,0.424113,2.00282
389,483,0.678431,0.705882,0.952941,0.717884,2.000406,0.365844,1.668023
201,314,0.592157,0.572549,0.721569,0.587477,0.55,0.416626,1.9598
481,503,0.592157,0.639216,0.819608,0.642235,1.010378,0.391699,1.816577
357,526,0.705882,0.733333,1.0,0.746751,0.55,0.346442,1.55654
467,312,0.635294,0.6,0.803922,0.622227,1.472356,0.398048,1.853055
318,708,0.517647,0.533333,0.647059,0.538209,1.865565,0.43319,2.054974
273,492,0.67451,0.643137,0.858824,0.66538,1.161659,0.378512,1.740808
287,571,0.741176,0.741176,1.0,0.759864,0.578757,0.337812,1.506956
373,428,0.65098,0.670588,0.894118,0.682558,1.305086,0.370344,1.693874
464,527,0.603922,0.627451,0.815686,0.636039,1.596473,0.389552,1.804243
289,514,0.721569,0.690196,0.913725,0.713005,2.4,0.355646,1.609427
155,625,0.576471,0.580392,0.729412,0.590318,0.55,0.408108,1.910861
445,127,0.533333,0.545098,0.643137,0.549675,0.650796,0.425143,2.008739
385,381,0.713726,0.690196,0.909804,0.711054,1.296764,0.354494,1.602805
486,354,0.603922,0.588235,0.74902,0.603179,0.55,0.398733,1.856993
321,116,0.576471,0.584314,0.776471,0.59652,1.67921,0.401323,1.871872
401,53,0.529412,0.517647,0.580392,0.524678,0.55,0.429805,2.035525
150,386,0.592157,0.560784,0.717647,0.57878,0.55,0.40604,1.89898
381,474,0.682353,0.682353,0.917647,0.699341,1.774233,0.353901,1.5994
372,545,0.65098,0.709804,0.964706,0.715702,2.393915,0.346376,1.556162
463,284,0.635294,0.611765,0.784314,0.629225,0.730742,0.383138,1.767391
54,585,0.556863,0.545098,0.65098,0.555244,0.55,0.4126,1.936668
21,637,0.533333,0.52549,0.572549,0.530555,0.774479,0.421375,1.987091
167,605,0.615686,0.623529,0.815686,0.635736,1.090192,0.376231,1.7277
334,304,0.623529,0.588235,0.764706,0.60848,0.55,0.387575,1.79288
369,495,0.670588,0.72549,0.992157,0.733071,2.4,0.333583,1.482658
459,426,0.615686,0.6,0.792157,0.617209,0.81878,0.382872,1.765862
295,695,0.517647,0.541176,0.603922,0.540704,1.304839,0.414724,1.948875
482,676,0.505882,0.505882,0.568627,0.510413,0.55,0.427611,2.022922
220,394,0.6,0.568627,0.729412,0.586906,1.054028,0.393782,1.828545
483,684,0.509804,0.513726,0.552941,0.515723,0.715746,0.422865,1.995653
160,688,0.501961,0.509804,0.556863,0.511534,0.55,0.424518,2.005148
422,278,0.537255,0.560784,0.729412,0.567957,0.72554,0.399631,1.862154
189,208,0.545098,0.541176,0.670588,0.551354,0.728992,0.4065,1.90162
474,465,0.615686,0.615686,0.831373,0.631259,0.594213,0.371948,1.703093
207,282,0.564706,0.54902,0.686275,0.562264,0.55,0.400345,1.866256
369,483,0.733333,0.721569,0.988235,0.743323,1.625196,0.32171,1.414439
410,602,0.54902,0.611765,0.772549,0.610034,1.054971,0.377125,1.732841
476,600,0.517647,0.533333,0.607843,0.535378,0.55,0.408984,1.915896
252,199,0.564706,0.545098,0.690196,0.559743,1.165623,0.397391,1.849282
274,53,0.517647,0.501961,0.662745,0.516904,0.915959,0.41461,1.948218
432,543,0.635294,0.666667,0.886275,0.675853,2.4,0.345536,1.551335
350,93,0.537255,0.529412,0.678431,0.541838,0.55,0.40275,1.880074
214,514,0.678431,0.65098,0.882353,0.673522,0.846361,0.346059,1.554342
359,288,0.631373,0.592157,0.768627,0.613235,1.83653,0.371577,1.700962
385,336,0.666667,0.658824,0.870588,0.67578,1.889337,0.343987,1.542436
488,558,0.54902,0.564706,0.662745,0.568449,1.556282,0.389793,1.805626
428,214,0.54902,0.533333,0.662745,0.546012,1.51043,0.399394,1.860794
427,588,0.541176,0.603922,0.768627,0.602474,0.615915,0.373513,1.712087
295,244,0.603922,0.592157,0.729412,0.604568,0.976991,0.372003,1.703408
463,468,0.6,0.623529,0.815686,0.632401,1.707907,0.359908,1.633915
208,696,0.501961,0.509804,0.588235,0.513799,0.55,0.409299,1.917701
100,502,0.580392,0.564706,0.788235,0.58418,0.710598,0.378599,1.74131
415,128,0.584314,0.560784,0.737255,0.578528,2.076468,0.379367,1.745718
389,583,0.6,0.670588,0.894118,0.67172,0.55,0.339037,1.513991
392,61,0.529412,0.517647,0.631373,0.528359,0.818962,0.400392,1.866524
266,86,0.517647,0.513726,0.631373,0.523053,0.55,0.402653,1.879519
464,223,0.603922,0.580392,0.780392,0.599835,0.780072,0.369583,1.689505
158,310,0.564706,0.541176,0.690196,0.556938,0.604216,0.387814,1.794258
218,422,0.607843,0.588235,0.752941,0.604296,1.05888,0.366739,1.673162
224,197,0.517647,0.513726,0.639216,0.52362,0.55,0.400734,1.868488
416,8,0.490196,0.486275,0.501961,0.488241,0.717819,0.415255,1.951928
364,334,0.709804,0.67451,0.886275,0.697303,1.921109,0.323429,1.424316
346,427,0.658824,0.623529,0.839216,0.646606,1.829092,0.345036,1.548462
345,563,0.682353,0.741176,0.996078,0.747075,1.59656,0.301589,1.298824
300,114,0.556863,0.533333,0.705882,0.550794,1.167127,0.384987,1.778013
241,132,0.541176,0.52549,0.658824,0.538452,2.304781,0.388881,1.800386
432,535,0.611765,0.639216,0.870588,0.650085,0.728992,0.340693,1.52351
325,544,0.662745,0.698039,0.952941,0.70894,1.178436,0.314763,1.374521
304,514,0.729412,0.709804,0.92549,0.729545,1.85734,0.304853,1.31758
425,139,0.529412,0.529412,0.662745,0.539038,1.538285,0.385913,1.783333
486,431,0.588235,0.576471,0.752941,0.591713,2.4,0.363246,1.653094
234,636,0.564706,0.611765,0.792157,0.614784,0.694993,0.352535,1.591547
497,349,0.596078,0.580392,0.776471,0.597884,1.745699,0.359662,1.632502
288,597,0.701961,0.717647,0.972549,0.732716,0.652648,0.300163,1.290633
391,202,0.584314,0.54902,0.721569,0.568981,1.833875,0.369442,1.688694
367,128,0.588235,0.572549,0.780392,0.59089,1.411314,0.360004,1.634464
482,321,0.584314,0.580392,0.752941,0.593684,0.879485,0.358367,1.625058
175,688,0.482353,0.490196,0.54902,0.492776,1.033053,0.401019,1.870129
279,539,0.670588,0.666667,0.890196,0.683639,0.984003,0.31836,1.395189
372,503,0.647059,0.698039,0.960784,0.706171,0.894471,0.308461,1.33831
486,122,0.505882,0.498039,0.54902,0.503387,1.916821,0.394521,1.832794
373,111,0.560784,0.556863,0.745098,0.571287,0.830473,0.365166,1.664125
253,465,0.701961,0.619608,0.827451,0.652122,1.05523,0.330367,1.464177
320,43,0.470588,0.47451,0.521569,0.477074,1.608292,0.405304,1.894748
274,585,0.666667,0.643137,0.917647,0.667959,0.956693,0.321533,1.413422
283,336,0.564706,0.533333,0.686275,0.551046,1.241333,0.370881,1.696963
429,607,0.501961,0.541176,0.670588,0.542183,0.619358,0.374365,1.716978
408,527,0.611765,0.65098,0.894118,0.660198,1.344197,0.322849,1.420978
317,572,0.654902,0.678431,0.945098,0.692682,0.655599,0.308426,1.33811
303,553,0.670588,0.686275,0.933333,0.700777,0.70628,0.304504,1.315573
317,117,0.552941,0.54902,0.737255,0.563444,2.17354,0.362506,1.648841
80,423,0.541176,0.517647,0.65098,0.532276,0.55,0.375262,1.722136
213,48,0.466667,0.462745,0.517647,0.467543,0.597593,0.402345,1.877744
406,79,0.490196,0.486275,0.545098,0.491355,1.968041,0.391737,1.816797
279,576,0.639216,0.658824,0.921569,0.673625,1.744673,0.312246,1.360056
306,585,0.694118,0.705882,0.972549,0.722634,1.538034,0.290778,1.23671
238,629,0.596078,0.631373,0.823529,0.637743,2.217255,0.326464,1.441752
355,37,0.478431,0.466667,0.580392,0.477379,0.820369,0.394832,1.834579
357,454,0.658824,0.658824,0.898039,0.676095,1.278339,0.308989,1.341342
299,284,0.588235,0.556863,0.717647,0.575141,2.169463,0.352142,1.589293
443,81,0.498039,0.494118,0.552941,0.499198,0.618618,0.382825,1.765592
208,610,0.588235,0.607843,0.85098,0.621229,2.01226,0.330451,1.464659
209,513,0.627451,0.607843,0.831373,0.628151,0.55,0.327015,1.444918
282,603,0.670588,0.694118,0.952941,0.707802,1.828965,0.292492,1.246554
77,398,0.54902,0.505882,0.658824,0.526096,1.448358,0.370363,1.693988
301,324,0.572549,0.537255,0.67451,0.554668,1.958859,0.357961,1.622728
337,522,0.639216,0.698039,0.952941,0.703937,1.634029,0.29331,1.251256
351,325,0.6,0.54902,0.729412,0.572882,2.4,0.348803,1.570107
271,158,0.533333,0.517647,0.654902,0.530892,0.55,0.36677,1.673341
362,520,0.619608,0.694118,0.952941,0.696964,1.821555,0.295251,1.262411
376,204,0.564706,0.533333,0.682353,0.550762,2.4,0.357899,1.622371
225,453,0.611765,0.572549,0.772549,0.595326,0.997707,0.338635,1.511682
387,166,0.580392,0.541176,0.717647,0.562255,0.814057,0.352775,1.592927
412,612,0.501961,0.568627,0.717647,0.565213,2.4,0.351368,1.584847
408,476,0.588235,0.635294,0.858824,0.641428,1.325766,0.318357,1.39517
215,302,0.556863,0.52549,0.682353,0.543486,0.566141,0.359895,1.633837
275,310,0.576471,0.545098,0.729412,0.565075,0.55,0.350097,1.57754
348,333,0.568627,0.533333,0.678431,0.551313,1.14366,0.355669,1.609555
306,265,0.54902,0.541176,0.690196,0.553603,0.930594,0.354504,1.602866
347,507,0.690196,0.698039,0.952941,0.714776,2.170915,0.285208,1.204703
484,310,0.572549,0.545098,0.737255,0.564808,0.554266,0.349147,1.572085
402,129,0.580392,0.564706,0.756863,0.581915,2.4,0.341728,1.529457
361,347,0.6,0.576471,0.760784,0.59478,0.762053,0.3362,1.497694
348,119,0.564706,0.552941,0.729412,0.568184,2.307078,0.347508,1.562666
303,617,0.572549,0.647059,0.870588,0.647357,1.558142,0.31332,1.36623
168,295,0.533333,0.509804,0.65098,0.524999,0.55,0.365699,1.667188
417,628,0.501961,0.533333,0.654902,0.535441,2.4,0.360819,1.639148
232,479,0.6,0.564706,0.745098,0.585234,0.55,0.339041,1.514015
287,119,0.505882,0.494118,0.654902,0.508227,0.55,0.371736,1.701874
446,415,0.588235,0.572549,0.776471,0.590607,0.904047,0.336402,1.498855
348,317,0.678431,0.6,0.807843,0.631681,2.085164,0.318693,1.397099
406,472,0.619608,0.639216,0.85098,0.650337,2.4,0.31041,1.349508
380,292,0.556863,0.513726,0.678431,0.534788,0.778902,0.358772,1.627388
91,552,0.564706,0.552941,0.74902,0.569599,1.733882,0.343825,1.541502
352,395,0.592157,0.556863,0.74902,0.57824,1.220967,0.339945,1.519213
318,520,0.705882,0.690196,0.94902,0.712218,0.822034,0.28145,1.18311
324,503,0.686275,0.709804,0.972549,0.723772,1.098316,0.276411,1.154157
366,421,0.607843,0.6,0.792157,0.615541,0.755294,0.322656,1.419874
351,124,0.545098,0.529412,0.701961,0.545205,0.828178,0.352666,1.592301
341,582,0.65098,0.67451,0.94902,0.689327,0.614253,0.290881,1.2373
411,149,0.592157,0.584314,0.780392,0.600138,2.4,0.328979,1.456203
363,130,0.576471,0.556863,0.776471,0.576887,2.4,0.338328,1.509919
458,159,0.490196,0.486275,0.584314,0.494187,0.55,0.3732,1.710286
218,533,0.6,0.576471,0.796078,0.597329,1.020723,0.32893,1.45592
469,564,0.498039,0.537255,0.662745,0.537978,0.944312,0.353779,1.5987
212,309,0.54902,0.529412,0.686275,0.544906,0.697598,0.350338,1.578924
209,625,0.572549,0.584314,0.784314,0.596253,1.364625,0.328033,1.450768
335,104,0.513726,0.509804,0.662745,0.52168,1.1629,0.359422,1.631119
235,630,0.576471,0.615686,0.792157,0.62009,2.235681,0.316182,1.382673
387,565,0.588235,0.654902,0.901961,0.658566,1.465182,0.29955,1.287112
460,326,0.545098,0.517647,0.686275,0.535658,1.692077,0.352212,1.589697
310,437,0.627451,0.607843,0.831373,0.628151,1.400617,0.312491,1.361465
401,412,0.580392,0.584314,0.772549,0.597071,1.3028,0.325346,1.435326
361,457,0.639216,0.65098,0.882353,0.665184,1.534072,0.295913,1.266213
361,592,0.6,0.643137,0.886275,0.651521,1.084803,0.301655,1.299202
163,304,0.521569,0.505882,0.643137,0.519127,2.023059,0.358172,1.62394
264,512,0.615686,0.576471,0.780392,0.599531,1.764028,0.323233,1.423187
69,244,0.505882,0.478431,0.611765,0.493894,0.55,0.36817,1.681386
354,385,0.6,0.576471,0.745098,0.593648,2.027326,0.324854,1.432504
477,360,0.568627,0.541176,0.713726,0.559471,1.089593,0.339312,1.515571
226,478,0.607843,0.576471,0.760784,0.596448,0.915062,0.323161,1.422771
202,237,0.498039,0.501961,0.639216,0.511037,0.647608,0.359736,1.632923
398,519,0.584314,0.631373,0.882353,0.639489,2.333236,0.304414,1.315057
288,6,0.447059,0.443137,0.470588,0.445953,0.593974,0.387164,1.790523
292,278,0.537255,0.513726,0.654902,0.528921,0.55,0.349702,1.575272
287,507,0.631373,0.603922,0.827451,0.625897,1.010101,0.307836,1.334719
213,535,0.592157,0.580392,0.788235,0.5979,1.030835,0.319707,1.402926
208,602,0.572549,0.588235,0.831373,0.602455,1.839822,0.317704,1.391421
190,552,0.572549,0.576471,0.788235,0.590926,1.991443,0.322402,1.418414
226,571,0.572549,0.564706,0.784314,0.582229,0.55,0.326063,1.439449
231,525,0.611765,0.576471,0.827451,0.602095,0.883885,0.317257,1.388852
249,687,0.470588,0.498039,0.568627,0.4973,1.508805,0.362034,1.64613
323,600,0.607843,0.678431,0.929412,0.681545,1.522419,0.282915,1.191531
351,493,0.65098,0.698039,0.94902,0.706155,1.957084,0.272302,1.130547
388,120,0.541176,0.521569,0.678431,0.537063,2.10879,0.343955,1.542252
414,162,0.54902,0.505882,0.701961,0.52921,2.263572,0.346972,1.559587
424,115,0.494118,0.482353,0.596078,0.493065,1.317562,0.361874,1.645208
393,180,0.607843,0.556863,0.741176,0.581009,2.380428,0.323952,1.427321
383,363,0.541176,0.52549,0.682353,0.540151,2.02305,0.340576,1.522833
293,505,0.635294,0.615686,0.835294,0.635711,0.826728,0.29915,1.284814
393,507,0.607843,0.647059,0.886275,0.655993,1.16107,0.289117,1.227165
392,622,0.490196,0.552941,0.690196,0.549511,2.4,0.334512,1.487994
469,527,0.537255,0.552941,0.733333,0.562631,2.4,0.32847,1.453276
124,256,0.513726,0.486275,0.619608,0.501737,1.372204,0.354401,1.602273
464,458,0.564706,0.564706,0.772549,0.579712,2.217616,0.32038,1.406794
150,563,0.556863,0.541176,0.741176,0.558951,0.55,0.328389,1.452812
490,360,0.541176,0.517647,0.690196,0.535107,2.4,0.338557,1.511236
421,456,0.6,0.643137,0.878431,0.650955,2.200423,0.288794,1.225306
390,486,0.584314,0.631373,0.894118,0.640338,2.4,0.293268,1.251016
414,608,0.462745,0.52549,0.678431,0.523193,0.655429,0.343412,1.539131
351,656,0.462745,0.513726,0.639216,0.511948,0.55,0.347955,1.565234
441,562,0.529412,0.552941,0.74902,0.562096,2.379001,0.326414,1.441467
325,46,0.45098,0.454902,0.52549,0.459165,1.244107,0.370375,1.694054
249,554,0.580392,0.576471,0.803922,0.593726,0.929655,0.312578,1.361966
389,173,0.556863,0.52549,0.705882,0.545184,1.600255,0.333285,1.480943
280,679,0.478431,0.509804,0.6,0.509646,0.820218,0.348438,1.568012
324,241,0.533333,0.509804,0.686275,0.527547,1.073827,0.33993,1.519127
242,518,0.611765,0.564706,0.792157,0.591133,0.682315,0.311403,1.355213
213,203,0.501961,0.490196,0.619608,0.502041,0.926744,0.349453,1.573839
205,644,0.490196,0.537255,0.694118,0.538576,2.085036,0.333753,1.483631
456,520,0.568627,0.572549,0.792157,0.587571,1.393683,0.312635,1.362295
370,548,0.580392,0.654902,0.886275,0.655766,2.4,0.283358,1.194076
299,611,0.576471,0.611765,0.839216,0.620683,0.677114,0.298007,1.278245
389,341,0.635294,0.584314,0.796078,0.610442,0.740065,0.302154,1.30207
463,607,0.458824,0.482353,0.568627,0.48358,0.55,0.356342,1.613426
395,622,0.478431,0.533333,0.670588,0.531571,2.086986,0.335713,1.494892
300,672,0.470588,0.521569,0.623529,0.518092,1.037445,0.341345,1.527257
416,455,0.572549,0.611765,0.843137,0.620133,2.008311,0.297385,1.27467
461,534,0.498039,0.556863,0.745098,0.557947,1.049288,0.32388,1.426907
212,659,0.478431,0.498039,0.615686,0.502365,0.55,0.347547,1.56289
443,386,0.552941,0.529412,0.701961,0.546872,1.579301,0.327988,1.45051
307,578,0.666667,0.666667,0.917647,0.684788,2.244622,0.268847,1.1107
20,401,0.521569,0.482353,0.619608,0.5006,0.649918,0.347028,1.559908
261,464,0.643137,0.560784,0.780392,0.594148,2.035881,0.306866,1.329147
252,271,0.529412,0.517647,0.690196,0.532606,1.612278,0.33311,1.47994
350,300,0.619608,0.572549,0.788235,0.598126,1.469723,0.30498,1.318307
332,565,0.670588,0.670588,0.913725,0.688143,2.4,0.265731,1.092794
355,295,0.592157,0.545098,0.741176,0.56926,0.625749,0.31654,1.384733
466,500,0.54902,0.556863,0.772549,0.570768,0.628022,0.315731,1.380081
362,386,0.6,0.564706,0.74902,0.585517,1.292636,0.309388,1.343638
492,295,0.533333,0.513726,0.709804,0.532051,0.618167,0.332289,1.475224
469,545,0.513726,0.537255,0.686275,0.543012,2.145351,0.327415,1.447219
476,227,0.54902,0.52549,0.698039,0.542951,1.350741,0.327353,1.44686
483,428,0.537255,0.541176,0.72549,0.55365,2.4,0.322742,1.420368
399,121,0.505882,0.498039,0.654902,0.511032,1.154814,0.340728,1.523709
165,461,0.521569,0.509804,0.686275,0.525046,0.55,0.334195,1.48617
343,489,0.643137,0.654902,0.917647,0.671371,0.981551,0.271429,1.125532
361,575,0.631373,0.654902,0.929412,0.669719,1.094194,0.271747,1.127358
289,673,0.466667,0.494118,0.603922,0.496209,0.620055,0.34597,1.553826
369,479,0.65098,0.647059,0.905882,0.66658,2.319394,0.272874,1.133835
313,407,0.556863,0.529412,0.701961,0.547706,1.416612,0.323547,1.424991
96,519,0.54902,0.509804,0.686275,0.530882,1.17273,0.330559,1.465283
352,60,0.458824,0.45098,0.537255,0.458877,0.55,0.361367,1.642295
174,265,0.501961,0.486275,0.615686,0.498953,1.670961,0.343894,1.5419
368,319,0.639216,0.580392,0.827451,0.610736,1.834589,0.295549,1.264119
366,280,0.521569,0.486275,0.639216,0.50482,2.4,0.340695,1.523519
382,163,0.552941,0.517647,0.690196,0.537609,1.225624,0.325957,1.438839
388,312,0.639216,0.545098,0.776471,0.581813,1.591211,0.306972,1.329758
111,491,0.545098,0.513726,0.67451,0.532004,1.491345,0.328303,1.452316
279,327,0.537255,0.509804,0.670588,0.527249,0.55,0.330294,1.463759
276,525,0.572549,0.564706,0.788235,0.582512,1.876606,0.306318,1.325999
327,514,0.643137,0.65098,0.917647,0.668566,1.118598,0.268393,1.108091
333,257,0.541176,0.513726,0.670588,0.530887,1.47768,0.327152,1.445707
384,488,0.619608,0.670588,0.933333,0.67872,1.799123,0.263673,1.080968
155,664,0.458824,0.462745,0.545098,0.467857,0.559228,0.35382,1.598934
406,162,0.576471,0.545098,0.72549,0.564792,2.4,0.312,1.358646
344,570,0.666667,0.678431,0.94902,0.695467,2.145758,0.255846,1.035997
395,454,0.611765,0.611765,0.854902,0.629319,1.779611,0.284191,1.198862
459,274,0.541176,0.513726,0.686275,0.53202,0.809657,0.325579,1.436664
372,228,0.494118,0.478431,0.615686,0.491676,1.040768,0.342538,1.534112
181,224,0.482353,0.47451,0.596078,0.484955,1.499827,0.344815,1.547193
408,383,0.584314,0.556863,0.764706,0.577705,1.659477,0.304805,1.317307
348,588,0.615686,0.654902,0.917647,0.665535,2.374246,0.267116,1.100752
240,528,0.576471,0.54902,0.772549,0.570995,2.4,0.307615,1.333448
356,181,0.588235,0.537255,0.733333,0.56225,1.56239,0.311352,1.354923
215,401,0.533333,0.509804,0.658824,0.525566,0.951753,0.327006,1.444863
445,458,0.560784,0.54902,0.756863,0.566527,1.153061,0.30809,1.336178
240,666,0.466667,0.521569,0.658824,0.519806,0.55,0.328024,1.450714
159,404,0.529412,0.498039,0.662745,0.516601,0.818552,0.329346,1.458309
372,348,0.607843,0.592157,0.792157,0.609932,1.449233,0.289149,1.227349
262,583,0.560784,0.568627,0.823529,0.585364,0.55,0.29962,1.28751
448,493,0.552941,0.580392,0.796078,0.590129,2.294503,0.297222,1.273731
490,366,0.537255,0.513726,0.686275,0.531186,1.920497,0.322382,1.418299
306,395,0.529412,0.505882,0.654902,0.521644,2.142101,0.325624,1.436925
391,186,0.584314,0.529412,0.72549,0.555241,1.620645,0.311069,1.353298
424,476,0.529412,0.580392,0.807843,0.585976,0.55,0.297865,1.277428
366,112,0.521569,0.509804,0.686275,0.525046,1.537747,0.323486,1.424641
334,387,0.576471,0.541176,0.729412,0.562271,2.020859,0.307236,1.331273
395,674,0.431373,0.45098,0.52549,0.452191,0.592467,0.353905,1.59942
208,250,0.482353,0.478431,0.611765,0.488892,0.599604,0.337302,1.504026
337,535,0.584314,0.643137,0.886275,0.648186,1.733763,0.268559,1.109043
262,680,0.439216,0.462745,0.54902,0.463972,0.55,0.347138,1.56054
200,61,0.435294,0.431373,0.498039,0.43702,0.55,0.358571,1.626232
412,193,0.494118,0.470588,0.65098,0.488615,1.194374,0.336382,1.49874
303,544,0.639216,0.662745,0.898039,0.674731,1.846148,0.256592,1.040282
437,181,0.478431,0.478431,0.619608,0.488624,2.297497,0.33512,1.491486
453,696,0.443137,0.447059,0.466667,0.447641,0.814603,0.352325,1.590341
395,491,0.576471,0.603922,0.85098,0.615923,1.768987,0.280021,1.1749
195,671,0.447059,0.462745,0.560784,0.466489,1.045653,0.34394,1.542165
332,640,0.494118,0.54902,0.729412,0.550372,1.071308,0.307239,1.331288
440,269,0.533333,0.505882,0.670588,0.52361,1.044206,0.318708,1.397186
268,607,0.537255,0.631373,0.886275,0.629767,0.55,0.272768,1.133228
392,477,0.6,0.588235,0.827451,0.608008,2.076853,0.281754,1.184859
79,409,0.498039,0.470588,0.603922,0.486051,0.55,0.333968,1.484869
448,278,0.513726,0.482353,0.635294,0.500065,2.015876,0.327951,1.450294
183,612,0.541176,0.533333,0.741176,0.550007,1.305502,0.306309,1.325945
149,368,0.501961,0.490196,0.635294,0.503173,1.085001,0.325992,1.439039
389,117,0.509804,0.498039,0.647059,0.5113,2.22576,0.322478,1.41885
357,339,0.643137,0.580392,0.796078,0.609304,1.281516,0.280463,1.177441
356,572,0.627451,0.654902,0.921569,0.668319,2.277892,0.255128,1.031871
294,570,0.670588,0.654902,0.921569,0.67749,1.220053,0.250917,1.007673
339,213,0.505882,0.482353,0.615686,0.496982,1.554127,0.327876,1.449863
374,258,0.478431,0.47451,0.592157,0.483838,1.727581,0.333074,1.479732
379,282,0.533333,0.482353,0.65098,0.505366,0.82121,0.322778,1.420575
335,438,0.572549,0.580392,0.768627,0.592315,2.292907,0.284757,1.20211
303,397,0.52549,0.505882,0.654902,0.52081,2.4,0.314991,1.375832
151,287,0.478431,0.462745,0.6,0.47599,0.55,0.334161,1.485979
231,676,0.454902,0.513726,0.635294,0.509997,0.94414,0.319538,1.401955
205,507,0.560784,0.541176,0.760784,0.561201,0.584194,0.297519,1.275439
369,395,0.631373,0.603922,0.843137,0.627029,2.256887,0.269115,1.112234
466,289,0.517647,0.498039,0.654902,0.513533,1.63752,0.317264,1.388892
372,395,0.619608,0.603922,0.839216,0.624245,2.352043,0.269628,1.115184
440,471,0.533333,0.54902,0.752941,0.560408,2.036109,0.296811,1.271372
361,96,0.466667,0.462745,0.580392,0.472073,1.904949,0.334616,1.488589
398,341,0.552941,0.521569,0.717647,0.542395,2.253404,0.304405,1.315006
448,364,0.505882,0.490196,0.682353,0.507405,0.553982,0.319134,1.399634
416,409,0.556863,0.560784,0.74902,0.573541,0.93016,0.290391,1.234485
363,222,0.501961,0.486275,0.643137,0.500935,1.184253,0.321387,1.412583
56,339,0.482353,0.462745,0.627451,0.478806,1.017361,0.330842,1.466905
296,565,0.678431,0.666667,0.917647,0.687289,1.947182,0.241402,0.953005
401,289,0.513726,0.466667,0.611765,0.487147,1.965778,0.327071,1.445239
436,485,0.560784,0.568627,0.803922,0.583948,2.135071,0.285379,1.205689
265,503,0.572549,0.545098,0.74902,0.565657,1.241897,0.29309,1.24999
321,464,0.607843,0.592157,0.823529,0.612197,2.4,0.272965,1.134357
225,495,0.580392,0.541176,0.741176,0.563954,0.952451,0.29343,1.251945
404,111,0.462745,0.45098,0.564706,0.461693,1.39361,0.337138,1.50308
439,352,0.537255,0.509804,0.705882,0.529797,2.141377,0.307933,1.335274
221,604,0.568627,0.592157,0.839216,0.604992,2.063116,0.275664,1.149868
441,610,0.443137,0.47451,0.592157,0.476334,0.55,0.330378,1.464238
350,207,0.501961,0.490196,0.623529,0.502324,2.068452,0.319186,1.399934
365,315,0.603922,0.545098,0.756863,0.572893,2.150418,0.288888,1.225849
274,226,0.513726,0.482353,0.639216,0.500348,1.178532,0.31982,1.403578
212,505,0.584314,0.54902,0.768627,0.572379,2.104159,0.28895,1.226203
373,331,0.635294,0.615686,0.843137,0.636277,2.4,0.261235,1.066961
143,357,0.501961,0.478431,0.623529,0.49391,1.792547,0.32205,1.41639
384,665,0.427451,0.458824,0.533333,0.457533,1.122948,0.337297,1.503996
53,550,0.505882,0.482353,0.619608,0.497265,0.964097,0.319827,1.403617
471,295,0.513726,0.513726,0.709804,0.527882,1.387414,0.30654,1.327274
279,546,0.584314,0.576471,0.807843,0.594843,0.55,0.277786,1.162061
329,564,0.647059,0.662745,0.909804,0.677248,2.4,0.24246,0.959081
323,550,0.611765,0.635294,0.894118,0.648979,2.135014,0.25452,1.02838
242,79,0.447059,0.439216,0.545098,0.448528,0.764111,0.339955,1.519266
479,397,0.556863,0.529412,0.701961,0.547706,1.374353,0.296933,1.272073
405,606,0.458824,0.517647,0.670588,0.516184,0.55,0.310314,1.348956
115,564,0.533333,0.521569,0.721569,0.53851,1.330142,0.300599,1.293138
374,471,0.564706,0.603922,0.843137,0.612856,1.465332,0.268314,1.107635
318,639,0.478431,0.533333,0.717647,0.534969,1.009041,0.301612,1.298957
488,35,0.431373,0.407843,0.545098,0.422755,0.672257,0.349588,1.57462
320,679,0.435294,0.458824,0.54902,0.460333,0.562244,0.332902,1.478742
385,302,0.619608,0.521569,0.784314,0.561382,1.180888,0.289594,1.229907
400,64,0.431373,0.427451,0.490196,0.432815,0.55,0.34441,1.544863
492,238,0.486275,0.462745,0.603922,0.47794,0.779519,0.324895,1.432738
265,150,0.482353,0.466667,0.6,0.479628,1.421312,0.32417,1.428572
442,260,0.521569,0.509804,0.678431,0.52448,1.518562,0.304812,1.317344
263,634,0.572549,0.564706,0.788235,0.582512,0.636256,0.279686,1.172975
497,286,0.533333,0.482353,0.682353,0.507631,0.688671,0.311765,1.357295
332,215,0.494118,0.470588,0.619608,0.48635,1.448016,0.320879,1.409663
213,566,0.560784,0.54902,0.768627,0.567376,2.042083,0.285918,1.208784
414,166,0.509804,0.470588,0.654902,0.492233,1.305427,0.318102,1.393703
336,517,0.568627,0.631373,0.905882,0.637853,1.793357,0.255545,1.034268
354,464,0.584314,0.6,0.839216,0.613937,2.376245,0.265009,1.088642
151,268,0.482353,0.466667,0.596078,0.479345,0.624394,0.322493,1.418936
91,145,0.466667,0.443137,0.576471,0.457766,0.55,0.331597,1.471246
420,530,0.541176,0.584314,0.823529,0.592414,1.881634,0.27365,1.138292
390,320,0.537255,0.482353,0.658824,0.506766,1.810015,0.310085,1.347643
448,200,0.458824,0.458824,0.6,0.469016,0.55,0.326098,1.439651
211,496,0.568627,0.533333,0.780392,0.558675,1.460353,0.287254,1.21646
272,606,0.568627,0.643137,0.898039,0.6457,1.383997,0.249758,1.001017
465,318,0.498039,0.498039,0.670588,0.510497,2.279202,0.307306,1.331673
477,264,0.501961,0.482353,0.643137,0.49813,0.55,0.31226,1.36014
212,528,0.584314,0.54902,0.768627,0.572379,1.792766,0.280388,1.177008
321,475,0.619608,0.611765,0.827451,0.629005,1.814685,0.255872,1.036148
237,513,0.580392,0.572549,0.792157,0.590072,1.125745,0.272553,1.131992
365,511,0.596078,0.643137,0.898039,0.651536,1.502155,0.246149,0.980278
465,625,0.419608,0.447059,0.517647,0.446319,0.580879,0.333994,1.485017
211,346,0.501961,0.478431,0.627451,0.494193,0.55,0.313281,1.366008
467,470,0.52549,0.545098,0.729412,0.554237,2.070769,0.287415,1.217385
422,174,0.478431,0.470588,0.615686,0.482732,0.849019,0.317523,1.390381
406,352,0.537255,0.513726,0.694118,0.531752,0.763708,0.296345,1.268694
240,300,0.501961,0.486275,0.65098,0.501501,0.660987,0.309209,1.342606
393,379,0.588235,0.596078,0.815686,0.610267,1.41107,0.26246,1.074001
366,498,0.560784,0.631373,0.894118,0.635336,2.4,0.251416,1.01054
405,201,0.490196,0.466667,0.643137,0.48441,1.727608,0.316094,1.38217
373,352,0.592157,0.572549,0.792157,0.592573,1.970064,0.269569,1.114844
309,601,0.576471,0.619608,0.878431,0.629124,2.244732,0.253755,1.023982
446,62,0.443137,0.427451,0.556863,0.440129,0.907888,0.334751,1.489365
206,747,0.407843,0.4,0.45098,0.405348,0.650522,0.349171,1.572219
31,213,0.470588,0.447059,0.588235,0.462254,1.897447,0.324694,1.431583
466,208,0.509804,0.494118,0.698039,0.512176,1.901372,0.303266,1.308462
282,663,0.45098,0.486275,0.603922,0.487265,0.71059,0.313908,1.369608
440,397,0.505882,0.517647,0.705882,0.528736,1.857016,0.295673,1.264836
259,512,0.623529,0.552941,0.780392,0.58437,1.800074,0.271592,1.126469
210,167,0.454902,0.439216,0.568627,0.451894,0.55,0.328249,1.452009
429,545,0.533333,0.564706,0.780392,0.573609,2.4,0.275638,1.149717
240,532,0.552941,0.521569,0.745098,0.544377,2.077044,0.287703,1.219038
283,125,0.462745,0.454902,0.596078,0.466762,1.653796,0.320929,1.409951
377,592,0.505882,0.603922,0.819608,0.598651,1.754888,0.264383,1.085051
232,590,0.584314,0.560784,0.803922,0.583341,1.238988,0.270388,1.119552
332,561,0.619608,0.639216,0.890196,0.653168,2.4,0.238499,0.936322
241,380,0.521569,0.470588,0.639216,0.493602,1.186129,0.306816,1.32886
388,570,0.54902,0.607843,0.854902,0.613175,2.091041,0.255539,1.03423
196,509,0.556863,0.521569,0.729412,0.544078,0.642288,0.285136,1.204293
361,261,0.458824,0.439216,0.560784,0.452162,1.093834,0.324329,1.429487
89,92,0.427451,0.415686,0.482353,0.423001,0.629387,0.336477,1.499285
391,393,0.596078,0.556863,0.756863,0.57964,1.794217,0.269278,1.113176
500,394,0.482353,0.537255,0.670588,0.535209,0.90611,0.288279,1.222352
255,116,0.454902,0.439216,0.572549,0.452177,1.32635,0.323568,1.425115
162,496,0.517647,0.486275,0.67451,0.506535,1.215173,0.299993,1.289655
190,518,0.509804,0.513726,0.72549,0.528181,0.877385,0.290686,1.236182
406,454,0.541176,0.572549,0.784314,0.581169,2.125585,0.267873,1.105101
467,293,0.490196,0.501961,0.694118,0.513333,1.755668,0.296889,1.271823
467,454,0.509804,0.517647,0.717647,0.53042,2.4,0.289225,1.227786
464,451,0.509804,0.501961,0.709804,0.518635,2.4,0.294265,1.256741
477,220,0.509804,0.494118,0.654902,0.509061,0.910843,0.298068,1.278593
303,595,0.619608,0.639216,0.898039,0.653734,2.4,0.236018,0.922069
290,535,0.631373,0.623529,0.870588,0.643035,2.1366,0.240458,0.947581
439,309,0.498039,0.47451,0.647059,0.49197,0.973371,0.305129,1.319164
336,593,0.596078,0.631373,0.890196,0.642556,2.4,0.240335,0.946872
300,44,0.427451,0.411765,0.501961,0.421612,2.007964,0.334896,1.490199
317,587,0.545098,0.635294,0.898039,0.635089,1.566314,0.243377,0.96435
261,283,0.517647,0.490196,0.65098,0.507641,1.237452,0.297809,1.277104
341,169,0.486275,0.458824,0.619608,0.476268,2.229846,0.311163,1.353837
355,596,0.576471,0.607843,0.862745,0.619577,1.498873,0.249722,1.000807
386,494,0.592157,0.611765,0.862745,0.625717,2.4,0.246892,0.984549
300,156,0.462745,0.462745,0.603922,0.472938,1.446563,0.312246,1.360057
243,256,0.470588,0.470588,0.627451,0.481914,1.713692,0.308297,1.337368
399,570,0.513726,0.572549,0.835294,0.579013,0.873821,0.266593,1.097745
381,185,0.513726,0.466667,0.65098,0.489979,1.68433,0.30444,1.315206
475,326,0.498039,0.494118,0.654902,0.50656,1.912714,0.297135,1.273232
361,138,0.494118,0.478431,0.670588,0.49564,0.726043,0.301709,1.299513
361,56,0.427451,0.419608,0.498039,0.426938,2.125091,0.331145,1.468648
309,522,0.658824,0.658824,0.901961,0.676378,2.356312,0.22399,0.852958
346,116,0.490196,0.478431,0.654902,0.493674,2.4,0.302228,1.302497
340,545,0.603922,0.603922,0.87451,0.623458,1.889625,0.246558,0.982632
240,582,0.545098,0.541176,0.768627,0.558432,0.661918,0.274288,1.14196
344,80,0.427451,0.423529,0.52549,0.431725,0.55,0.328524,1.45359
266,308,0.521569,0.490196,0.658824,0.509041,1.456438,0.295342,1.262929
457,527,0.478431,0.529412,0.72549,0.53273,2.015572,0.28482,1.202474
362,603,0.501961,0.576471,0.803922,0.577052,1.053364,0.265607,1.092081
288,137,0.447059,0.447059,0.580392,0.456685,0.781201,0.317137,1.388162
433,503,0.52549,0.541176,0.788235,0.555679,0.73082,0.274576,1.143613
391,497,0.537255,0.592157,0.827451,0.597473,1.915011,0.256655,1.040643
433,323,0.494118,0.478431,0.647059,0.493941,1.338389,0.30101,1.295501
430,491,0.580392,0.556863,0.831373,0.581685,1.24177,0.263292,1.07878
318,127,0.462745,0.45098,0.596078,0.463958,1.787596,0.313744,1.368665
223,368,0.498039,0.462745,0.631373,0.482424,0.744448,0.305663,1.322234
11,2,0.4,0.407843,0.431373,0.407875,0.884323,0.337402,1.504599
255,351,0.501961,0.470588,0.627451,0.488584,0.632868,0.302727,1.305363
238,423,0.556863,0.509804,0.690196,0.532833,2.271039,0.283719,1.196146
367,294,0.521569,0.470588,0.639216,0.493602,1.480362,0.300305,1.291448
265,702,0.396078,0.415686,0.470588,0.415482,0.55,0.333613,1.482826
287,474,0.556863,0.521569,0.698039,0.541813,1.299801,0.279439,1.171559
361,557,0.592157,0.631373,0.870588,0.640307,1.260408,0.236998,0.927703
403,278,0.462745,0.439216,0.584314,0.454694,0.65726,0.315985,1.381544
198,523,0.545098,0.529412,0.729412,0.547187,1.787198,0.276344,1.153774
416,282,0.482353,0.443137,0.576471,0.461101,1.618847,0.313185,1.365453
33,389,0.478431,0.45098,0.584314,0.466443,1.512802,0.310838,1.351968
403,79,0.419608,0.415686,0.482353,0.421333,2.227152,0.329474,1.459049
478,521,0.501961,0.501961,0.670588,0.514136,0.842065,0.289522,1.229491
329,170,0.513726,0.470588,0.639216,0.491934,2.280942,0.298999,1.283943
227,275,0.482353,0.462745,0.623529,0.478522,1.264269,0.304743,1.31695
363,586,0.54902,0.603922,0.854902,0.61037,2.4,0.248052,0.991214
411,557,0.537255,0.580392,0.827451,0.589059,2.131688,0.257077,1.043067
382,122,0.517647,0.486275,0.666667,0.505969,2.022426,0.2924,1.246029
399,40,0.411765,0.403922,0.482353,0.411252,0.75229,0.332985,1.479222
392,374,0.545098,0.54902,0.752941,0.562909,1.675927,0.267885,1.105172
335,320,0.501961,0.47451,0.623529,0.491105,1.373994,0.2984,1.280503
360,59,0.427451,0.419608,0.505882,0.427504,2.388596,0.32555,1.436501
394,289,0.470588,0.462745,0.607843,0.474889,1.693074,0.305204,1.319598
355,545,0.54902,0.603922,0.870588,0.611503,0.823142,0.246585,0.982782
245,284,0.478431,0.482353,0.623529,0.491712,0.729995,0.297908,1.277678
488,327,0.501961,0.478431,0.670588,0.497307,1.581328,0.295504,1.263863
311,427,0.564706,0.541176,0.752941,0.561468,0.628372,0.267632,1.103714
310,592,0.580392,0.615686,0.878431,0.627153,1.866045,0.239419,0.941613
299,570,0.658824,0.639216,0.905882,0.662638,0.861077,0.224165,0.853966
375,141,0.533333,0.505882,0.709804,0.526442,1.543446,0.282529,1.18931
383,125,0.52549,0.494118,0.682353,0.514378,1.993192,0.287655,1.218765
173,346,0.478431,0.454902,0.596078,0.470097,0.55,0.306517,1.327144
307,422,0.533333,0.517647,0.701961,0.534289,1.754008,0.278761,1.16766
349,527,0.580392,0.615686,0.870588,0.626587,2.4,0.239101,0.939783
278,555,0.556863,0.564706,0.796078,0.579744,2.4,0.258949,1.053827
151,607,0.498039,0.478431,0.662745,0.495907,0.552218,0.294489,1.25803
216,439,0.560784,0.52549,0.709804,0.546301,1.228596,0.272652,1.132562
228,592,0.568627,0.560784,0.803922,0.580006,2.4,0.258117,1.049048
368,568,0.576471,0.627451,0.894118,0.635866,2.290644,0.234109,0.911102
372,539,0.537255,0.611765,0.870588,0.614611,1.694267,0.243173,0.963182
118,238,0.458824,0.439216,0.564706,0.452445,0.898145,0.312606,1.362128
177,164,0.462745,0.443137,0.568627,0.456366,0.697659,0.310707,1.351217
398,601,0.466667,0.533333,0.713726,0.532184,1.610947,0.278144,1.164117
256,626,0.545098,0.564706,0.792157,0.576959,0.84265,0.25883,1.053144
220,253,0.462745,0.454902,0.6,0.467045,1.079774,0.305917,1.323692
84,525,0.509804,0.470588,0.647059,0.491667,1.802225,0.294838,1.260036
359,199,0.517647,0.45098,0.615686,0.477045,1.262345,0.301087,1.295943
462,205,0.478431,0.458824,0.611765,0.474035,1.617032,0.302377,1.303355
229,608,0.537255,0.541176,0.784314,0.557897,2.4,0.266318,1.096163
221,649,0.454902,0.486275,0.631373,0.490081,1.27258,0.295348,1.262968
458,332,0.466667,0.478431,0.615686,0.48584,1.715536,0.297034,1.272651
69,550,0.494118,0.466667,0.627451,0.484111,0.661158,0.29764,1.276134
94,239,0.447059,0.427451,0.545098,0.440114,1.834647,0.316472,1.38434
329,137,0.470588,0.462745,0.623529,0.476021,0.739541,0.301012,1.29551
143,680,0.403922,0.411765,0.458824,0.413495,0.55,0.3276,1.448279
236,555,0.521569,0.529412,0.745098,0.543317,1.653007,0.271635,1.126719
142,463,0.513726,0.470588,0.635294,0.491651,1.585768,0.293506,1.25238
312,600,0.568627,0.607843,0.870588,0.618476,2.322816,0.238952,0.938928
121,429,0.486275,0.462745,0.611765,0.478507,2.172257,0.298742,1.282466
388,330,0.533333,0.501961,0.694118,0.522504,2.241133,0.279792,1.173585
374,320,0.572549,0.509804,0.729412,0.538999,1.457968,0.272488,1.131619
496,346,0.513726,0.498039,0.686275,0.514965,2.4,0.282741,1.190528
291,200,0.466667,0.443137,0.576471,0.457766,0.651275,0.307178,1.330936
389,524,0.490196,0.603922,0.858824,0.598148,2.4,0.24675,0.983735
297,624,0.494118,0.533333,0.741176,0.540002,1.499725,0.271663,1.126875
345,161,0.494118,0.466667,0.627451,0.484111,0.931332,0.295423,1.263395
310,622,0.513726,0.552941,0.784314,0.561309,1.325638,0.261643,1.069305
397,484,0.509804,0.568627,0.788235,0.571977,1.773493,0.256718,1.041008
71,447,0.482353,0.439216,0.588235,0.459146,0.873112,0.304973,1.318268
335,512,0.588235,0.615686,0.878431,0.62882,1.662381,0.231835,0.898037
252,559,0.54902,0.52549,0.768627,0.548047,0.55,0.266429,1.096806
108,379,0.447059,0.443137,0.564706,0.452748,0.55,0.307176,1.330925
371,154,0.501961,0.470588,0.654902,0.490566,0.55,0.29093,1.237581
409,160,0.521569,0.486275,0.658824,0.506236,2.4,0.284158,1.198669
208,439,0.509804,0.482353,0.65098,0.500364,1.504285,0.286584,1.212608
341,128,0.470588,0.45098,0.615686,0.467041,0.55,0.300851,1.294587
342,550,0.592157,0.615686,0.858824,0.628238,1.569144,0.231762,0.897612
420,84,0.435294,0.423529,0.52549,0.433392,1.431135,0.315016,1.375973
454,527,0.47451,0.517647,0.72549,0.523482,2.4,0.276204,1.15297
439,377,0.505882,0.482353,0.658824,0.500096,1.886669,0.286144,1.210081
224,579,0.552941,0.52549,0.752941,0.547748,1.17389,0.265705,1.092646
377,491,0.556863,0.6,0.843137,0.608384,2.4,0.23971,0.943281
296,89,0.443137,0.427451,0.556863,0.440129,1.038861,0.311749,1.357203
362,339,0.619608,0.572549,0.792157,0.598409,1.861217,0.243879,0.967236
385,375,0.556863,0.541176,0.745098,0.559234,2.4,0.260664,1.063682
406,490,0.52549,0.541176,0.792157,0.555962,0.55,0.261967,1.071167
240,324,0.490196,0.486275,0.643137,0.498434,0.830553,0.286588,1.212635
349,311,0.584314,0.533333,0.733333,0.558612,2.4,0.260782,1.06436
282,240,0.458824,0.454902,0.588235,0.465362,0.711952,0.300695,1.293689
416,561,0.494118,0.576471,0.815686,0.576234,2.4,0.253007,1.019684
150,489,0.498039,0.466667,0.647059,0.486361,0.777758,0.29129,1.239647
377,573,0.486275,0.603922,0.843137,0.596181,2.281698,0.243802,0.966796
388,160,0.537255,0.494118,0.666667,0.515747,1.362007,0.27819,1.164381
411,225,0.431373,0.427451,0.54902,0.437062,0.55,0.311876,1.357931
471,197,0.462745,0.447059,0.572549,0.459454,1.929952,0.302165,1.302136
442,518,0.505882,0.54902,0.768627,0.555704,1.87534,0.26078,1.064346
280,430,0.47451,0.470588,0.631373,0.483031,0.55,0.291895,1.243123
438,581,0.439216,0.486275,0.643137,0.487595,0.55,0.289931,1.231844
15,527,0.458824,0.435294,0.545098,0.448224,0.713957,0.3065,1.327043
166,467,0.498039,0.494118,0.658824,0.506843,1.606594,0.281237,1.18189
400,134,0.509804,0.47451,0.654902,0.495038,2.4,0.286023,1.209384
230,169,0.431373,0.427451,0.560784,0.437911,0.600442,0.310335,1.34908
312,616,0.537255,0.576471,0.815686,0.585405,0.636316,0.246812,0.984089
301,499,0.560784,0.580392,0.796078,0.591796,1.014531,0.243974,0.967781
444,444,0.517647,0.529412,0.760784,0.543616,1.458102,0.264479,1.085602
383,563,0.513726,0.6,0.858824,0.600345,2.093279,0.239822,0.943925
278,583,0.6,0.576471,0.858824,0.601859,1.948429,0.239085,0.939693
411,290,0.462745,0.439216,0.580392,0.454411,0.726744,0.302271,1.302743
200,617,0.529412,0.529412,0.772549,0.546966,2.181254,0.262311,1.07314
468,539,0.482353,0.505882,0.666667,0.512489,1.772091,0.276553,1.154974
168,515,0.529412,0.501961,0.705882,0.52252,1.733097,0.271881,1.128129
412,472,0.52549,0.541176,0.776471,0.55483,2.080691,0.257817,1.047323
497,319,0.498039,0.470588,0.635294,0.488316,2.399747,0.286298,1.210966
416,303,0.478431,0.454902,0.6,0.47038,0.700366,0.293874,1.254494
395,498,0.513726,0.576471,0.807843,0.579836,1.115211,0.246885,0.984507
192,579,0.545098,0.513726,0.737255,0.536534,2.4,0.265322,1.090446
443,598,0.431373,0.462745,0.580392,0.464569,1.332098,0.296077,1.267153
474,454,0.494118,0.501961,0.701961,0.514733,1.785377,0.274402,1.142615
430,356,0.529412,0.501961,0.705882,0.52252,1.940915,0.27102,1.123183
235,359,0.47451,0.45098,0.584314,0.465609,1.963896,0.295379,1.263146
461,228,0.482353,0.470588,0.647059,0.485831,0.747345,0.286604,1.212723
404,383,0.541176,0.513726,0.709804,0.533718,1.788423,0.265691,1.092566
463,118,0.403922,0.4,0.462745,0.405364,0.55,0.320464,1.407276
479,376,0.498039,0.466667,0.647059,0.486361,2.097029,0.285738,1.207752
468,63,0.423529,0.415686,0.458824,0.420468,0.949583,0.313856,1.36931
261,630,0.537255,0.568627,0.788235,0.577813,2.240374,0.24642,0.981834
173,361,0.462745,0.458824,0.615686,0.470983,1.562416,0.291846,1.242845
384,233,0.45098,0.443137,0.596078,0.455847,2.4,0.298314,1.280006
436,520,0.509804,0.545098,0.784314,0.554866,1.491145,0.255752,1.035457
328,465,0.6,0.564706,0.815686,0.59033,2.336555,0.240285,0.946587
374,681,0.388235,0.407843,0.466667,0.407922,0.55,0.318142,1.393935
404,264,0.462745,0.439216,0.588235,0.454977,0.756377,0.297577,1.275771
386,530,0.505882,0.592157,0.858824,0.593068,1.662972,0.238252,0.934902
371,511,0.572549,0.603922,0.854902,0.615373,1.67344,0.228688,0.879955
378,214,0.478431,0.454902,0.6,0.47038,1.502551,0.290815,1.236919
480,552,0.431373,0.45098,0.564706,0.455023,0.55,0.297229,1.273776
111,613,0.435294,0.447059,0.584314,0.454467,0.65087,0.297432,1.274941
264,166,0.458824,0.439216,0.592157,0.454427,0.91134,0.29738,1.274642
379,494,0.576471,0.584314,0.839216,0.60105,2.4,0.234329,0.912367
368,520,0.54902,0.631373,0.886275,0.632268,2.181235,0.220776,0.83449
361,414,0.619608,0.592157,0.835294,0.615547,2.4,0.227567,0.87351
128,677,0.396078,0.4,0.447059,0.402564,0.73833,0.31874,1.397374
208,524,0.556863,0.52549,0.745098,0.548016,2.4,0.256366,1.038984
283,510,0.568627,0.545098,0.776471,0.566805,2.013792,0.248287,0.992563
405,236,0.423529,0.419608,0.537255,0.428936,0.827802,0.307148,1.330767
409,137,0.517647,0.47451,0.670588,0.497838,2.216759,0.277496,1.160393
359,424,0.54902,0.537255,0.745098,0.554762,1.938058,0.253096,1.020196
232,444,0.533333,0.482353,0.658824,0.505933,0.592987,0.273814,1.139234
103,150,0.427451,0.411765,0.54902,0.425009,1.713457,0.308349,1.337668
337,568,0.607843,0.596078,0.862745,0.617833,2.4,0.225654,0.862521
350,280,0.513726,0.482353,0.67451,0.502896,1.318152,0.274638,1.14397
367,242,0.439216,0.435294,0.560784,0.445188,1.705909,0.299141,1.284757
257,614,0.552941,0.564706,0.823529,0.580892,2.399429,0.240898,0.950107
485,632,0.411765,0.411765,0.454902,0.414879,1.241848,0.312011,1.35871
315,480,0.576471,0.576471,0.788235,0.59176,2.355377,0.235954,0.9217
407,378,0.521569,0.498039,0.698039,0.517482,1.95424,0.267496,1.102935
489,252,0.486275,0.458824,0.615686,0.475985,0.94702,0.285172,1.204495
388,578,0.513726,0.596078,0.847059,0.596691,2.4,0.233345,0.90671
417,177,0.431373,0.435294,0.619608,0.447768,1.702532,0.297161,1.273385
287,142,0.447059,0.435294,0.568627,0.447422,1.081956,0.297294,1.274147
293,214,0.458824,0.435294,0.576471,0.450489,1.790862,0.295697,1.264969
125,218,0.431373,0.411765,0.529412,0.424427,0.565845,0.306606,1.327653
336,504,0.588235,0.592157,0.85098,0.61001,1.656148,0.227068,0.870644
469,345,0.490196,0.462745,0.623529,0.48019,1.267718,0.282509,1.189197
342,554,0.580392,0.611765,0.835294,0.621234,2.021454,0.221696,0.839777
443,154,0.419608,0.419608,0.560784,0.429801,1.815016,0.303624,1.310521
195,581,0.537255,0.501961,0.72549,0.525603,2.359486,0.262521,1.074349
310,586,0.592157,0.631373,0.898039,0.642289,1.217273,0.212485,0.786854
403,371,0.498039,0.498039,0.682353,0.511347,1.949647,0.268491,1.10865
320,664,0.403922,0.458824,0.576471,0.455646,1.042812,0.292341,1.245691
312,581,0.560784,0.627451,0.87451,0.631115,2.4,0.217039,0.813022
280,516,0.545098,0.541176,0.764706,0.558149,0.937458,0.248289,0.992576
214,422,0.505882,0.47451,0.631373,0.492505,2.337133,0.27637,1.153924
305,572,0.631373,0.627451,0.894118,0.647538,1.755577,0.209785,0.771337
315,634,0.462745,0.513726,0.709804,0.517044,2.4,0.265695,1.092588
465,178,0.423529,0.423529,0.52549,0.430891,1.959413,0.302433,1.303675
456,458,0.501961,0.494118,0.686275,0.509659,0.717458,0.268665,1.109654
275,337,0.490196,0.458824,0.607843,0.476253,0.934327,0.282907,1.191485
325,509,0.611765,0.623529,0.890196,0.640282,1.835851,0.212553,0.787244
428,566,0.478431,0.517647,0.72549,0.524316,1.848276,0.262229,1.072674
362,303,0.564706,0.501961,0.690196,0.528891,1.872452,0.260232,1.061198
315,473,0.572549,0.576471,0.792157,0.591209,1.044537,0.233487,0.907529
266,485,0.517647,0.47451,0.666667,0.497555,1.462273,0.273539,1.137654
180,211,0.435294,0.419608,0.556863,0.432853,0.55,0.301245,1.29685
388,376,0.560784,0.560784,0.768627,0.575791,2.4,0.239848,0.944074
381,350,0.537255,0.509804,0.713726,0.530363,1.168126,0.259262,1.055626
314,268,0.490196,0.458824,0.619608,0.477102,0.97289,0.281884,1.185608
422,387,0.494118,0.486275,0.670588,0.501249,0.754855,0.271503,1.125958
377,482,0.564706,0.580392,0.815686,0.594046,1.90099,0.231605,0.896712
207,638,0.466667,0.490196,0.662745,0.497652,0.579538,0.272718,1.132942
379,464,0.529412,0.568627,0.803922,0.577278,1.513832,0.238569,0.936726
388,441,0.545098,0.545098,0.784314,0.562369,0.55,0.2449,0.973105
476,364,0.494118,0.470588,0.654902,0.488898,1.38602,0.276145,1.152631
386,423,0.529412,0.517647,0.717647,0.534588,1.947019,0.256409,1.039229
381,498,0.568627,0.607843,0.847059,0.616777,2.243335,0.221094,0.836321
447,431,0.501961,0.486275,0.682353,0.503766,1.421058,0.269489,1.114383
368,453,0.592157,0.6,0.827451,0.614755,1.69024,0.221682,0.839699
236,647,0.454902,0.486275,0.662745,0.492346,2.4,0.273957,1.140055
399,537,0.552941,0.568627,0.815686,0.58313,1.597431,0.235013,0.916294
476,568,0.423529,0.447059,0.552941,0.449701,0.922106,0.292112,1.244375
332,407,0.521569,0.490196,0.686275,0.511023,0.951617,0.26579,1.093134
267,451,0.6,0.54902,0.784314,0.576846,2.4,0.237552,0.93088
280,402,0.478431,0.466667,0.635294,0.481343,2.159278,0.27839,1.165526
295,466,0.494118,0.482353,0.662745,0.497878,1.883579,0.271124,1.123783
385,340,0.584314,0.537255,0.74902,0.562549,1.828463,0.243228,0.963498
201,662,0.419608,0.435294,0.533333,0.439038,1.40534,0.296021,1.266836
494,378,0.498039,0.458824,0.635294,0.479902,2.196158,0.278438,1.165808
232,508,0.521569,0.501961,0.72549,0.522268,0.55,0.260256,1.061336
382,525,0.52549,0.6,0.862745,0.603129,2.4,0.225497,0.861615
407,133,0.501961,0.466667,0.615686,0.484929,1.195743,0.275885,1.151138
442,576,0.415686,0.466667,0.623529,0.467154,1.857019,0.283457,1.194642
399,272,0.462745,0.435294,0.568627,0.450757,1.561659,0.290391,1.234486
132,346,0.466667,0.443137,0.584314,0.458333,1.89441,0.286574,1.212555
466,544,0.47451,0.494118,0.647059,0.500991,2.303081,0.268115,1.106492
108,369,0.454902,0.427451,0.564706,0.443197,2.114258,0.292434,1.246222
489,219,0.462745,0.447059,0.576471,0.459737,1.809258,0.285212,1.204729
357,111,0.47451,0.466667,0.65098,0.481642,1.144509,0.275734,1.15027
413,402,0.529412,0.513726,0.717647,0.531784,1.189702,0.25421,1.026596
239,416,0.521569,0.482353,0.658824,0.503431,2.4,0.266356,1.096382
389,103,0.458824,0.447059,0.588235,0.459753,2.059124,0.284981,1.203401
468,429,0.513726,0.486275,0.686275,0.506551,1.620852,0.26492,1.088135
400,141,0.52549,0.490196,0.741176,0.51582,2.236483,0.26076,1.064233
246,638,0.529412,0.54902,0.768627,0.560707,2.4,0.241459,0.953333
247,322,0.498039,0.458824,0.627451,0.479336,2.157694,0.276243,1.153195
186,645,0.423529,0.443137,0.592157,0.449728,0.632525,0.288781,1.225232
373,638,0.411765,0.462745,0.588235,0.460967,0.63553,0.283771,1.196446
332,169,0.501961,0.45098,0.619608,0.473994,2.4,0.278187,1.164361
240,221,0.431373,0.419608,0.556863,0.432019,0.690313,0.296146,1.26755
257,63,0.392157,0.388235,0.482353,0.395864,0.637623,0.311578,1.35622
367,559,0.552941,0.588235,0.843137,0.599136,2.4,0.224407,0.855353
293,675,0.411765,0.439216,0.545098,0.441024,1.748183,0.291992,1.243681
269,289,0.478431,0.466667,0.643137,0.481909,1.550382,0.27433,1.142201
304,190,0.439216,0.435294,0.564706,0.445471,1.659182,0.289885,1.231575
238,448,0.52549,0.462745,0.639216,0.488826,1.73806,0.271257,1.124546
431,327,0.47451,0.458824,0.615686,0.473484,2.4,0.277818,1.162245
380,309,0.603922,0.494118,0.752941,0.536149,2.220853,0.250869,1.007402
226,701,0.384314,0.407843,0.466667,0.407088,0.769417,0.305808,1.323069
173,470,0.490196,0.458824,0.643137,0.478801,1.329559,0.275014,1.146132
210,142,0.431373,0.415686,0.545098,0.428365,1.214549,0.296518,1.269691
247,246,0.447059,0.435294,0.580392,0.448271,2.4,0.287779,1.219474
189,610,0.482353,0.501961,0.717647,0.513365,0.764222,0.259587,1.05749
226,537,0.505882,0.501961,0.72549,0.518933,2.092837,0.257164,1.043567
404,574,0.494118,0.552941,0.776471,0.556574,2.4,0.24098,0.950577
444,302,0.454902,0.462745,0.615686,0.47212,1.052328,0.276729,1.155986
410,487,0.505882,0.537255,0.784314,0.548423,2.140765,0.243984,0.967838
498,278,0.466667,0.454902,0.607843,0.468445,1.92239,0.278104,1.163888
401,191,0.443137,0.435294,0.580392,0.447438,1.848785,0.286902,1.21444
391,139,0.498039,0.466667,0.658824,0.48721,0.666638,0.269744,1.11585
455,599,0.415686,0.443137,0.54902,0.444946,0.81655,0.287768,1.219413
46,395,0.443137,0.415686,0.54902,0.431149,1.145164,0.293669,1.253319
119,633,0.415686,0.415686,0.52549,0.423614,0.55,0.296742,1.270977
244,244,0.466667,0.443137,0.592157,0.458899,2.11587,0.281597,1.183954
404,387,0.529412,0.505882,0.694118,0.524475,2.4,0.253342,1.021607
362,228,0.466667,0.443137,0.592157,0.458899,1.883663,0.28142,1.182939
384,454,0.541176,0.568627,0.803922,0.57978,2.010482,0.229549,0.884897
398,527,0.537255,0.556863,0.823529,0.571948,1.692387,0.232782,0.903477
240,275,0.458824,0.447059,0.596078,0.460319,1.835212,0.28057,1.178057
300,442,0.537255,0.482353,0.682353,0.508465,1.033634,0.259722,1.058268
297,332,0.47451,0.45098,0.592157,0.466176,1.44033,0.277721,1.161685
128,570,0.486275,0.478431,0.694118,0.495671,0.82461,0.264833,1.087635
234,347,0.466667,0.435294,0.580392,0.45244,0.834197,0.283265,1.193539
313,519,0.615686,0.623529,0.878431,0.640266,1.672271,0.202749,0.73091
164,471,0.482353,0.466667,0.627451,0.48161,2.167416,0.27062,1.120884
330,270,0.509804,0.462745,0.647059,0.486057,2.4,0.268712,1.109922
271,177,0.423529,0.407843,0.545098,0.421088,1.195028,0.296533,1.269777
494,504,0.439216,0.462745,0.596078,0.467369,0.55,0.276553,1.154976
420,400,0.505882,0.494118,0.709804,0.512191,2.015071,0.257189,1.043711
63,657,0.392157,0.384314,0.435294,0.389662,0.55,0.309678,1.345303
244,452,0.52549,0.462745,0.647059,0.489392,1.560718,0.266886,1.09943
115,249,0.435294,0.415686,0.537255,0.428632,2.331729,0.292887,1.248824
333,449,0.517647,0.521569,0.729412,0.535741,0.909357,0.246877,0.984463
428,391,0.509804,0.478431,0.694118,0.500674,2.150565,0.261882,1.070678
496,371,0.478431,0.439216,0.615686,0.460294,0.627066,0.279181,1.170073
125,324,0.45098,0.435294,0.560784,0.447689,0.681797,0.284265,1.199284
165,156,0.407843,0.396078,0.509804,0.406791,0.567583,0.301729,1.299631
427,282,0.431373,0.415686,0.545098,0.428365,0.576197,0.292407,1.246067
377,543,0.52549,0.596078,0.847059,0.599192,1.641376,0.219151,0.825157
336,294,0.517647,0.470588,0.627451,0.491918,2.4,0.265024,1.088731
347,418,0.564706,0.572549,0.768627,0.585038,2.4,0.224867,0.857997
377,584,0.509804,0.580392,0.827451,0.583223,2.076602,0.225592,0.862161
400,332,0.498039,0.486275,0.698039,0.504065,0.55,0.259502,1.057
178,516,0.478431,0.47451,0.666667,0.489217,2.4,0.265742,1.092857
266,177,0.431373,0.419608,0.560784,0.432302,0.605243,0.29005,1.232525
143,633,0.427451,0.427451,0.537255,0.435379,0.669692,0.288715,1.224854
479,422,0.47451,0.482353,0.678431,0.494842,1.437004,0.263217,1.078348
330,498,0.607843,0.631373,0.866667,0.643358,2.4,0.199457,0.711996
264,448,0.572549,0.517647,0.752941,0.546307,2.4,0.240849,0.949828
32,314,0.439216,0.4,0.529412,0.417681,0.55,0.295879,1.266019
367,176,0.486275,0.435294,0.603922,0.458307,1.56339,0.27833,1.165183
259,207,0.443137,0.435294,0.588235,0.448004,1.34647,0.282371,1.188402
360,291,0.517647,0.478431,0.65098,0.499227,2.4,0.260397,1.062148
434,189,0.45098,0.431373,0.580392,0.4463,2.060979,0.282957,1.19177
296,493,0.556863,0.517647,0.721569,0.540707,2.3267,0.242413,0.958812
156,591,0.501961,0.482353,0.694118,0.501811,0.55,0.259042,1.054358
368,328,0.584314,0.556863,0.792157,0.579687,1.116303,0.225642,0.862449
409,62,0.4,0.392157,0.439216,0.397222,0.741341,0.303699,1.310951
275,557,0.529412,0.529412,0.760784,0.546117,2.4,0.239776,0.943662
245,319,0.466667,0.454902,0.619608,0.469295,2.4,0.272636,1.13247
491,280,0.482353,0.458824,0.635294,0.476567,1.615707,0.269434,1.11407
490,225,0.466667,0.447059,0.580392,0.460854,2.286,0.276064,1.152163
239,485,0.513726,0.482353,0.67451,0.502896,1.353515,0.257988,1.048303
167,165,0.419608,0.403922,0.545098,0.417449,0.557126,0.294582,1.258566
245,607,0.521569,0.529412,0.780392,0.545865,0.619718,0.239517,0.942174
477,313,0.498039,0.478431,0.662745,0.495907,2.4,0.260644,1.063566
300,320,0.498039,0.45098,0.607843,0.472311,1.339507,0.270748,1.12162
361,276,0.470588,0.447059,0.6,0.463104,2.316566,0.274502,1.143192
375,554,0.537255,0.584314,0.85098,0.593562,2.234483,0.218581,0.821881
201,210,0.419608,0.415686,0.545098,0.425864,0.60742,0.290242,1.233628
292,287,0.458824,0.435294,0.584314,0.451056,0.729293,0.279269,1.170581
408,469,0.533333,0.552941,0.772549,0.564628,2.4,0.230426,0.889936
332,432,0.541176,0.556863,0.788235,0.570233,2.012444,0.227942,0.875664
315,500,0.611765,0.623529,0.890196,0.640282,1.935306,0.19784,0.702709
339,186,0.462745,0.439216,0.584314,0.454694,1.739913,0.277312,1.159337
463,315,0.462745,0.45098,0.619608,0.465656,2.4,0.272597,1.132246
226,611,0.509804,0.52549,0.764706,0.539427,2.4,0.240832,0.949731
400,137,0.517647,0.47451,0.690196,0.499253,2.237734,0.257636,1.046282
358,472,0.54902,0.564706,0.803922,0.578642,2.4,0.223494,0.850112
178,335,0.454902,0.423529,0.572549,0.440958,0.55,0.282478,1.189018
311,499,0.592157,0.596078,0.847059,0.613365,1.818816,0.208367,0.763195
454,118,0.392157,0.388235,0.458824,0.394166,0.972275,0.30229,1.30285
329,343,0.45098,0.435294,0.564706,0.447973,1.609054,0.279144,1.169862
471,354,0.490196,0.462745,0.627451,0.480473,1.599519,0.264971,1.088428
417,161,0.47451,0.427451,0.6,0.449914,2.361702,0.277954,1.163023
349,540,0.521569,0.576471,0.823529,0.582636,1.841638,0.221008,0.835824
422,510,0.490196,0.529412,0.768627,0.538346,2.4,0.239858,0.944132
109,167,0.411765,0.392157,0.513726,0.405103,0.55,0.296798,1.271296
356,559,0.552941,0.592157,0.823529,0.600525,1.263968,0.213023,0.789943
479,166,0.396078,0.4,0.478431,0.404829,0.55,0.296684,1.270642
369,425,0.513726,0.52549,0.72549,0.537429,2.4,0.239848,0.944075
281,59,0.411765,0.403922,0.486275,0.411535,0.883712,0.293536,1.252553
207,621,0.494118,0.513726,0.729412,0.525129,2.07736,0.244728,0.972117
240,464,0.494118,0.458824,0.6,0.47652,0.621715,0.265482,1.091364
314,239,0.482353,0.458824,0.643137,0.477133,1.86224,0.265194,1.08971
244,136,0.423529,0.407843,0.537255,0.420522,0.709466,0.289251,1.227936
446,332,0.454902,0.45098,0.611765,0.463423,1.098011,0.270707,1.121386
254,480,0.537255,0.494118,0.694118,0.517729,1.965221,0.247359,0.987233
247,508,0.505882,0.513726,0.705882,0.525932,0.55,0.243733,0.966396
489,555,0.419608,0.443137,0.537255,0.44493,2.4,0.278183,1.164341
363,363,0.466667,0.447059,0.596078,0.461987,1.177524,0.27083,1.122094
361,642,0.415686,0.470588,0.607843,0.468826,2.4,0.267793,1.104642
309,605,0.541176,0.556863,0.827451,0.573064,2.4,0.223021,0.847391
385,575,0.486275,0.580392,0.831373,0.578504,2.4,0.220511,0.832971
314,432,0.541176,0.537255,0.756863,0.553944,2.073248,0.231007,0.893276
48,417,0.439216,0.403922,0.541176,0.421335,1.229814,0.287793,1.219556
401,559,0.517647,0.560784,0.807843,0.569451,1.731965,0.223936,0.852647
482,586,0.392157,0.415686,0.509804,0.417479,1.555909,0.288824,1.225482
278,607,0.560784,0.596078,0.858824,0.607545,2.092325,0.207337,0.757276
200,543,0.470588,0.482353,0.67451,0.493726,0.816306,0.256113,1.03753
344,654,0.419608,0.470588,0.603922,0.469377,1.555104,0.266533,1.0974
251,281,0.498039,0.47451,0.65098,0.492253,1.053412,0.256651,1.040619
405,398,0.537255,0.509804,0.713726,0.530363,1.773814,0.240192,0.946053
356,535,0.490196,0.580392,0.823529,0.578771,1.158474,0.219151,0.825155
462,471,0.478431,0.494118,0.682353,0.504373,2.4,0.250925,1.007721
270,629,0.470588,0.52549,0.741176,0.529391,2.010192,0.240143,0.945773
302,656,0.423529,0.462745,0.603922,0.464601,2.110346,0.267699,1.104102
331,557,0.552941,0.584314,0.831373,0.595482,1.962069,0.211583,0.78167
183,584,0.505882,0.501961,0.721569,0.51865,2.4,0.244398,0.970217
486,225,0.45098,0.439216,0.580392,0.45191,1.701748,0.272962,1.134342
385,463,0.521569,0.541176,0.784314,0.554562,1.776415,0.228817,0.880696
393,617,0.403922,0.458824,0.603922,0.457627,0.684147,0.270351,1.119337
177,523,0.486275,0.478431,0.666667,0.493689,1.621685,0.254884,1.030471
180,58,0.376471,0.372549,0.435294,0.377913,0.55,0.304412,1.315045
144,102,0.407843,0.4,0.494118,0.408463,1.878516,0.291116,1.238652
426,219,0.423529,0.411765,0.541176,0.423609,1.623878,0.284568,1.201028
326,272,0.513726,0.466667,0.65098,0.489979,2.4,0.256021,1.037002
455,507,0.443137,0.513726,0.72549,0.514008,1.810041,0.245658,0.977456
327,419,0.54902,0.517647,0.717647,0.538757,1.589852,0.234913,0.915717
377,73,0.403922,0.396078,0.478431,0.403692,0.88376,0.292781,1.248217
316,414,0.521569,0.494118,0.690196,0.514111,1.674041,0.245414,0.976058
406,412,0.509804,0.513726,0.729412,0.528464,1.844448,0.239156,0.940099
260,618,0.537255,0.545098,0.796078,0.561551,1.824684,0.224954,0.858498
327,641,0.439216,0.482353,0.670588,0.486773,1.705575,0.256999,1.042621
372,308,0.580392,0.498039,0.717647,0.531403,2.070074,0.237853,0.932614
334,415,0.533333,0.501961,0.717647,0.524203,2.133243,0.240827,0.949698
475,585,0.411765,0.435294,0.521569,0.436521,0.830869,0.278379,1.165467
251,571,0.533333,0.490196,0.721569,0.516072,1.881814,0.244154,0.968816
487,177,0.407843,0.396078,0.470588,0.403959,0.985089,0.292071,1.24414
388,590,0.458824,0.533333,0.764706,0.534198,2.211441,0.236195,0.923087
458,551,0.454902,0.470588,0.647059,0.479995,0.731059,0.25941,1.056472
204,527,0.498039,0.482353,0.686275,0.500411,2.4,0.250504,1.005305
382,512,0.513726,0.568627,0.819608,0.575076,2.4,0.218361,0.820617
258,168,0.423529,0.411765,0.560784,0.425025,1.566411,0.282656,1.190039
299,277,0.478431,0.454902,0.6,0.47038,2.4,0.263194,1.078218
376,520,0.513726,0.576471,0.835294,0.581818,2.003113,0.215319,0.803139
414,564,0.470588,0.537255,0.780392,0.540636,2.332363,0.232967,0.904536
472,470,0.482353,0.478431,0.670588,0.493139,0.55,0.253158,1.020549
261,432,0.494118,0.458824,0.627451,0.478502,1.084649,0.259066,1.054495
427,331,0.486275,0.454902,0.65098,0.475729,1.270259,0.26012,1.060554
375,568,0.478431,0.576471,0.827451,0.573748,1.58409,0.218094,0.819082
358,464,0.545098,0.556863,0.796078,0.571633,2.028288,0.218892,0.823669
370,614,0.435294,0.501961,0.717647,0.50336,0.616218,0.248115,0.991575
470,623,0.380392,0.403922,0.466667,0.403449,0.71669,0.290885,1.237325
373,196,0.470588,0.431373,0.592157,0.451318,2.4,0.270292,1.119003
347,404,0.509804,0.498039,0.67451,0.513282,2.4,0.243699,0.9662
367,200,0.443137,0.407843,0.541176,0.424973,2.3293,0.281543,1.183643
274,230,0.458824,0.439216,0.596078,0.45471,2.158003,0.268686,1.109774
387,435,0.509804,0.52549,0.733333,0.537162,1.084046,0.233302,0.906464
413,341,0.513726,0.478431,0.698039,0.501791,1.632436,0.248384,0.993123
321,127,0.427451,0.403922,0.611765,0.42393,2.4,0.281598,1.183962
263,200,0.415686,0.415686,0.552941,0.425596,0.767746,0.280751,1.179094
167,472,0.462745,0.458824,0.623529,0.471549,2.384248,0.261014,1.065689
304,227,0.423529,0.431373,0.568627,0.439615,1.166924,0.274443,1.142852
317,446,0.501961,0.486275,0.686275,0.504049,1.202297,0.246556,0.98262
179,432,0.47451,0.443137,0.603922,0.461416,1.419773,0.264704,1.086892
344,576,0.552941,0.584314,0.862745,0.597747,2.4,0.206271,0.751147
359,612,0.458824,0.545098,0.760784,0.542329,1.771606,0.229896,0.886895
451,348,0.466667,0.447059,0.596078,0.461987,2.33079,0.26413,1.083595
256,674,0.396078,0.419608,0.513726,0.421401,1.241852,0.281155,1.181419
321,494,0.576471,0.6,0.866667,0.614251,2.4,0.198494,0.706464
385,401,0.533333,0.501961,0.698039,0.522787,2.4,0.237671,0.931566
379,178,0.466667,0.419608,0.6,0.442637,2.372311,0.271752,1.12739
424,237,0.431373,0.419608,0.556863,0.432019,2.4,0.276211,1.153007
489,519,0.419608,0.443137,0.6,0.44946,0.701665,0.268607,1.109318
401,176,0.466667,0.447059,0.596078,0.461987,2.4,0.263187,1.078178
215,551,0.501961,0.490196,0.698039,0.507704,1.965689,0.243414,0.964563
125,390,0.435294,0.415686,0.564706,0.430614,0.55,0.276314,1.153603
127,541,0.486275,0.458824,0.662745,0.479383,1.16442,0.255361,1.033211
276,682,0.380392,0.411765,0.498039,0.411324,0.907037,0.284454,1.200374
401,342,0.498039,0.47451,0.65098,0.492253,2.4,0.249737,1.000896
396,106,0.431373,0.411765,0.533333,0.424711,0.861735,0.278675,1.167168
455,435,0.478431,0.470588,0.666667,0.486413,1.593509,0.252216,1.015141
377,299,0.545098,0.470588,0.72549,0.504833,2.033833,0.244246,0.969348
434,575,0.435294,0.466667,0.65098,0.473304,0.55,0.257665,1.046449
293,669,0.392157,0.423529,0.537255,0.425071,0.55,0.278331,1.16519
335,169,0.470588,0.431373,0.596078,0.451602,2.4,0.266745,1.098618
367,190,0.486275,0.423529,0.611765,0.45046,2.112361,0.267222,1.101362
168,549,0.494118,0.462745,0.658824,0.483572,2.01474,0.253,1.019644
340,419,0.552941,0.529412,0.737255,0.54942,2.4,0.224759,0.857379
90,312,0.423529,0.403922,0.529412,0.417151,1.573109,0.281329,1.182418
269,140,0.419608,0.403922,0.533333,0.4166,0.680944,0.281416,1.182915
151,156,0.403922,0.384314,0.501961,0.396976,0.55,0.289788,1.231019
90,600,0.427451,0.427451,0.568627,0.437644,2.4,0.272209,1.130013
492,372,0.482353,0.443137,0.619608,0.464216,1.644086,0.260725,1.06403
408,535,0.482353,0.552941,0.8,0.555772,1.141467,0.221227,0.837083
303,182,0.439216,0.423529,0.560784,0.436774,1.616237,0.272195,1.129935
435,570,0.439216,0.470588,0.658824,0.477509,1.829828,0.254658,1.029168
426,447,0.490196,0.486275,0.709804,0.503247,1.552129,0.243617,0.965733
240,725,0.360784,0.356863,0.380392,0.359395,0.969673,0.30523,1.319747
307,448,0.545098,0.494118,0.705882,0.520245,2.4,0.236272,0.923526
479,582,0.388235,0.419608,0.509804,0.41945,2.4,0.27946,1.171676
173,261,0.427451,0.411765,0.541176,0.424443,1.399326,0.277312,1.159333
210,564,0.513726,0.501961,0.713726,0.519751,2.4,0.236462,0.924618
233,646,0.423529,0.47451,0.639216,0.475563,2.085337,0.255366,1.033236
283,526,0.517647,0.52549,0.745098,0.539678,2.4,0.227814,0.87493
204,181,0.411765,0.392157,0.521569,0.405669,2.165265,0.285052,1.203805
389,303,0.545098,0.45098,0.682353,0.487695,2.271372,0.249841,1.001491
436,278,0.447059,0.431373,0.576471,0.445184,1.39777,0.267888,1.105186
173,511,0.505882,0.47451,0.701961,0.497602,1.746985,0.245337,0.975615
290,239,0.431373,0.431373,0.564706,0.440999,2.095485,0.269305,1.11333
359,598,0.494118,0.545098,0.784314,0.551531,2.095504,0.221836,0.840582
212,163,0.407843,0.392157,0.521569,0.404835,0.705065,0.284688,1.201718
326,228,0.443137,0.419608,0.568627,0.435369,2.4,0.271522,1.126069
235,586,0.501961,0.490196,0.721569,0.509402,2.257494,0.239676,0.943086
479,369,0.47451,0.443137,0.623529,0.462831,1.417654,0.259479,1.056869
266,599,0.545098,0.580392,0.839216,0.591576,2.4,0.204166,0.739052
427,130,0.427451,0.415686,0.52549,0.426115,2.4,0.275024,1.146187
249,433,0.478431,0.454902,0.627451,0.472362,1.073958,0.255137,1.031923
36,567,0.407843,0.4,0.486275,0.407896,1.520192,0.282707,1.190333
305,464,0.462745,0.482353,0.678431,0.492341,2.071501,0.246503,0.982313
162,391,0.45098,0.419608,0.568627,0.437037,1.967209,0.270099,1.117889
355,640,0.403922,0.462745,0.615686,0.461282,2.4,0.25969,1.058081
300,585,0.580392,0.580392,0.854902,0.600212,1.307064,0.200139,0.715914
199,505,0.509804,0.486275,0.694118,0.506283,1.805536,0.240121,0.945641
300,312,0.447059,0.439216,0.588235,0.451642,1.461464,0.263465,1.079774
375,101,0.443137,0.431373,0.572549,0.444067,2.4,0.266699,1.098354
380,388,0.517647,0.501961,0.701961,0.519736,0.970362,0.234237,0.911837
249,630,0.513726,0.517647,0.741176,0.532952,0.892,0.228551,0.879165
339,628,0.466667,0.517647,0.72549,0.521815,2.237769,0.233297,0.906434
213,546,0.509804,0.486275,0.705882,0.507133,1.555196,0.239299,0.94092
191,171,0.407843,0.388235,0.509804,0.401181,0.621761,0.284663,1.201574
205,483,0.498039,0.478431,0.682353,0.497323,1.860738,0.243291,0.963858
77,555,0.439216,0.427451,0.603922,0.442693,2.4,0.266643,1.098032
380,82,0.396078,0.4,0.509804,0.407094,0.702529,0.281741,1.184786
376,501,0.505882,0.568627,0.839216,0.574824,1.36707,0.209817,0.771525
261,609,0.47451,0.564706,0.807843,0.563085,1.443418,0.214836,0.80036
352,306,0.541176,0.501961,0.701961,0.524738,2.256567,0.231257,0.894715
402,505,0.470588,0.552941,0.776471,0.551572,2.4,0.219745,0.828566
266,276,0.439216,0.415686,0.556863,0.430882,0.55,0.271388,1.125296
125,597,0.454902,0.439216,0.627451,0.456141,0.55,0.260533,1.062926
282,414,0.505882,0.466667,0.635294,0.487179,2.4,0.247121,0.985867
376,344,0.501961,0.486275,0.686275,0.504049,2.4,0.239866,0.944181
220,506,0.54902,0.505882,0.729412,0.531192,1.685222,0.228137,0.876785
229,44,0.364706,0.360784,0.415686,0.365582,2.375351,0.298899,1.283368
449,299,0.45098,0.454902,0.603922,0.464827,1.292923,0.256312,1.038674
425,489,0.52549,0.505882,0.756863,0.528172,0.932255,0.229096,0.882299
447,475,0.470588,0.482353,0.682353,0.494292,0.963116,0.243591,0.965583
240,507,0.501961,0.505882,0.713726,0.520055,2.4,0.232524,0.901993
392,251,0.415686,0.4,0.529412,0.412678,2.245741,0.278495,1.16613
191,555,0.478431,0.486275,0.701961,0.50018,2.4,0.24083,0.94972
388,206,0.486275,0.423529,0.643137,0.452725,2.4,0.26116,1.066532
290,387,0.458824,0.423529,0.560784,0.440943,0.809714,0.266087,1.094836
243,424,0.494118,0.45098,0.619608,0.472326,1.997191,0.252551,1.017065
84,99,0.384314,0.376471,0.458824,0.384084,0.958921,0.290304,1.233982
421,139,0.443137,0.427451,0.584314,0.442111,1.520171,0.265334,1.090514
469,448,0.482353,0.454902,0.658824,0.475461,0.810168,0.251028,1.008312
195,173,0.415686,0.396078,0.517647,0.409024,0.925403,0.279369,1.171156
416,591,0.431373,0.470588,0.635294,0.474143,2.4,0.251278,1.00975
255,390,0.454902,0.427451,0.588235,0.444896,0.764817,0.263811,1.081759
466,197,0.427451,0.415686,0.54902,0.427814,1.165884,0.271104,1.123667
288,538,0.572549,0.572549,0.815686,0.590104,2.4,0.201484,0.723642
356,552,0.52549,0.576471,0.839216,0.584602,1.412346,0.20382,0.737065
289,369,0.431373,0.4,0.533333,0.416296,0.621316,0.275912,1.15129
366,83,0.396078,0.392157,0.494118,0.400352,0.805818,0.28236,1.188341
452,501,0.501961,0.494118,0.717647,0.511924,2.208121,0.234444,0.913023
307,608,0.537255,0.541176,0.796078,0.558747,2.4,0.214352,0.797578
489,491,0.466667,0.45098,0.619608,0.46649,0.74236,0.253629,1.023258
367,246,0.411765,0.415686,0.533333,0.423347,1.282055,0.272117,1.129488
249,549,0.494118,0.494118,0.705882,0.509407,1.417635,0.235094,0.916761
87,453,0.45098,0.411765,0.572549,0.431711,1.31464,0.268298,1.107543
381,501,0.533333,0.572549,0.815686,0.581766,2.4,0.203987,0.738026
234,660,0.4,0.443137,0.584314,0.444159,0.751561,0.262839,1.076177
412,513,0.486275,0.517647,0.764706,0.528815,1.864861,0.226461,0.867157
270,646,0.435294,0.470588,0.619608,0.473844,2.4,0.249958,1.002163
371,386,0.541176,0.494118,0.690196,0.518279,2.249384,0.230733,0.891701
443,411,0.462745,0.478431,0.65098,0.487555,1.010523,0.243834,0.966976
206,550,0.509804,0.486275,0.698039,0.506566,2.046034,0.235533,0.91928
351,342,0.537255,0.47451,0.678431,0.502573,1.370157,0.236995,0.92768
123,634,0.403922,0.4,0.517647,0.409328,0.633262,0.276832,1.156575
377,162,0.454902,0.419608,0.596078,0.439853,0.778482,0.263717,1.081221
277,317,0.470588,0.443137,0.611765,0.461148,1.333613,0.254416,1.027781
220,525,0.52549,0.482353,0.709804,0.507946,1.50258,0.234228,0.911784
247,466,0.498039,0.466667,0.65098,0.486644,1.385072,0.243289,0.963846
358,569,0.52549,0.584314,0.839216,0.590212,2.4,0.198875,0.708651
158,385,0.443137,0.419608,0.564706,0.435086,1.260292,0.265327,1.090473
369,562,0.54902,0.580392,0.843137,0.592693,2.343699,0.197718,0.702006
391,539,0.486275,0.552941,0.788235,0.555756,1.384075,0.213482,0.792581
401,327,0.482353,0.470588,0.65098,0.486114,2.4,0.24332,0.964028
448,445,0.466667,0.470588,0.686275,0.485327,2.09606,0.243601,0.965641
112,213,0.415686,0.396078,0.513726,0.408741,0.647624,0.276298,1.153506
173,559,0.47451,0.466667,0.65098,0.481642,0.707747,0.244758,0.972286
402,173,0.470588,0.447059,0.6,0.463104,2.4,0.252702,1.017933
390,611,0.411765,0.466667,0.639216,0.467453,0.783414,0.250645,1.006111
452,243,0.435294,0.427451,0.584314,0.440444,2.4,0.262132,1.072114
467,436,0.466667,0.458824,0.666667,0.475497,1.36337,0.247103,0.985761
317,396,0.466667,0.439216,0.611765,0.45751,1.416851,0.254767,1.029796
318,228,0.462745,0.427451,0.6,0.447413,2.4,0.259064,1.054487
247,700,0.368627,0.392157,0.447059,0.391118,1.984524,0.28316,1.192939
336,542,0.580392,0.564706,0.843137,0.588144,2.256381,0.198616,0.707167
357,335,0.556863,0.494118,0.705882,0.522747,2.029871,0.226629,0.86812
328,121,0.411765,0.415686,0.592157,0.427594,1.040698,0.267208,1.101278
316,341,0.435294,0.415686,0.568627,0.430897,0.819694,0.265774,1.093042
444,176,0.403922,0.4,0.552941,0.411876,1.515343,0.273875,1.139586
350,413,0.580392,0.560784,0.819608,0.58364,2.4,0.20025,0.716555
190,224,0.403922,0.392157,0.505882,0.402869,0.735007,0.277666,1.16137
354,419,0.580392,0.560784,0.780392,0.580809,1.783952,0.201265,0.722385
418,604,0.388235,0.458824,0.603922,0.454293,0.632912,0.255414,1.033516
188,511,0.482353,0.462745,0.65098,0.480504,0.713927,0.244175,0.968939
339,235,0.435294,0.411765,0.545098,0.426394,0.959441,0.26735,1.102097
399,478,0.490196,0.541176,0.764706,0.546477,2.343654,0.215882,0.806371
373,325,0.556863,0.521569,0.74902,0.545494,2.4,0.216197,0.80818
297,293,0.462745,0.443137,0.592157,0.458065,1.79524,0.253545,1.022773
385,237,0.403922,0.4,0.537255,0.410744,2.029361,0.273238,1.13593
197,573,0.486275,0.478431,0.694118,0.495671,0.814347,0.23683,0.926736
218,190,0.407843,0.396078,0.513726,0.407074,0.814261,0.274791,1.144853
291,427,0.494118,0.466667,0.643137,0.485244,1.700304,0.240962,0.950475
303,44,0.368627,0.356863,0.439216,0.36531,1.992831,0.292325,1.245599
384,108,0.443137,0.435294,0.615686,0.449986,1.71183,0.255982,1.03678
492,244,0.439216,0.407843,0.560784,0.425555,0.643935,0.266376,1.096497
262,598,0.52549,0.54902,0.815686,0.563271,2.4,0.207327,0.75722
138,349,0.435294,0.411765,0.552941,0.42696,0.743569,0.265514,1.091546
360,127,0.466667,0.447059,0.666667,0.467083,2.4,0.248204,0.992087
223,595,0.513726,0.52549,0.760784,0.539977,2.4,0.216923,0.812355
319,553,0.533333,0.552941,0.815686,0.567743,2.4,0.204924,0.743412
457,218,0.454902,0.435294,0.592157,0.450788,0.711693,0.255006,1.031168
456,130,0.388235,0.376471,0.486275,0.3869,1.841299,0.282371,1.188401
355,185,0.482353,0.443137,0.615686,0.463933,2.4,0.249295,0.998353
395,511,0.529412,0.54902,0.796078,0.562689,2.4,0.206707,0.753653
270,449,0.54902,0.494118,0.721569,0.522212,2.4,0.223935,0.852641
227,32,0.352941,0.352941,0.384314,0.355206,0.797563,0.295492,1.263794
397,397,0.494118,0.482353,0.662745,0.497878,1.78235,0.234346,0.912464
266,624,0.513726,0.54902,0.780392,0.558221,1.783859,0.208335,0.763006
144,306,0.411765,0.403922,0.545098,0.415782,0.941185,0.269331,1.113478
315,54,0.364706,0.360784,0.415686,0.365582,0.987918,0.290745,1.236519
428,145,0.392157,0.396078,0.513726,0.403739,2.102521,0.274116,1.140974
268,619,0.541176,0.54902,0.811765,0.566322,2.128742,0.204338,0.74004
355,220,0.439216,0.407843,0.560784,0.425555,1.623578,0.26451,1.085776
343,58,0.372549,0.368627,0.431373,0.373991,0.59978,0.2865,1.212125
392,570,0.482353,0.541176,0.796078,0.547075,1.991105,0.212247,0.785485
456,420,0.478431,0.462745,0.662745,0.48052,1.287687,0.240757,0.949298
222,175,0.392157,0.376471,0.505882,0.389149,0.55,0.279768,1.173449
373,335,0.560784,0.537255,0.760784,0.558396,2.4,0.207054,0.755646
362,191,0.47451,0.407843,0.568627,0.433625,2.4,0.260469,1.062558
342,143,0.443137,0.431373,0.611765,0.446898,1.868362,0.254694,1.029376
225,501,0.501961,0.486275,0.682353,0.503766,2.005268,0.230246,0.888904
357,679,0.352941,0.388235,0.447059,0.384979,0.631502,0.28108,1.180986
400,106,0.407843,0.396078,0.494118,0.405658,1.600194,0.272053,1.129117
275,552,0.494118,0.498039,0.721569,0.513344,2.4,0.225796,0.863338
266,454,0.560784,0.509804,0.72549,0.536215,2.186457,0.215962,0.806834
363,406,0.552941,0.545098,0.764706,0.562621,2.4,0.20452,0.741091
375,614,0.415686,0.490196,0.686275,0.488512,0.602466,0.236045,0.922225
362,359,0.470588,0.443137,0.603922,0.460582,2.4,0.247959,0.990682
339,415,0.513726,0.498039,0.698039,0.515814,2.4,0.224201,0.854173
77,544,0.470588,0.431373,0.607843,0.452451,1.098648,0.251313,1.009948
389,295,0.415686,0.403922,0.541176,0.416333,1.774588,0.266659,1.098125
379,459,0.482353,0.521569,0.760784,0.530503,2.397604,0.217666,0.816622
175,574,0.45098,0.458824,0.67451,0.472729,0.581438,0.242256,0.957912
252,73,0.372549,0.364706,0.454902,0.372885,1.186708,0.28471,1.201843
311,323,0.447059,0.423529,0.572549,0.439291,1.607758,0.256215,1.038116
151,222,0.392157,0.380392,0.494118,0.391104,0.55,0.276696,1.155795
306,112,0.396078,0.4,0.54902,0.409926,1.942377,0.268536,1.108908
204,79,0.384314,0.372549,0.505882,0.384677,0.990576,0.279113,1.169682
487,358,0.447059,0.427451,0.588235,0.443228,2.4,0.253966,1.025193
351,381,0.498039,0.454902,0.635294,0.477097,1.798194,0.239052,0.939501
352,97,0.4,0.4,0.513726,0.408211,2.150991,0.268569,1.1091
257,359,0.447059,0.423529,0.572549,0.439291,1.842907,0.255161,1.032061
476,517,0.447059,0.454902,0.635294,0.466259,2.4,0.24357,0.965459
305,445,0.541176,0.478431,0.686275,0.506777,2.4,0.226149,0.865363
350,274,0.466667,0.454902,0.635294,0.470427,1.892055,0.241588,0.954075
324,463,0.560784,0.537255,0.772549,0.559246,2.4,0.203479,0.735109
228,280,0.427451,0.403922,0.537255,0.418551,0.55,0.263772,1.081539
469,207,0.458824,0.443137,0.635294,0.460346,2.4,0.24567,0.977526
224,517,0.517647,0.490196,0.721569,0.512737,1.992156,0.223214,0.848498
229,497,0.490196,0.470588,0.666667,0.488914,1.460937,0.23332,0.906564
83,192,0.419608,0.392157,0.521569,0.407337,1.211123,0.26824,1.107212
401,500,0.470588,0.529412,0.756863,0.533328,2.297755,0.214154,0.796445
311,217,0.427451,0.415686,0.588235,0.430645,1.201194,0.258144,1.0492
432,245,0.4,0.392157,0.529412,0.403734,1.604515,0.269292,1.113252
351,610,0.443137,0.509804,0.752941,0.513185,0.645101,0.22232,0.843362
249,271,0.439216,0.427451,0.596078,0.442127,2.4,0.2527,1.017921
424,525,0.478431,0.529412,0.756863,0.534995,1.422866,0.212881,0.789128
11,79,0.368627,0.360784,0.407843,0.365849,0.665779,0.28536,1.205576
42,583,0.403922,0.396078,0.490196,0.404541,1.371492,0.268751,1.110144
243,525,0.501961,0.47451,0.698039,0.496485,2.4,0.229271,0.8833
325,265,0.443137,0.419608,0.568627,0.435369,1.348784,0.255422,1.033561
201,367,0.458824,0.435294,0.576471,0.450489,1.255815,0.24855,0.994074
169,592,0.454902,0.466667,0.682353,0.479738,2.183277,0.23599,0.921908
349,134,0.447059,0.423529,0.607843,0.441839,0.819539,0.251938,1.013539
208,558,0.490196,0.486275,0.690196,0.501831,2.361715,0.22611,0.865141
316,86,0.388235,0.384314,0.501961,0.393642,0.690396,0.272357,1.130863
401,473,0.482353,0.513726,0.717647,0.521779,2.4,0.217351,0.814813
285,424,0.482353,0.435294,0.615686,0.458323,2.4,0.244501,0.97081
381,482,0.517647,0.552941,0.776471,0.561576,2.113968,0.200221,0.716385
297,599,0.513726,0.556863,0.8,0.565246,2.4,0.19864,0.707303
350,155,0.462745,0.431373,0.623529,0.451916,1.46109,0.24708,0.985627
134,64,0.352941,0.34902,0.4,0.353534,2.4,0.28917,1.227466
414,146,0.47451,0.447059,0.619608,0.465353,2.4,0.240901,0.950125
355,402,0.533333,0.521569,0.72549,0.538793,2.1446,0.209274,0.768407
414,438,0.482353,0.490196,0.690196,0.502969,2.4,0.224577,0.85633
422,325,0.454902,0.435294,0.6,0.451355,2.002702,0.246544,0.982549
57,199,0.4,0.380392,0.501961,0.393338,0.746563,0.271347,1.125061
339,344,0.478431,0.45098,0.615686,0.468708,2.086149,0.238884,0.938536
311,340,0.423529,0.403922,0.552941,0.418849,1.274925,0.260169,1.060838
299,485,0.505882,0.482353,0.690196,0.502362,2.4,0.224351,0.855031
209,41,0.360784,0.352941,0.396078,0.357723,0.764239,0.286154,1.210142
210,471,0.494118,0.454902,0.65098,0.477396,1.764994,0.234857,0.915401
89,232,0.407843,0.388235,0.505882,0.400898,1.955448,0.267385,1.102297
374,187,0.470588,0.415686,0.592157,0.4401,1.907727,0.250534,1.005472
183,100,0.392157,0.376471,0.501961,0.388866,0.696886,0.27242,1.131227
293,619,0.470588,0.513726,0.729412,0.520127,2.141026,0.216146,0.807888
262,59,0.368627,0.360784,0.443137,0.368398,1.015596,0.280962,1.180309
383,60,0.372549,0.364706,0.447059,0.372319,0.702104,0.279092,1.169561
210,672,0.376471,0.392157,0.490196,0.3959,1.592943,0.268983,1.111479
492,113,0.372549,0.364706,0.415686,0.370054,2.05394,0.280008,1.174828
372,192,0.486275,0.431373,0.631373,0.457485,2.207063,0.242487,0.959239
424,630,0.392157,0.419608,0.521569,0.421133,2.4,0.258042,1.048614
259,593,0.486275,0.521569,0.74902,0.530487,0.813928,0.211087,0.778822
381,64,0.376471,0.372549,0.443137,0.378479,2.184868,0.276204,1.152972
470,628,0.356863,0.380392,0.443137,0.37992,0.605058,0.275577,1.149365
48,97,0.364706,0.360784,0.423529,0.366148,0.55,0.281474,1.183252
248,205,0.396078,0.384314,0.529412,0.397291,2.4,0.268045,1.106088
203,457,0.462745,0.435294,0.603922,0.453305,1.270517,0.243851,0.967074
415,336,0.462745,0.447059,0.643137,0.464551,1.219822,0.239012,0.939273
401,324,0.478431,0.447059,0.631373,0.467036,2.284266,0.237747,0.932004
370,199,0.427451,0.396078,0.529412,0.412375,2.4,0.260943,1.065284
400,587,0.403922,0.486275,0.701961,0.484339,1.022229,0.230058,0.887824
445,56,0.376471,0.368627,0.447059,0.375958,1.975293,0.276458,1.154427
301,504,0.513726,0.509804,0.729412,0.526493,0.614329,0.211809,0.782971
453,320,0.447059,0.435294,0.603922,0.44997,1.168372,0.244532,0.97099
432,255,0.419608,0.388235,0.541176,0.405947,2.4,0.263394,1.079366
55,283,0.403922,0.376471,0.501961,0.391367,1.220583,0.269605,1.115052
292,114,0.415686,0.396078,0.556863,0.411856,1.36584,0.260663,1.063676
167,451,0.435294,0.427451,0.580392,0.440161,2.4,0.248374,0.993064
396,563,0.501961,0.533333,0.792157,0.545351,2.335809,0.203086,0.732851
79,558,0.431373,0.415686,0.584314,0.431196,2.4,0.252002,1.013907
147,315,0.411765,0.415686,0.556863,0.425045,2.361999,0.254523,1.028396
406,170,0.45098,0.423529,0.596078,0.441824,1.475086,0.247269,0.986714
204,497,0.501961,0.466667,0.682353,0.489743,1.564063,0.226708,0.868574
375,526,0.494118,0.545098,0.819608,0.554079,2.293357,0.199063,0.709732
281,552,0.533333,0.533333,0.776471,0.550888,2.4,0.200342,0.717084
117,173,0.4,0.380392,0.501961,0.393338,1.044034,0.267728,1.104268
375,249,0.380392,0.384314,0.501961,0.391974,1.991004,0.26813,1.106579
164,491,0.47451,0.443137,0.627451,0.463115,2.037747,0.237625,0.931304
268,353,0.443137,0.419608,0.564706,0.435086,0.631236,0.249554,0.999843
462,402,0.439216,0.443137,0.619608,0.455045,2.372389,0.240981,0.950588
158,418,0.435294,0.427451,0.568627,0.439311,1.510799,0.247703,0.989206
203,511,0.478431,0.462745,0.67451,0.481369,2.315626,0.229534,0.884814
373,408,0.509804,0.501961,0.713726,0.518918,2.4,0.213415,0.792199
500,101,0.356863,0.360784,0.482353,0.368728,0.672771,0.277741,1.161802
160,278,0.411765,0.396078,0.533333,0.409323,1.71834,0.260204,1.061037
325,679,0.376471,0.4,0.486275,0.401227,1.612549,0.26355,1.080264
347,375,0.466667,0.427451,0.607843,0.448813,1.819857,0.243121,0.96288
417,473,0.501961,0.509804,0.768627,0.526824,1.565558,0.209624,0.770415
414,276,0.384314,0.380392,0.501961,0.390003,1.462144,0.268191,1.106928
468,485,0.462745,0.458824,0.662745,0.47438,0.55,0.231903,0.898423
271,480,0.486275,0.458824,0.654902,0.478816,1.670281,0.229893,0.886877
371,181,0.458824,0.392157,0.556863,0.418222,0.990272,0.255814,1.035815
210,488,0.466667,0.454902,0.666667,0.472693,1.629107,0.232407,0.901322
337,473,0.494118,0.529412,0.760784,0.538613,1.459093,0.204114,0.738754
5,396,0.415686,0.380392,0.517647,0.397805,1.063921,0.264428,1.08531
117,620,0.407843,0.419608,0.54902,0.42645,1.41398,0.251971,1.013733
166,688,0.34902,0.360784,0.403922,0.361398,0.567312,0.2798,1.173629
500,225,0.407843,0.4,0.541176,0.41186,0.55,0.258153,1.049251
274,141,0.396078,0.392157,0.517647,0.402051,1.751644,0.262347,1.073348
199,628,0.439216,0.447059,0.639216,0.459265,1.776265,0.237816,0.932399
173,432,0.415686,0.411765,0.564706,0.423641,1.185842,0.253072,1.020059
315,304,0.443137,0.419608,0.568627,0.435369,1.604106,0.248036,0.991125
33,225,0.403922,0.372549,0.505882,0.388846,1.728522,0.267943,1.105501
326,658,0.352941,0.419608,0.556863,0.415344,0.55,0.256572,1.040168
392,548,0.458824,0.545098,0.8,0.54516,2.4,0.2009,0.720288
78,581,0.411765,0.403922,0.54902,0.416065,0.815663,0.256202,1.038041
320,414,0.494118,0.462745,0.647059,0.482722,1.751279,0.227537,0.873339
438,244,0.4,0.380392,0.533333,0.395603,0.55,0.264768,1.08726
423,359,0.458824,0.454902,0.643137,0.469326,1.250953,0.233131,0.905482
307,307,0.443137,0.419608,0.568627,0.435369,1.594987,0.247667,0.989004
288,489,0.533333,0.494118,0.705882,0.517744,0.618839,0.212343,0.786039
395,368,0.470588,0.435294,0.623529,0.456388,2.4,0.238582,0.936802
408,180,0.419608,0.407843,0.545098,0.420254,1.309502,0.254002,1.025401
403,156,0.486275,0.447059,0.643137,0.469553,1.575759,0.232702,0.903017
481,259,0.435294,0.407843,0.580392,0.426137,2.145844,0.251308,1.009922
273,235,0.427451,0.419608,0.572549,0.432318,1.531243,0.248604,0.994386
178,627,0.427451,0.427451,0.6,0.439909,2.054398,0.245329,0.975566
170,584,0.47451,0.454902,0.682353,0.475493,2.4,0.230033,0.887683
475,446,0.462745,0.447059,0.65098,0.465117,0.994134,0.23448,0.91323
267,381,0.458824,0.403922,0.560784,0.426919,0.683689,0.250828,1.007163
388,381,0.533333,0.521569,0.741176,0.539926,2.4,0.202281,0.728226
416,534,0.466667,0.513726,0.764706,0.521842,1.674218,0.210024,0.772716
433,461,0.454902,0.47451,0.694118,0.486197,1.07171,0.225288,0.860415
189,560,0.470588,0.458824,0.678431,0.47718,2.305783,0.229066,0.882125
250,640,0.454902,0.490196,0.717647,0.499114,2.016038,0.219616,0.827828
350,426,0.529412,0.498039,0.721569,0.520848,2.4,0.21011,0.773209
499,444,0.427451,0.462745,0.631373,0.467416,1.604608,0.232938,0.904371
35,145,0.376471,0.364706,0.447059,0.373153,0.566156,0.273191,1.135655
242,700,0.356863,0.376471,0.439216,0.376832,0.857303,0.271574,1.126363
350,213,0.427451,0.403922,0.552941,0.419683,1.453292,0.253076,1.020081
360,144,0.45098,0.427451,0.6,0.444911,0.75536,0.242205,0.95762
146,518,0.454902,0.45098,0.643137,0.465688,2.206981,0.233241,0.906114
425,382,0.447059,0.439216,0.623529,0.454191,0.606676,0.23815,0.934322
340,400,0.466667,0.439216,0.603922,0.456944,2.4,0.236895,0.927109
240,37,0.341176,0.341176,0.376471,0.343725,0.696787,0.285266,1.20504
27,268,0.396078,0.376471,0.501961,0.3897,0.738227,0.265467,1.091274
309,445,0.517647,0.458824,0.67451,0.486902,2.4,0.223796,0.851845
407,557,0.505882,0.521569,0.772549,0.536355,2.04441,0.202539,0.729709
491,430,0.439216,0.431373,0.623529,0.446914,1.615393,0.240774,0.949395
273,503,0.494118,0.47451,0.686275,0.493968,2.039749,0.220277,0.831627
419,367,0.454902,0.443137,0.65098,0.460645,1.493169,0.234189,0.911557
297,231,0.423529,0.415686,0.568627,0.428396,1.710847,0.247977,0.990785
431,306,0.392157,0.392157,0.529412,0.402067,0.675695,0.259235,1.055469
399,463,0.458824,0.509804,0.737255,0.515387,1.316575,0.21058,0.775906
200,444,0.466667,0.439216,0.611765,0.45751,1.1314,0.23535,0.918229
376,49,0.364706,0.352941,0.454902,0.362804,1.823836,0.275938,1.151439
226,671,0.368627,0.415686,0.533333,0.414176,0.718604,0.2539,1.024818
150,233,0.384314,0.376471,0.498039,0.386915,0.55,0.26527,1.090143
208,255,0.4,0.392157,0.533333,0.404017,0.55,0.257802,1.047235
481,530,0.392157,0.427451,0.560784,0.429574,0.607847,0.246651,0.983166
165,684,0.34902,0.364706,0.411765,0.364769,0.55,0.27441,1.142664
404,283,0.419608,0.384314,0.552941,0.403992,2.018208,0.257519,1.045609
176,502,0.45098,0.439216,0.615686,0.454458,1.913796,0.235751,0.920535
16,491,0.423529,0.392157,0.513726,0.407604,2.219491,0.25567,1.034986
266,558,0.478431,0.482353,0.698039,0.497092,1.733817,0.217225,0.814087
236,413,0.47451,0.443137,0.611765,0.461982,2.4,0.232043,0.89923
469,421,0.435294,0.439216,0.643137,0.453105,2.138987,0.235837,0.921029
462,455,0.458824,0.45098,0.662745,0.467937,2.4,0.229451,0.884335
492,384,0.458824,0.423529,0.607843,0.44434,1.962649,0.239556,0.942397
305,135,0.4,0.4,0.541176,0.410193,0.861086,0.253868,1.024631
238,623,0.470588,0.494118,0.721569,0.505537,2.0738,0.212916,0.78933
261,82,0.372549,0.372549,0.478431,0.380194,1.548934,0.266602,1.097796
124,567,0.443137,0.443137,0.654902,0.458427,1.814738,0.233053,0.905035
478,512,0.415686,0.439216,0.607843,0.446388,1.61262,0.238165,0.934407
410,456,0.490196,0.517647,0.729412,0.5271,2.4,0.203376,0.734513
207,607,0.47451,0.490196,0.729412,0.504133,2.4,0.213181,0.790851
409,541,0.47451,0.533333,0.760784,0.537249,1.945924,0.198984,0.709277
260,720,0.341176,0.341176,0.384314,0.344291,0.55,0.281639,1.184195
57,389,0.403922,0.376471,0.501961,0.391367,0.55,0.261438,1.068129
409,202,0.4,0.380392,0.537255,0.395886,1.34519,0.25942,1.056529
421,585,0.415686,0.462745,0.647059,0.466048,0.79558,0.229305,0.883499
335,283,0.443137,0.427451,0.592157,0.442678,1.996608,0.239255,0.940669
385,588,0.439216,0.521569,0.745098,0.520199,2.4,0.206009,0.749646
348,289,0.494118,0.447059,0.619608,0.469522,2.169333,0.227693,0.874238
471,200,0.419608,0.403922,0.545098,0.417449,2.4,0.249997,1.002387
407,586,0.411765,0.486275,0.686275,0.484874,1.296335,0.221087,0.836279
328,329,0.454902,0.407843,0.54902,0.428041,0.906435,0.245392,0.975928
407,405,0.478431,0.478431,0.698039,0.494287,1.330755,0.216965,0.812592
340,698,0.341176,0.356863,0.403922,0.356925,0.649904,0.275819,1.150754
458,560,0.419608,0.427451,0.592157,0.437675,0.857409,0.241064,0.951059
283,267,0.435294,0.415686,0.564706,0.430614,2.199709,0.244052,0.968232
338,72,0.368627,0.376471,0.466667,0.381315,1.084132,0.265164,1.089538
261,394,0.431373,0.411765,0.572549,0.427542,0.701642,0.245281,0.975292
232,725,0.337255,0.341176,0.360784,0.341758,1.085723,0.281947,1.185969
322,199,0.431373,0.403922,0.564706,0.421366,1.429511,0.247769,0.989589
303,281,0.470588,0.443137,0.611765,0.461148,2.4,0.23062,0.891053
151,306,0.388235,0.392157,0.529412,0.401233,0.80878,0.256078,1.037327
253,536,0.494118,0.45098,0.67451,0.47629,0.884323,0.223877,0.852312
334,396,0.447059,0.427451,0.588235,0.443228,0.843148,0.237918,0.932984
442,440,0.431373,0.45098,0.670588,0.462667,2.4,0.229515,0.884705
49,555,0.407843,0.388235,0.517647,0.401747,1.641568,0.255598,1.034574
149,422,0.411765,0.403922,0.54902,0.416065,0.885214,0.249382,0.998854
87,225,0.392157,0.372549,0.490196,0.385212,0.55,0.262569,1.074628
386,244,0.403922,0.4,0.517647,0.409328,2.08567,0.25222,1.015161
247,489,0.509804,0.47451,0.698039,0.498152,1.935934,0.214106,0.79617
279,570,0.486275,0.513726,0.764706,0.52601,2.4,0.20216,0.727528
173,130,0.364706,0.360784,0.482353,0.370395,0.564527,0.268697,1.109833
277,257,0.427451,0.403922,0.552941,0.419683,1.044012,0.247541,0.988278
334,605,0.470588,0.521569,0.780392,0.529417,1.538303,0.200467,0.717803
381,591,0.407843,0.529412,0.733333,0.518289,2.253529,0.205095,0.744391
305,383,0.435294,0.411765,0.54902,0.426677,1.282602,0.244306,0.969689
431,126,0.380392,0.380392,0.486275,0.388037,1.134926,0.260743,1.064135
411,490,0.458824,0.501961,0.752941,0.510911,2.160491,0.208079,0.761537
220,65,0.34902,0.352941,0.431373,0.35777,0.764147,0.273687,1.138506
267,208,0.4,0.392157,0.54902,0.40515,1.733485,0.253272,1.021208
457,663,0.352941,0.364706,0.4,0.364753,0.727286,0.270389,1.119558
313,66,0.364706,0.352941,0.458824,0.363087,0.608675,0.27092,1.122606
336,418,0.513726,0.486275,0.694118,0.507117,2.4,0.209182,0.767874
260,553,0.439216,0.462745,0.666667,0.472466,0.55,0.22388,0.852329
409,595,0.392157,0.466667,0.635294,0.463001,1.97017,0.227899,0.875421
478,472,0.427451,0.45098,0.623529,0.458436,1.676191,0.229767,0.886154
317,402,0.454902,0.435294,0.596078,0.451071,1.274836,0.232897,0.904138
487,661,0.34902,0.352941,0.372549,0.353523,0.617241,0.27443,1.142776
282,225,0.419608,0.388235,0.533333,0.405381,1.087449,0.252052,1.014194
78,622,0.376471,0.368627,0.454902,0.376524,2.16153,0.264229,1.084161
194,80,0.368627,0.360784,0.47451,0.370663,0.555472,0.266698,1.098347
445,479,0.458824,0.470588,0.678431,0.483093,2.4,0.218482,0.821313
487,411,0.45098,0.427451,0.6,0.444911,1.710631,0.234719,0.914608
438,719,0.337255,0.337255,0.345098,0.337821,0.560429,0.280548,1.17793
337,421,0.529412,0.501961,0.705882,0.52252,2.4,0.201323,0.722718
365,662,0.376471,0.411765,0.537255,0.413322,1.451829,0.248091,0.991436
96,139,0.388235,0.376471,0.498039,0.387749,1.411469,0.258979,1.053995
401,608,0.396078,0.447059,0.603922,0.447546,1.618665,0.233323,0.906583
429,204,0.384314,0.376471,0.521569,0.388614,0.586853,0.258536,1.051453
461,410,0.454902,0.439216,0.643137,0.457274,1.868806,0.229045,0.882002
208,181,0.380392,0.364706,0.494118,0.377384,1.75352,0.263257,1.078576
230,72,0.356863,0.34902,0.431373,0.356633,0.55,0.27203,1.128983
329,228,0.411765,0.388235,0.533333,0.403714,2.4,0.251831,1.012925
272,285,0.435294,0.415686,0.584314,0.43203,1.120241,0.239651,0.942944
467,244,0.439216,0.431373,0.623529,0.446914,1.149223,0.233266,0.906257
215,136,0.384314,0.376471,0.486275,0.386066,1.344579,0.259338,1.056062
384,634,0.376471,0.407843,0.529412,0.409951,2.4,0.249069,0.99706
340,377,0.458824,0.419608,0.564706,0.438421,1.449015,0.236848,0.926837
293,442,0.498039,0.466667,0.65098,0.486644,1.835236,0.216174,0.808052
398,471,0.466667,0.509804,0.72549,0.516205,2.268305,0.203434,0.734849
424,407,0.470588,0.458824,0.658824,0.475765,1.918846,0.220715,0.834139
430,379,0.454902,0.423529,0.607843,0.443507,2.4,0.234534,0.913539
439,169,0.4,0.396078,0.529412,0.406539,1.561626,0.250303,1.004148
470,312,0.470588,0.435294,0.682353,0.460635,2.4,0.227073,0.870674
393,176,0.47451,0.443137,0.607843,0.461699,2.4,0.22661,0.868015
160,515,0.462745,0.435294,0.635294,0.45557,1.636295,0.229228,0.883053
319,461,0.505882,0.494118,0.709804,0.512191,2.4,0.204947,0.743541
148,587,0.486275,0.447059,0.654902,0.470402,1.824669,0.222762,0.845904
95,555,0.454902,0.423529,0.611765,0.44379,1.51771,0.234161,0.911399
154,429,0.4,0.392157,0.537255,0.4043,1.3718,0.251049,1.008435
425,369,0.435294,0.462745,0.643137,0.469933,1.491395,0.22267,0.845374
226,596,0.498039,0.501961,0.745098,0.518682,2.4,0.201731,0.725066
240,481,0.470588,0.435294,0.619608,0.456105,1.995222,0.228485,0.878786
415,357,0.447059,0.423529,0.6,0.441273,2.017262,0.234794,0.915038
263,183,0.396078,0.396078,0.537255,0.406271,1.036427,0.249775,1.001111
468,370,0.45098,0.427451,0.603922,0.445195,1.807544,0.233039,0.904955
229,181,0.384314,0.376471,0.498039,0.386915,1.882895,0.25799,1.048314
92,603,0.4,0.4,0.533333,0.409627,2.4,0.248143,0.991735
0,413,0.407843,0.380392,0.513726,0.395855,0.55,0.254005,1.02542
291,470,0.482353,0.443137,0.619608,0.464216,2.390836,0.224461,0.855668
383,297,0.45098,0.411765,0.611765,0.434542,2.388269,0.237165,0.928662
191,194,0.388235,0.368627,0.494118,0.381856,2.127081,0.259601,1.05757
303,328,0.427451,0.407843,0.533333,0.421072,2.305774,0.242723,0.960596
414,372,0.490196,0.447059,0.65098,0.470953,2.4,0.221281,0.837395
444,564,0.403922,0.443137,0.619608,0.447541,2.4,0.231307,0.894999
219,496,0.490196,0.454902,0.670588,0.477978,2.334209,0.218209,0.819744
438,73,0.360784,0.356863,0.423529,0.36251,0.713304,0.267627,1.103687
310,245,0.427451,0.407843,0.568627,0.42362,2.094793,0.241294,0.952382
402,437,0.521569,0.47451,0.717647,0.502069,2.4,0.207629,0.758952
221,607,0.45098,0.494118,0.74902,0.503351,2.4,0.207012,0.755406
259,695,0.345098,0.368627,0.423529,0.367589,0.942133,0.265032,1.088779
431,513,0.478431,0.482353,0.733333,0.49964,2.4,0.208438,0.7636
343,148,0.439216,0.423529,0.619608,0.441021,2.043235,0.233431,0.907203
187,182,0.372549,0.360784,0.466667,0.37093,0.55,0.263337,1.079039
356,55,0.34902,0.345098,0.396078,0.349613,0.83815,0.272429,1.13128
410,320,0.462745,0.423529,0.631373,0.446873,1.939606,0.230742,0.891753
425,190,0.388235,0.376471,0.52549,0.389731,1.313175,0.255158,1.032044
326,149,0.423529,0.407843,0.568627,0.422787,2.4,0.240881,0.950011
381,346,0.505882,0.466667,0.67451,0.49001,2.382046,0.211974,0.783916
397,86,0.372549,0.364706,0.45098,0.372602,1.308969,0.262193,1.072465
464,399,0.407843,0.435294,0.6,0.44135,2.4,0.232574,0.902283
493,224,0.427451,0.407843,0.529412,0.420789,2.4,0.241359,0.952755
185,64,0.34902,0.337255,0.403922,0.344569,0.571746,0.273922,1.139858
350,429,0.533333,0.498039,0.721569,0.521682,2.003913,0.197907,0.703089
478,538,0.396078,0.423529,0.564706,0.427886,2.20947,0.2381,0.934029
48,652,0.356863,0.34902,0.4,0.354368,0.55,0.269575,1.114879
463,582,0.388235,0.403922,0.52549,0.409364,1.659975,0.245968,0.97924
314,123,0.396078,0.388235,0.537255,0.400662,2.4,0.24942,0.999072
448,401,0.45098,0.419608,0.623529,0.441001,2.4,0.231999,0.898974
393,216,0.388235,0.388235,0.513726,0.397296,1.567185,0.250722,1.006553
162,344,0.423529,0.4,0.541176,0.415195,2.4,0.242879,0.961491
478,326,0.435294,0.431373,0.596078,0.444098,2.4,0.23041,0.889847
112,544,0.439216,0.411765,0.607843,0.431758,0.782866,0.235694,0.920206
498,159,0.360784,0.34902,0.415686,0.356334,0.55,0.267971,1.105663
298,6,0.32549,0.32549,0.329412,0.325773,0.667201,0.281012,1.180592
382,236,0.388235,0.380392,0.517647,0.391969,2.4,0.252464,1.016562
134,565,0.45098,0.431373,0.643137,0.450831,1.930376,0.22712,0.870943
463,384,0.447059,0.411765,0.596078,0.432576,1.565275,0.234936,0.915853
244,475,0.470588,0.439216,0.639216,0.460325,1.719962,0.223003,0.847286
124,307,0.403922,0.380392,0.521569,0.395587,2.36869,0.250687,1.006352
214,539,0.45098,0.45098,0.654902,0.465704,2.4,0.220605,0.833507
374,223,0.411765,0.392157,0.545098,0.407368,1.157488,0.245529,0.976714
193,537,0.462745,0.454902,0.643137,0.47016,1.208313,0.218609,0.822041
379,363,0.407843,0.4,0.54902,0.412427,2.4,0.243161,0.963111
320,288,0.45098,0.423529,0.592157,0.44154,2.060707,0.230651,0.89123
6,302,0.407843,0.360784,0.509804,0.381548,1.052309,0.25636,1.038951
376,314,0.545098,0.447059,0.670588,0.484041,1.742152,0.212358,0.786123
254,335,0.45098,0.423529,0.588235,0.441257,1.190315,0.230688,0.891443
173,155,0.368627,0.356863,0.470588,0.367575,0.979918,0.262073,1.071778
212,632,0.427451,0.439216,0.647059,0.451721,2.346531,0.225868,0.86375
322,655,0.333333,0.427451,0.560784,0.417068,2.4,0.240676,0.948833
272,79,0.356863,0.356863,0.458824,0.364224,2.4,0.263147,1.077944
55,415,0.407843,0.368627,0.501961,0.386591,0.6313,0.25352,1.022634
176,304,0.419608,0.4,0.545098,0.414645,2.039292,0.241475,0.953424
393,404,0.427451,0.415686,0.592157,0.430929,0.901949,0.234445,0.913028
466,304,0.439216,0.423529,0.588235,0.438756,1.93564,0.231033,0.893425
500,509,0.376471,0.411765,0.533333,0.413038,0.55,0.242044,0.956692
165,151,0.376471,0.364706,0.478431,0.375418,0.820272,0.258153,1.049249
326,204,0.407843,0.384314,0.533333,0.400075,1.77173,0.247322,0.987017
252,512,0.52549,0.462745,0.67451,0.491374,2.4,0.207999,0.761079
376,406,0.505882,0.494118,0.701961,0.511625,2.4,0.199293,0.711058
325,412,0.458824,0.427451,0.615686,0.447711,0.864773,0.226666,0.868336
331,112,0.380392,0.384314,0.533333,0.394239,0.587651,0.249411,0.999024
270,131,0.384314,0.368627,0.498039,0.381306,1.66264,0.254932,1.030745
377,98,0.403922,0.392157,0.533333,0.404851,2.4,0.244765,0.972328
349,618,0.427451,0.486275,0.705882,0.489624,1.721311,0.208327,0.762962
340,260,0.435294,0.403922,0.564706,0.4222,1.694445,0.237112,0.928356
440,336,0.454902,0.431373,0.611765,0.449399,1.273441,0.225325,0.860629
426,400,0.486275,0.458824,0.658824,0.4791,1.829651,0.212567,0.787324
446,451,0.454902,0.447059,0.662745,0.464299,2.367332,0.218896,0.823692
437,320,0.396078,0.403922,0.564706,0.413863,2.4,0.240464,0.947614
395,265,0.411765,0.380392,0.52549,0.397538,2.218835,0.247306,0.98693
246,165,0.407843,0.388235,0.517647,0.401747,1.836777,0.24533,0.975575
451,168,0.380392,0.368627,0.482353,0.37934,0.55,0.254904,1.030585
275,456,0.498039,0.431373,0.635294,0.460269,2.051926,0.220157,0.830932
198,243,0.4,0.376471,0.509804,0.3911,0.811334,0.249788,1.001187
416,272,0.368627,0.368627,0.501961,0.378254,2.189977,0.255236,1.03249
252,586,0.490196,0.470588,0.733333,0.493727,1.963942,0.205742,0.748112
449,664,0.345098,0.352941,0.396078,0.354388,0.728544,0.265183,1.089644
375,395,0.494118,0.470588,0.694118,0.491729,2.4,0.205953,0.74932
385,396,0.501961,0.462745,0.670588,0.486089,2.4,0.208348,0.763083
192,633,0.415686,0.435294,0.596078,0.442734,1.857091,0.22675,0.868817
158,326,0.396078,0.384314,0.521569,0.396725,0.73927,0.246432,0.981904
140,340,0.403922,0.380392,0.521569,0.395587,0.55,0.246911,0.984658
332,250,0.454902,0.415686,0.576471,0.435632,2.09777,0.229703,0.885782
320,181,0.427451,0.403922,0.560784,0.420249,2.4,0.235902,0.921404
453,268,0.427451,0.407843,0.568627,0.42362,1.062608,0.234346,0.91246
76,212,0.388235,0.360784,0.490196,0.375964,1.838874,0.254648,1.029113
182,436,0.431373,0.411765,0.568627,0.427259,2.381133,0.232581,0.902323
189,257,0.384314,0.376471,0.501961,0.387198,1.539809,0.249684,1.000589
219,342,0.443137,0.411765,0.545098,0.428061,1.965623,0.232125,0.899699
435,112,0.384314,0.372549,0.478431,0.382695,2.4,0.251488,1.010956
450,224,0.403922,0.392157,0.541176,0.405417,1.943498,0.241744,0.95497
289,169,0.380392,0.372549,0.513726,0.384409,2.001226,0.250733,1.00662
360,99,0.376471,0.380392,0.498039,0.388053,2.318709,0.249128,0.997395
277,414,0.470588,0.439216,0.603922,0.457777,2.047141,0.2192,0.825437
390,182,0.498039,0.439216,0.658824,0.467577,2.4,0.21499,0.801247
250,265,0.415686,0.403922,0.572549,0.418598,1.139367,0.235957,0.921718
277,409,0.466667,0.427451,0.596078,0.447963,2.001423,0.223277,0.848862
408,513,0.431373,0.494118,0.733333,0.498049,1.438345,0.20181,0.725518
227,144,0.372549,0.356863,0.486275,0.369541,1.773777,0.256696,1.04088
432,387,0.45098,0.415686,0.603922,0.43678,2.248181,0.227838,0.875069
292,295,0.415686,0.396078,0.545098,0.411006,2.4,0.238796,0.93803
145,614,0.407843,0.411765,0.560784,0.42169,2.4,0.234172,0.911465
222,547,0.443137,0.439216,0.654902,0.455622,1.837661,0.219619,0.827842
424,493,0.494118,0.482353,0.721569,0.502126,0.909337,0.199627,0.712975
128,266,0.376471,0.368627,0.490196,0.379072,1.621487,0.252319,1.015732
464,181,0.384314,0.380392,0.494118,0.389437,2.147258,0.247717,0.989288
164,454,0.415686,0.403922,0.572549,0.418598,2.4,0.235185,0.917283
137,514,0.423529,0.427451,0.607843,0.439642,1.334887,0.226072,0.864919
449,325,0.45098,0.415686,0.592157,0.435931,1.502292,0.22747,0.872956
460,245,0.411765,0.4,0.564706,0.414393,1.844504,0.236638,0.925632
423,150,0.384314,0.368627,0.505882,0.381872,0.809643,0.250523,1.00541
315,463,0.478431,0.470588,0.690196,0.488111,2.028672,0.204877,0.743138
424,559,0.411765,0.470588,0.682353,0.473372,1.814341,0.211146,0.779161
339,102,0.396078,0.392157,0.54902,0.404316,1.256954,0.240717,0.949068
427,554,0.419608,0.486275,0.690196,0.486824,1.31618,0.205184,0.744903
415,425,0.439216,0.458824,0.654902,0.468812,2.099931,0.212829,0.788829
196,32,0.333333,0.32549,0.364706,0.329989,0.776498,0.272097,1.129373
151,598,0.45098,0.435294,0.639216,0.453352,2.4,0.219101,0.824869
438,468,0.435294,0.447059,0.647059,0.458998,2.4,0.216569,0.81032
122,542,0.454902,0.427451,0.631373,0.44801,2.4,0.221193,0.836886
388,228,0.427451,0.396078,0.541176,0.413224,1.906414,0.236072,0.92238
228,628,0.45098,0.47451,0.678431,0.484231,2.160478,0.205543,0.746967
381,399,0.509804,0.45098,0.666667,0.479059,2.282426,0.207738,0.759576
217,445,0.458824,0.419608,0.623529,0.442668,0.894299,0.22333,0.849167
467,285,0.447059,0.419608,0.592157,0.437902,2.290039,0.22526,0.860254
333,268,0.427451,0.388235,0.560784,0.409031,2.4,0.237627,0.931314
66,325,0.396078,0.372549,0.517647,0.388027,0.742756,0.246627,0.983027
208,460,0.470588,0.439216,0.635294,0.460042,2.172327,0.215696,0.805304
252,596,0.486275,0.47451,0.741176,0.496264,1.817135,0.20011,0.715751
449,460,0.447059,0.45098,0.631373,0.463171,1.613026,0.214264,0.797074
459,495,0.447059,0.470588,0.682353,0.480875,2.30837,0.206562,0.75282
97,173,0.364706,0.352941,0.47451,0.36422,1.10765,0.256529,1.039921
296,451,0.498039,0.458824,0.670588,0.48245,2.4,0.205634,0.747487
338,334,0.415686,0.392157,0.521569,0.406503,1.410445,0.238122,0.934158
203,514,0.466667,0.454902,0.670588,0.472976,2.4,0.209512,0.769769
235,460,0.454902,0.419608,0.596078,0.439853,0.60504,0.22365,0.851006
490,337,0.427451,0.392157,0.568627,0.412402,1.632393,0.235406,0.918553
187,701,0.329412,0.329412,0.360784,0.331677,0.55,0.269978,1.117196
393,111,0.403922,0.388235,0.509804,0.400347,1.583701,0.240461,0.947597
471,278,0.403922,0.4,0.564706,0.412726,2.030663,0.235068,0.91661
221,466,0.447059,0.423529,0.603922,0.441556,0.860351,0.222622,0.845101
258,463,0.537255,0.454902,0.67451,0.488266,2.4,0.202549,0.729764
322,350,0.4,0.392157,0.517647,0.402885,2.4,0.23914,0.94001
404,429,0.439216,0.462745,0.658824,0.4719,1.17149,0.209511,0.769763
465,408,0.443137,0.427451,0.635294,0.445792,1.395198,0.220511,0.832969
389,347,0.482353,0.443137,0.635294,0.465348,1.962427,0.212101,0.784647
246,693,0.341176,0.360784,0.435294,0.361995,1.123668,0.256295,1.038576
263,544,0.45098,0.45098,0.682353,0.467685,2.4,0.210988,0.77825
299,299,0.427451,0.407843,0.556863,0.422771,1.928785,0.23019,0.888585
450,449,0.447059,0.443137,0.647059,0.458694,1.829149,0.214675,0.799438
474,688,0.333333,0.337255,0.352941,0.337554,1.903448,0.266377,1.096505
220,96,0.376471,0.364706,0.482353,0.375701,1.118272,0.25002,1.002519
456,564,0.388235,0.419608,0.572549,0.42398,1.627218,0.22921,0.882954
267,469,0.482353,0.427451,0.627451,0.453563,2.145296,0.216529,0.810092
443,498,0.415686,0.478431,0.709804,0.481797,1.934001,0.20439,0.740339
380,371,0.45098,0.419608,0.607843,0.439868,2.016799,0.222327,0.843405
240,310,0.435294,0.415686,0.576471,0.431464,2.4,0.2259,0.863932
421,190,0.376471,0.368627,0.470588,0.377656,0.588231,0.24891,0.996141
201,575,0.454902,0.447059,0.670588,0.464865,0.918995,0.211308,0.780091
338,154,0.419608,0.388235,0.54902,0.406514,0.5691,0.236314,0.923768
498,525,0.415686,0.411765,0.541176,0.421942,1.191548,0.229468,0.884437
453,453,0.443137,0.435294,0.631373,0.451118,1.23023,0.216957,0.812549
242,510,0.466667,0.47451,0.67451,0.487282,2.329022,0.201257,0.722339
371,217,0.407843,0.384314,0.541176,0.400642,1.790187,0.238328,0.935342
253,528,0.494118,0.447059,0.666667,0.472919,1.947814,0.207213,0.756561
392,226,0.396078,0.376471,0.501961,0.3897,2.335373,0.242787,0.960959
483,577,0.368627,0.388235,0.494118,0.391711,1.448405,0.241836,0.955498
498,405,0.427451,0.415686,0.564706,0.428947,1.065758,0.22573,0.862956
437,427,0.439216,0.443137,0.662745,0.458159,2.298355,0.213182,0.790857
300,281,0.47451,0.443137,0.607843,0.461699,2.4,0.211502,0.781205
268,413,0.439216,0.403922,0.576471,0.423883,2.242605,0.227685,0.87419
381,231,0.4,0.384314,0.521569,0.397558,2.4,0.238953,0.938931
383,648,0.329412,0.380392,0.47451,0.376349,0.631332,0.247977,0.990782
352,196,0.403922,0.376471,0.529412,0.393349,0.55,0.240353,0.946975
497,531,0.403922,0.396078,0.501961,0.405391,1.698924,0.234935,0.915846
367,312,0.501961,0.45098,0.662745,0.477108,2.4,0.204062,0.738456
244,389,0.419608,0.396078,0.545098,0.41184,2.160921,0.232008,0.899031
218,386,0.411765,0.380392,0.541176,0.398671,1.537984,0.237628,0.931317
178,358,0.435294,0.407843,0.568627,0.425288,1.635431,0.226089,0.86502
434,350,0.45098,0.419608,0.619608,0.440718,1.530037,0.219422,0.82671
251,185,0.384314,0.376471,0.521569,0.388614,1.864867,0.241698,0.954707
100,484,0.4,0.384314,0.541176,0.398974,0.765128,0.23719,0.928803
460,177,0.376471,0.364706,0.470588,0.374852,0.650437,0.247526,0.988193
162,39,0.321569,0.321569,0.352941,0.323834,2.133095,0.269374,1.113723
380,328,0.501961,0.458824,0.658824,0.482435,2.168314,0.201303,0.722602
191,461,0.431373,0.4,0.576471,0.419411,2.4,0.2283,0.877722
479,196,0.384314,0.368627,0.494118,0.381023,0.608794,0.244695,0.971927
475,377,0.447059,0.423529,0.603922,0.441556,2.4,0.218747,0.822832
435,223,0.392157,0.376471,0.513726,0.389715,0.801823,0.240945,0.950377
307,147,0.392157,0.376471,0.521569,0.390282,1.868609,0.24069,0.948912
217,483,0.470588,0.447059,0.658824,0.467351,1.741592,0.207588,0.758716
400,376,0.490196,0.470588,0.686275,0.490329,1.992785,0.197685,0.701815
384,605,0.403922,0.470588,0.67451,0.471138,1.716969,0.205885,0.74893
187,381,0.423529,0.392157,0.552941,0.410435,0.869353,0.23185,0.898122
455,340,0.411765,0.392157,0.54902,0.407651,1.764922,0.233024,0.904868
105,642,0.352941,0.356863,0.439216,0.361975,0.759723,0.25252,1.016886
387,636,0.360784,0.396078,0.517647,0.397352,2.38296,0.237313,0.929511
299,655,0.384314,0.423529,0.564706,0.425385,2.313897,0.225287,0.860411
486,564,0.364706,0.388235,0.486275,0.390311,1.960291,0.240235,0.946298
330,273,0.45098,0.411765,0.584314,0.43256,2.371414,0.222071,0.841935
252,224,0.372549,0.372549,0.505882,0.382176,2.4,0.243618,0.965739
265,359,0.423529,0.4,0.54902,0.415762,2.295896,0.229162,0.882674
157,601,0.443137,0.431373,0.639216,0.44888,1.8718,0.21496,0.801076
448,45,0.34902,0.337255,0.407843,0.344853,0.603841,0.259413,1.056493
344,119,0.415686,0.403922,0.576471,0.418881,2.4,0.227679,0.874155
475,336,0.427451,0.4,0.560784,0.417445,2.102209,0.228203,0.877167
254,497,0.494118,0.466667,0.670588,0.487226,2.008234,0.198175,0.704629
372,102,0.403922,0.392157,0.529412,0.404568,2.4,0.233441,0.907265
497,551,0.34902,0.372549,0.470588,0.374625,0.670832,0.246189,0.980508
239,546,0.447059,0.439216,0.654902,0.456456,2.4,0.211007,0.778363
320,190,0.392157,0.368627,0.521569,0.384672,1.828428,0.241696,0.954693
92,548,0.431373,0.411765,0.596078,0.429241,2.4,0.222414,0.843903
208,464,0.45098,0.419608,0.615686,0.440435,2.049995,0.217616,0.816337
212,635,0.419608,0.435294,0.627451,0.445833,1.831707,0.215298,0.803017
415,246,0.392157,0.380392,0.521569,0.393086,2.227771,0.237733,0.931921
379,410,0.47451,0.447059,0.643137,0.467052,2.4,0.205994,0.749561
231,600,0.443137,0.458824,0.705882,0.473326,2.052646,0.203216,0.733598
36,670,0.337255,0.333333,0.356863,0.335866,0.55,0.261996,1.071333
407,287,0.392157,0.360784,0.509804,0.378213,2.031601,0.243726,0.966357
35,512,0.403922,0.376471,0.533333,0.393632,0.55,0.236969,0.927535
246,158,0.376471,0.360784,0.490196,0.373463,2.267617,0.245385,0.975889
205,564,0.466667,0.447059,0.666667,0.467083,1.946849,0.205241,0.745229
121,524,0.431373,0.4,0.592157,0.420544,1.159324,0.224943,0.858437
287,443,0.466667,0.447059,0.639216,0.465101,2.136265,0.205826,0.748593
326,631,0.392157,0.466667,0.682353,0.466398,1.968484,0.20515,0.744707
416,673,0.32549,0.345098,0.4,0.344893,0.639101,0.257176,1.04364
386,371,0.47451,0.435294,0.643137,0.458638,2.244877,0.208417,0.763482
465,421,0.419608,0.419608,0.623529,0.434331,0.931802,0.218826,0.823289
400,372,0.458824,0.443137,0.643137,0.460912,2.4,0.207294,0.757028
301,145,0.388235,0.380392,0.52549,0.392536,2.06366,0.236597,0.925396
91,329,0.392157,0.372549,0.498039,0.385778,0.877054,0.239344,0.941178
34,393,0.4,0.372549,0.505882,0.388012,0.786116,0.238332,0.935365
251,246,0.388235,0.388235,0.529412,0.398428,0.898049,0.233773,0.909169
413,131,0.427451,0.403922,0.576471,0.421382,2.4,0.223908,0.852487
286,187,0.384314,0.364706,0.482353,0.377369,0.55,0.242757,0.960792
199,258,0.396078,0.372549,0.513726,0.387744,1.978462,0.237922,0.933007
183,118,0.372549,0.356863,0.490196,0.369824,1.400032,0.24548,0.976436
173,252,0.384314,0.376471,0.501961,0.387198,1.975878,0.238003,0.933475
260,534,0.486275,0.435294,0.67451,0.463404,1.914708,0.205296,0.745545
325,115,0.368627,0.380392,0.533333,0.388933,1.955575,0.237001,0.927718
160,91,0.341176,0.341176,0.447059,0.348821,0.592899,0.254168,1.026356
287,237,0.388235,0.384314,0.517647,0.394774,2.4,0.234411,0.912833
4,415,0.392157,0.364706,0.494118,0.379885,1.426047,0.240547,0.948093
220,488,0.482353,0.454902,0.65098,0.474895,1.971934,0.199818,0.714073
255,341,0.462745,0.415686,0.603922,0.439282,2.117619,0.21505,0.80159
268,462,0.505882,0.443137,0.654902,0.471766,1.7084,0.20105,0.721152
450,618,0.34902,0.372549,0.458824,0.373776,0.902233,0.243034,0.96238
226,679,0.34902,0.384314,0.486275,0.384172,1.565347,0.238574,0.936754
431,47,0.341176,0.341176,0.380392,0.344008,0.561647,0.255758,1.035492
77,401,0.407843,0.372549,0.521569,0.390812,2.4,0.235657,0.919995
455,353,0.427451,0.403922,0.560784,0.420249,1.89667,0.223019,0.847377
281,193,0.392157,0.376471,0.513726,0.389715,0.751252,0.235932,0.921574
351,167,0.443137,0.396078,0.576471,0.419107,1.347674,0.223326,0.849145
143,219,0.364706,0.345098,0.470588,0.358327,0.676145,0.248896,0.996064
396,249,0.388235,0.352941,0.490196,0.370355,2.4,0.243619,0.965743
482,492,0.447059,0.411765,0.603922,0.433142,2.157311,0.216555,0.810241
171,341,0.403922,0.380392,0.521569,0.395587,2.4,0.232407,0.901323
447,292,0.396078,0.380392,0.509804,0.393071,2.181763,0.233445,0.907286
91,105,0.345098,0.337255,0.419608,0.344868,0.55,0.254103,1.025982
310,422,0.45098,0.435294,0.627451,0.452503,2.4,0.207837,0.760147
286,427,0.454902,0.427451,0.6,0.445745,2.336542,0.210551,0.77574
209,555,0.454902,0.45098,0.647059,0.465971,2.180412,0.201717,0.724981
178,472,0.423529,0.403922,0.584314,0.421115,1.382971,0.220913,0.835278
116,611,0.396078,0.403922,0.552941,0.413013,1.180693,0.224365,0.855111
235,619,0.45098,0.45098,0.686275,0.467969,1.434319,0.200699,0.719133
340,191,0.388235,0.364706,0.498039,0.379335,2.4,0.238637,0.937116
454,359,0.427451,0.431373,0.6,0.442714,1.967789,0.21135,0.780335
256,301,0.439216,0.415686,0.603922,0.434279,2.4,0.21489,0.800673
421,282,0.392157,0.368627,0.501961,0.383256,2.077851,0.236751,0.926283
212,706,0.337255,0.345098,0.396078,0.347111,2.092077,0.25199,1.013841
433,283,0.407843,0.388235,0.533333,0.40288,1.042763,0.227999,0.875993
88,580,0.396078,0.384314,0.54902,0.398707,1.15681,0.229675,0.885623
367,155,0.443137,0.403922,0.580392,0.425,1.444772,0.218357,0.820594
79,353,0.380392,0.352941,0.482353,0.368121,1.075018,0.242662,0.960247
239,705,0.32549,0.341176,0.388235,0.341239,1.97349,0.254143,1.026209
424,470,0.427451,0.462745,0.690196,0.471664,1.442931,0.198105,0.704229
314,194,0.407843,0.380392,0.545098,0.39812,1.589377,0.229491,0.884568
205,197,0.388235,0.368627,0.498039,0.38214,0.954592,0.236232,0.923301
348,245,0.411765,0.384314,0.517647,0.399776,1.886396,0.228656,0.87977
68,253,0.368627,0.345098,0.458824,0.358311,0.683021,0.246421,0.981843
388,144,0.439216,0.403922,0.596078,0.425299,1.539637,0.217706,0.816851
130,232,0.372549,0.360784,0.482353,0.372063,0.777743,0.240421,0.947366
156,235,0.364706,0.345098,0.470588,0.358327,0.55,0.246292,0.981103
320,210,0.403922,0.376471,0.537255,0.393915,0.905093,0.230967,0.893046
156,508,0.431373,0.423529,0.607843,0.438504,2.269008,0.211709,0.782392
238,686,0.341176,0.360784,0.447059,0.362845,2.4,0.244013,0.968006
236,394,0.419608,0.384314,0.560784,0.404558,1.562121,0.22599,0.864449
31,376,0.392157,0.360784,0.490196,0.376798,0.55,0.237782,0.932204
414,286,0.403922,0.368627,0.517647,0.38689,0.999441,0.233315,0.90654
434,496,0.454902,0.447059,0.701961,0.46713,1.787201,0.198895,0.708767
235,682,0.337255,0.372549,0.47451,0.372407,0.576971,0.239457,0.941828
202,449,0.435294,0.403922,0.596078,0.424465,1.418779,0.217081,0.813262
106,423,0.376471,0.368627,0.494118,0.379355,0.55,0.236294,0.923655
392,370,0.45098,0.431373,0.627451,0.449698,2.4,0.206126,0.750314
68,590,0.392157,0.380392,0.494118,0.391104,1.789133,0.23115,0.894101
186,172,0.364706,0.345098,0.470588,0.358327,0.55,0.245176,0.974689
351,390,0.454902,0.427451,0.6,0.445745,1.452148,0.207705,0.759387
307,257,0.392157,0.384314,0.529412,0.396457,1.711645,0.228744,0.880276
229,302,0.407843,0.388235,0.533333,0.40288,2.4,0.225907,0.863974
430,268,0.4,0.368627,0.529412,0.386906,0.826439,0.232748,0.903279
469,119,0.341176,0.337255,0.392157,0.342053,2.4,0.251905,1.013352
254,701,0.341176,0.364706,0.411765,0.363101,1.285049,0.242839,0.961261
374,374,0.435294,0.411765,0.588235,0.429508,1.880893,0.214354,0.79759
448,542,0.415686,0.447059,0.654902,0.455395,2.097409,0.203246,0.733766
61,17,0.321569,0.317647,0.337255,0.319896,2.4,0.261133,1.066376
211,283,0.396078,0.372549,0.513726,0.387744,0.55,0.231981,0.898871
21,482,0.396078,0.376471,0.529412,0.391682,0.970952,0.230088,0.887994
415,225,0.364706,0.356863,0.482353,0.367591,0.55,0.240203,0.946112
330,286,0.439216,0.411765,0.592157,0.430625,2.17774,0.213173,0.790804
404,138,0.458824,0.411765,0.635294,0.437908,2.4,0.210003,0.772593
271,406,0.419608,0.388235,0.54902,0.406514,1.737028,0.223343,0.849241
478,243,0.415686,0.392157,0.568627,0.4099,1.15748,0.221858,0.840711
200,699,0.329412,0.337255,0.396078,0.339835,0.871668,0.25187,1.013153
273,243,0.388235,0.376471,0.513726,0.388882,1.10308,0.230767,0.891897
403,141,0.458824,0.427451,0.658824,0.450826,2.4,0.204154,0.738988
209,483,0.458824,0.447059,0.658824,0.464849,1.350232,0.198071,0.704032
381,319,0.501961,0.423529,0.603922,0.453228,1.506061,0.203023,0.732487
142,76,0.321569,0.317647,0.388235,0.323577,0.823985,0.25856,1.051593
449,436,0.443137,0.431373,0.643137,0.449163,2.179446,0.204717,0.742221
93,288,0.372549,0.352941,0.478431,0.36617,1.06325,0.240282,0.946568
411,211,0.376471,0.360784,0.486275,0.37318,0.983395,0.236995,0.927684
343,321,0.47451,0.415686,0.596078,0.441216,1.056883,0.207718,0.759465
413,136,0.47451,0.423529,0.639216,0.44994,1.365877,0.203915,0.737613
338,253,0.431373,0.392157,0.560784,0.412669,2.277331,0.219806,0.828921
211,640,0.392157,0.415686,0.576471,0.422293,0.706714,0.21549,0.804122
400,243,0.364706,0.34902,0.47451,0.361415,0.55,0.241535,0.953769
462,432,0.435294,0.415686,0.611765,0.434012,2.4,0.210245,0.773981
389,291,0.380392,0.360784,0.501961,0.375146,2.31595,0.235432,0.918701
301,150,0.376471,0.376471,0.517647,0.386664,2.069092,0.23047,0.890193
167,262,0.384314,0.368627,0.498039,0.381306,0.976617,0.232604,0.902451
477,253,0.423529,0.4,0.580392,0.418027,2.000122,0.216732,0.811258
349,237,0.384314,0.360784,0.494118,0.375413,1.710397,0.234917,0.915741
469,204,0.419608,0.396078,0.572549,0.413822,2.4,0.218435,0.821043
235,431,0.439216,0.396078,0.576471,0.418274,1.985616,0.216442,0.809588
238,64,0.337255,0.333333,0.462745,0.343511,1.627314,0.248481,0.993678
412,588,0.384314,0.443137,0.623529,0.443656,2.032293,0.205517,0.746817
410,126,0.439216,0.419608,0.647059,0.440198,2.4,0.206955,0.755078
194,523,0.435294,0.423529,0.623529,0.440471,1.950149,0.206831,0.754364
189,638,0.372549,0.403922,0.552941,0.408011,1.878345,0.220735,0.834255
162,647,0.360784,0.364706,0.478431,0.372083,1.352032,0.236095,0.922512
283,417,0.462745,0.411765,0.588235,0.435344,1.999462,0.20892,0.766369
239,453,0.462745,0.4,0.584314,0.426647,1.991312,0.212614,0.787594
310,210,0.407843,0.388235,0.545098,0.403729,1.813273,0.222368,0.84364
158,565,0.447059,0.419608,0.627451,0.44045,1.731062,0.206606,0.753073
200,622,0.431373,0.435294,0.647059,0.44975,2.203555,0.202577,0.729924
421,233,0.372549,0.356863,0.490196,0.369824,2.287579,0.236746,0.92625
96,452,0.392157,0.364706,0.52549,0.382151,2.28236,0.231398,0.895526
223,362,0.407843,0.380392,0.541176,0.397837,2.018564,0.224656,0.856785
120,545,0.447059,0.419608,0.619608,0.439884,2.390952,0.206344,0.751568
10,180,0.352941,0.337255,0.427451,0.347102,0.55,0.245762,0.978056
433,293,0.372549,0.368627,0.494118,0.378522,2.320329,0.232271,0.900542
456,676,0.337255,0.345098,0.392157,0.346828,2.4,0.245765,0.978076
214,382,0.4,0.376471,0.52549,0.392232,0.76483,0.226289,0.866168
86,602,0.360784,0.364706,0.486275,0.372649,0.55,0.234669,0.91432
383,98,0.372549,0.364706,0.486275,0.375151,1.830301,0.233593,0.908134
441,382,0.419608,0.396078,0.568627,0.413539,2.4,0.217104,0.813391
419,635,0.345098,0.372549,0.47451,0.374075,0.742401,0.233964,0.910268
479,435,0.435294,0.411765,0.584314,0.429225,1.441993,0.210139,0.773373
290,334,0.411765,0.380392,0.541176,0.398671,1.759526,0.223142,0.848089
197,112,0.341176,0.337255,0.462745,0.347149,1.188957,0.245194,0.974793
347,255,0.415686,0.384314,0.541176,0.402309,2.4,0.22153,0.838826
168,338,0.403922,0.380392,0.521569,0.395587,2.4,0.224156,0.853911
192,295,0.4,0.376471,0.529412,0.392515,1.524101,0.225432,0.861244
430,364,0.439216,0.411765,0.615686,0.432324,1.201056,0.208274,0.762661
421,573,0.396078,0.443137,0.643137,0.447573,2.4,0.201423,0.723296
165,564,0.415686,0.427451,0.627451,0.43939,2.4,0.204903,0.743288
434,330,0.396078,0.392157,0.556863,0.404882,2.4,0.219625,0.827881
495,277,0.419608,0.396078,0.568627,0.413539,2.4,0.215753,0.805632
52,611,0.34902,0.356863,0.439216,0.361141,2.4,0.238093,0.93399
436,444,0.419608,0.427451,0.658824,0.442489,2.4,0.203008,0.732401
170,664,0.345098,0.352941,0.443137,0.357786,1.90245,0.239294,0.940892
298,637,0.384314,0.427451,0.603922,0.431021,0.857767,0.20785,0.760222
328,305,0.427451,0.392157,0.560784,0.411835,2.4,0.215939,0.806702
249,387,0.403922,0.380392,0.529412,0.396154,1.510628,0.222485,0.844311
333,291,0.454902,0.411765,0.576471,0.432827,2.4,0.206766,0.753992
438,283,0.403922,0.384314,0.533333,0.399242,2.09741,0.221097,0.836334
267,70,0.341176,0.341176,0.435294,0.347972,0.613733,0.242984,0.962097
368,37,0.317647,0.321569,0.341176,0.322151,1.739511,0.254043,1.025638
178,217,0.368627,0.352941,0.482353,0.36562,1.20374,0.235387,0.918445
75,85,0.329412,0.321569,0.376471,0.3272,0.55,0.251779,1.012627
310,386,0.407843,0.384314,0.533333,0.400075,1.636282,0.22054,0.833138
188,385,0.411765,0.376471,0.556863,0.396998,2.4,0.221858,0.840707
64,185,0.356863,0.337255,0.462745,0.350484,2.335069,0.241787,0.955216
208,266,0.360784,0.360784,0.498039,0.370694,2.259087,0.23297,0.904558
356,212,0.388235,0.364706,0.505882,0.379901,2.4,0.229016,0.881838
370,664,0.341176,0.368627,0.478431,0.370719,1.475044,0.232714,0.903083
326,309,0.419608,0.388235,0.545098,0.406231,0.565748,0.217468,0.815487
440,184,0.368627,0.360784,0.505882,0.372928,2.4,0.23145,0.895821
258,373,0.411765,0.380392,0.541176,0.398671,1.773199,0.220349,0.832039
429,135,0.380392,0.372549,0.521569,0.384976,2.034632,0.226092,0.865036
377,360,0.392157,0.384314,0.529412,0.396457,2.4,0.221015,0.835864
40,260,0.368627,0.341176,0.466667,0.356073,0.55,0.238293,0.935138
131,66,0.321569,0.317647,0.372549,0.322445,2.4,0.252684,1.017828
181,503,0.443137,0.423529,0.584314,0.439307,1.715701,0.202594,0.730025
336,54,0.32549,0.321569,0.392157,0.327499,1.98165,0.250465,1.00508
85,552,0.396078,0.392157,0.580392,0.406581,1.49724,0.216545,0.810183
379,611,0.396078,0.443137,0.643137,0.447573,1.425145,0.198891,0.708745
132,388,0.396078,0.364706,0.509804,0.381852,1.419706,0.226988,0.870186
280,73,0.333333,0.333333,0.431373,0.340412,0.810096,0.24471,0.97201
253,100,0.341176,0.345098,0.466667,0.353042,1.60226,0.239289,0.940865
428,83,0.364706,0.352941,0.466667,0.363653,1.965521,0.234737,0.914709
324,166,0.435294,0.388235,0.54902,0.409849,1.678687,0.214761,0.799932
292,320,0.447059,0.403922,0.572549,0.425267,2.23102,0.208054,0.761392
438,115,0.352941,0.364706,0.470588,0.369849,2.4,0.231725,0.897405
276,347,0.4,0.368627,0.513726,0.385773,1.152681,0.224884,0.858095
160,237,0.364706,0.345098,0.47451,0.35861,0.732096,0.236419,0.924373
420,392,0.435294,0.419608,0.627451,0.437949,1.350546,0.202406,0.72894
232,277,0.388235,0.372549,0.509804,0.385794,1.854284,0.224715,0.857123
341,389,0.462745,0.419608,0.603922,0.442086,2.068694,0.200566,0.718372
475,408,0.415686,0.403922,0.584314,0.419447,2.207054,0.210225,0.773866
398,180,0.431373,0.396078,0.568627,0.41604,2.4,0.211601,0.781775
386,272,0.396078,0.360784,0.509804,0.379047,2.4,0.227416,0.872646
483,384,0.415686,0.380392,0.556863,0.400637,0.690926,0.218118,0.81922
271,499,0.45098,0.415686,0.627451,0.438479,1.662575,0.201862,0.725814
66,146,0.34902,0.337255,0.454902,0.34825,0.55,0.240528,0.947981
397,208,0.411765,0.364706,0.509804,0.385187,2.110428,0.224556,0.856214
329,365,0.4,0.368627,0.513726,0.385773,1.311072,0.224037,0.853229
48,127,0.341176,0.333333,0.415686,0.340947,0.55,0.243049,0.96247
312,279,0.431373,0.407843,0.580392,0.425304,1.786353,0.206839,0.754414
347,172,0.439216,0.372549,0.568627,0.400879,1.480945,0.217198,0.813932
396,92,0.352941,0.345098,0.435294,0.353278,0.909016,0.237563,0.930945
409,680,0.305882,0.329412,0.376471,0.327807,0.873405,0.248411,0.993275
469,378,0.431373,0.396078,0.580392,0.416889,2.4,0.210191,0.773674
325,352,0.388235,0.384314,0.509804,0.394208,2.4,0.219911,0.829523
160,457,0.403922,0.380392,0.552941,0.397853,1.977458,0.218326,0.820415
320,108,0.34902,0.356863,0.490196,0.364822,1.364565,0.232385,0.901193
400,145,0.45098,0.419608,0.6,0.439302,2.120387,0.200412,0.717485
116,336,0.368627,0.352941,0.490196,0.366186,1.111158,0.231712,0.897327
156,250,0.368627,0.356863,0.478431,0.368141,1.658599,0.230839,0.892314
313,364,0.388235,0.360784,0.494118,0.376247,1.072205,0.227355,0.872292
256,156,0.34902,0.341176,0.462745,0.351621,0.55,0.237868,0.9327
47,257,0.372549,0.345098,0.466667,0.359711,0.675226,0.234336,0.912406
436,342,0.415686,0.396078,0.552941,0.411573,1.042674,0.212092,0.784598
418,22,0.321569,0.317647,0.34902,0.320746,0.691965,0.250968,1.00797
263,315,0.427451,0.392157,0.568627,0.412402,2.4,0.211397,0.780601
154,443,0.384314,0.384314,0.529412,0.39479,1.21784,0.218886,0.82363
291,159,0.368627,0.364706,0.501961,0.375449,2.334753,0.227174,0.871254
455,246,0.4,0.388235,0.54902,0.402345,2.4,0.215629,0.804917
390,325,0.403922,0.372549,0.533333,0.390827,2.4,0.220432,0.832515
74,510,0.4,0.368627,0.529412,0.386906,0.55,0.222021,0.841643
246,298,0.403922,0.380392,0.556863,0.398136,1.464294,0.217198,0.813933
419,106,0.352941,0.345098,0.439216,0.353561,0.687593,0.236276,0.923554
251,208,0.372549,0.360784,0.513726,0.374328,2.4,0.227364,0.872347
225,321,0.403922,0.388235,0.54902,0.403179,0.945219,0.21496,0.801072
443,586,0.372549,0.403922,0.545098,0.407445,1.374203,0.21313,0.79056
298,176,0.364706,0.360784,0.517647,0.372944,1.175891,0.227906,0.875457
47,461,0.403922,0.34902,0.490196,0.370885,0.55,0.228769,0.88042
320,332,0.380392,0.376471,0.501961,0.386365,1.284622,0.221965,0.841321
207,676,0.337255,0.34902,0.439216,0.353031,2.086803,0.236064,0.922333
251,441,0.439216,0.396078,0.592157,0.419406,2.198832,0.207551,0.758503
268,224,0.4,0.368627,0.513726,0.385773,1.068118,0.221657,0.839553
454,211,0.407843,0.388235,0.541176,0.403446,1.048736,0.214082,0.796027
245,306,0.403922,0.388235,0.576471,0.405161,2.378304,0.213304,0.791562
304,278,0.431373,0.407843,0.580392,0.425304,2.4,0.204624,0.741689
272,393,0.403922,0.384314,0.541176,0.399808,1.680521,0.215532,0.804363
419,593,0.372549,0.411765,0.580392,0.415602,2.4,0.208723,0.765235
485,163,0.341176,0.341176,0.415686,0.346556,0.706209,0.238307,0.935219
367,141,0.427451,0.407843,0.607843,0.426452,1.562387,0.204041,0.738338
307,341,0.396078,0.380392,0.517647,0.393637,1.360843,0.218014,0.818621
330,645,0.372549,0.427451,0.596078,0.427954,2.4,0.203199,0.733496
105,196,0.364706,0.345098,0.462745,0.357761,0.94957,0.233267,0.906263
385,183,0.443137,0.380392,0.6,0.409587,2.4,0.211054,0.778631
165,485,0.423529,0.392157,0.576471,0.412134,2.281518,0.209882,0.771897
437,152,0.341176,0.345098,0.462745,0.352758,0.55,0.235293,0.917902
182,483,0.431373,0.4,0.592157,0.420544,1.577527,0.20622,0.750856
199,534,0.431373,0.4,0.6,0.42111,2.055374,0.205967,0.749402
219,215,0.376471,0.376471,0.509804,0.386097,1.245919,0.22091,0.835263
202,304,0.376471,0.364706,0.505882,0.3774,1.166817,0.224574,0.856315
477,496,0.407843,0.415686,0.603922,0.427609,2.103033,0.203047,0.732623
465,170,0.360784,0.34902,0.45098,0.358882,1.241614,0.232277,0.900575
481,440,0.427451,0.403922,0.592157,0.422514,1.221216,0.204977,0.743712
186,240,0.368627,0.34902,0.478431,0.362532,0.914207,0.230658,0.891274
197,388,0.384314,0.360784,0.509804,0.376546,1.365649,0.224649,0.856748
166,282,0.380392,0.372549,0.509804,0.384126,1.786079,0.221251,0.83722
0,298,0.407843,0.360784,0.501961,0.380982,0.55,0.222325,0.843389
284,260,0.392157,0.376471,0.517647,0.389998,1.809709,0.218343,0.820513
378,698,0.309804,0.321569,0.352941,0.321333,1.761208,0.24764,0.988844
219,106,0.34902,0.337255,0.458824,0.348533,0.861187,0.235882,0.921286
292,396,0.431373,0.396078,0.564706,0.415757,1.89216,0.207025,0.755481
392,257,0.356863,0.352941,0.47451,0.362552,2.114056,0.229816,0.886434
481,251,0.403922,0.380392,0.552941,0.397853,1.274505,0.214651,0.799297
79,504,0.388235,0.368627,0.521569,0.383838,1.911213,0.220409,0.832384
272,650,0.376471,0.411765,0.54902,0.414171,2.071838,0.207297,0.757042
393,237,0.356863,0.34902,0.47451,0.359747,2.089434,0.230612,0.891009
171,506,0.454902,0.4,0.627451,0.428094,1.784264,0.20132,0.722701
230,318,0.403922,0.388235,0.556863,0.403745,1.877325,0.21175,0.782632
106,288,0.364706,0.345098,0.470588,0.358327,1.12966,0.231129,0.893977
255,297,0.415686,0.392157,0.572549,0.410184,0.949052,0.208847,0.765951
435,253,0.396078,0.372549,0.521569,0.388311,2.4,0.218176,0.81955
427,584,0.372549,0.423529,0.592157,0.424866,2.226182,0.202267,0.728144
277,665,0.345098,0.364706,0.47451,0.368465,1.320285,0.22643,0.866978
244,63,0.313726,0.313726,0.396078,0.319671,0.607106,0.247295,0.986866
231,382,0.396078,0.372549,0.521569,0.388311,2.271203,0.217825,0.817537
209,216,0.34902,0.34902,0.482353,0.358646,2.199317,0.230486,0.890281
173,289,0.368627,0.352941,0.490196,0.366186,1.159463,0.227254,0.871713
322,327,0.415686,0.388235,0.52549,0.403981,1.293887,0.211045,0.778582
118,256,0.368627,0.341176,0.466667,0.356073,0.55,0.231561,0.89646
439,111,0.34902,0.341176,0.427451,0.349073,2.292387,0.234529,0.913512
129,494,0.407843,0.376471,0.560784,0.396448,1.063209,0.214161,0.796486
448,248,0.388235,0.376471,0.541176,0.390864,0.703488,0.216545,0.81018
351,201,0.396078,0.368627,0.537255,0.386638,1.115586,0.21829,0.820209
155,130,0.34902,0.337255,0.458824,0.348533,0.771361,0.234604,0.913945
399,264,0.388235,0.356863,0.517647,0.375141,1.65483,0.223173,0.848265
276,637,0.407843,0.423529,0.603922,0.433219,2.206663,0.198227,0.704933
179,292,0.396078,0.372549,0.513726,0.387744,1.402728,0.217612,0.816314
446,260,0.415686,0.403922,0.568627,0.418315,2.189332,0.204493,0.740933
424,228,0.368627,0.352941,0.490196,0.366186,1.147519,0.226828,0.869266
443,572,0.352941,0.403922,0.560784,0.404409,1.912826,0.210397,0.774854
327,152,0.4,0.380392,0.537255,0.395886,2.4,0.213989,0.795494
483,285,0.411765,0.4,0.576471,0.415242,1.848056,0.205616,0.747384
482,560,0.34902,0.364706,0.478431,0.369582,1.543871,0.225145,0.859596
266,684,0.321569,0.34902,0.419608,0.34828,0.55,0.234262,0.911978
147,569,0.419608,0.407843,0.619608,0.425634,1.323538,0.201087,0.721364
315,228,0.419608,0.384314,0.552941,0.403992,2.4,0.210347,0.774568
128,121,0.356863,0.341176,0.466667,0.353572,0.943234,0.231946,0.898671
192,16,0.298039,0.294118,0.309804,0.296084,0.55,0.256579,1.040207
397,296,0.396078,0.372549,0.521569,0.388311,1.679376,0.216895,0.812191
346,222,0.388235,0.364706,0.513726,0.380467,2.376377,0.220225,0.831324
441,425,0.407843,0.411765,0.627451,0.426504,1.87211,0.200487,0.717918
476,269,0.396078,0.376471,0.533333,0.391965,1.495941,0.215234,0.80265
5,603,0.321569,0.317647,0.34902,0.320746,0.55,0.245747,0.977971
251,656,0.356863,0.384314,0.52549,0.388671,1.195277,0.216538,0.810142
424,126,0.360784,0.34902,0.458824,0.359449,2.4,0.22903,0.881917
263,653,0.360784,0.392157,0.541176,0.396246,0.658716,0.213107,0.790426
500,336,0.341176,0.376471,0.501961,0.378027,0.55,0.220859,0.834968
174,551,0.427451,0.396078,0.588235,0.416622,0.55,0.204294,0.739792
344,99,0.360784,0.356863,0.513726,0.369022,0.767454,0.224436,0.855521
356,145,0.411765,0.388235,0.568627,0.406262,2.324638,0.208442,0.763621
186,488,0.443137,0.403922,0.6,0.426416,1.595604,0.199723,0.713523
311,308,0.411765,0.388235,0.537255,0.403997,2.065104,0.209308,0.768601
443,319,0.4,0.407843,0.568627,0.417784,1.902732,0.203268,0.733897
118,365,0.403922,0.356863,0.505882,0.377627,2.021279,0.22035,0.832045
126,613,0.372549,0.380392,0.52549,0.389201,0.72099,0.215322,0.803155
272,125,0.356863,0.352941,0.478431,0.362835,1.595021,0.226587,0.867881
328,350,0.384314,0.376471,0.501961,0.387198,2.259334,0.215918,0.806579
71,619,0.34902,0.341176,0.423529,0.34879,0.761333,0.232365,0.901082
455,387,0.407843,0.384314,0.564706,0.40234,1.679934,0.209348,0.768831
350,179,0.403922,0.372549,0.560784,0.392809,1.502353,0.21325,0.79125
87,237,0.34902,0.329412,0.447059,0.342075,0.776294,0.234876,0.915508
294,73,0.333333,0.32549,0.415686,0.33367,0.709448,0.238296,0.935156
354,104,0.356863,0.356863,0.501961,0.367339,0.863535,0.223852,0.852165
495,359,0.4,0.384314,0.54902,0.39954,1.340025,0.209928,0.772164
217,246,0.356863,0.352941,0.486275,0.363402,1.232445,0.225383,0.860965
80,432,0.376471,0.356863,0.482353,0.370092,0.815352,0.222419,0.84393
138,574,0.427451,0.407843,0.619608,0.427301,2.4,0.197878,0.702925
303,185,0.384314,0.368627,0.505882,0.381872,2.4,0.21727,0.814345
224,333,0.411765,0.384314,0.541176,0.401475,1.520631,0.208782,0.765575
292,382,0.4,0.368627,0.517647,0.386056,2.4,0.21534,0.803261
208,647,0.360784,0.392157,0.545098,0.396529,2.4,0.210815,0.777258
464,165,0.345098,0.337255,0.431373,0.345718,1.242513,0.232392,0.901233
192,185,0.345098,0.337255,0.454902,0.347416,2.136956,0.231273,0.894804
256,320,0.376471,0.364706,0.517647,0.378249,1.89893,0.217788,0.817322
325,162,0.4,0.376471,0.52549,0.392232,1.879555,0.211582,0.781668
497,167,0.337255,0.333333,0.388235,0.338131,1.226745,0.234765,0.914867
199,189,0.356863,0.34902,0.47451,0.359747,2.4,0.225494,0.861601
93,0,0.321569,0.321569,0.329412,0.322135,0.977077,0.241579,0.954022
197,314,0.380392,0.364706,0.509804,0.378517,1.890072,0.217291,0.814466
270,268,0.396078,0.376471,0.541176,0.392531,2.263254,0.211271,0.779878
474,124,0.329412,0.32549,0.380392,0.330288,2.396171,0.237886,0.9328
198,255,0.360784,0.345098,0.478431,0.35806,2.4,0.225958,0.864268
119,406,0.376471,0.368627,0.517647,0.381054,0.807768,0.216081,0.807513
423,268,0.372549,0.352941,0.501961,0.367869,1.091387,0.221609,0.839279
448,390,0.415686,0.392157,0.568627,0.4099,2.238932,0.202892,0.731732
395,173,0.415686,0.388235,0.552941,0.405963,2.4,0.204402,0.740408
113,520,0.419608,0.388235,0.572549,0.408213,1.81498,0.2034,0.734655
226,409,0.415686,0.384314,0.568627,0.404291,2.052823,0.204997,0.743831
312,189,0.376471,0.360784,0.498039,0.374029,2.4,0.217941,0.818205
269,431,0.419608,0.396078,0.545098,0.41184,2.4,0.201695,0.724854
110,487,0.407843,0.388235,0.545098,0.403729,2.04222,0.20515,0.744709
369,283,0.4,0.360784,0.505882,0.379598,2.4,0.21549,0.804121
414,171,0.372549,0.360784,0.501961,0.373478,2.000304,0.217937,0.818178
491,404,0.403922,0.384314,0.541176,0.399808,1.737472,0.206617,0.75314
496,247,0.388235,0.352941,0.494118,0.370638,2.4,0.219004,0.824311
201,352,0.4,0.368627,0.52549,0.386623,1.610501,0.212131,0.784822
373,203,0.384314,0.360784,0.501961,0.37598,2.4,0.216412,0.809418
256,104,0.345098,0.337255,0.47451,0.348832,0.824456,0.22786,0.875195
392,229,0.368627,0.34902,0.47451,0.362249,1.943738,0.222,0.841526
92,187,0.356863,0.329412,0.45098,0.344025,0.55,0.229752,0.886064
267,332,0.415686,0.388235,0.552941,0.405963,2.4,0.20306,0.732701
189,163,0.34902,0.329412,0.454902,0.342641,2.345499,0.230143,0.888311
224,738,0.298039,0.294118,0.317647,0.29665,0.861007,0.249517,0.999634
326,89,0.341176,0.345098,0.458824,0.352475,1.825014,0.225334,0.860681
335,148,0.368627,0.364706,0.529412,0.377431,2.008874,0.214266,0.797089
263,374,0.4,0.364706,0.517647,0.383252,1.587451,0.211709,0.782393
138,380,0.384314,0.352941,0.505882,0.370653,1.036137,0.217027,0.812953
456,370,0.407843,0.380392,0.552941,0.398686,2.247191,0.204998,0.743832
275,76,0.333333,0.333333,0.435294,0.340695,2.4,0.229752,0.886065
252,362,0.372549,0.34902,0.486275,0.363932,0.55,0.219711,0.828373
424,133,0.376471,0.356863,0.486275,0.370375,2.4,0.216944,0.812476
256,174,0.345098,0.337255,0.478431,0.349115,1.784519,0.226045,0.864765
433,377,0.407843,0.396078,0.568627,0.411038,2.4,0.199372,0.711508
265,322,0.4,0.380392,0.545098,0.396453,1.037111,0.205505,0.746748
319,231,0.4,0.368627,0.529412,0.386906,2.4,0.209452,0.769429
188,166,0.34902,0.329412,0.454902,0.342641,2.191309,0.228365,0.878094
116,460,0.376471,0.356863,0.513726,0.372357,0.9537,0.215623,0.804886
73,310,0.364706,0.329412,0.466667,0.346825,1.835535,0.226551,0.867671
11,190,0.356863,0.333333,0.443137,0.346264,0.723877,0.226534,0.867577
306,53,0.309804,0.305882,0.360784,0.31068,0.826455,0.241673,0.954563
344,254,0.396078,0.380392,0.537255,0.395053,2.068405,0.205422,0.746273
213,89,0.337255,0.32549,0.439216,0.336202,0.876392,0.230554,0.890676
445,136,0.329412,0.337255,0.431373,0.342383,1.870741,0.227725,0.874419
211,55,0.317647,0.313726,0.376471,0.319089,2.32842,0.237672,0.93157
453,331,0.368627,0.384314,0.529412,0.391455,2.285772,0.206606,0.753075
302,427,0.4,0.388235,0.560784,0.403195,0.55,0.201572,0.72415
260,413,0.4,0.368627,0.529412,0.386906,1.233768,0.208523,0.764091
264,351,0.411765,0.380392,0.529412,0.397821,2.4,0.203819,0.737061
481,379,0.4,0.372549,0.545098,0.390843,2.4,0.206715,0.753702
201,270,0.364706,0.364706,0.498039,0.374333,1.859881,0.213696,0.793814
111,370,0.368627,0.341176,0.482353,0.357206,2.4,0.221027,0.835935
136,519,0.403922,0.396078,0.580392,0.411053,1.620921,0.197852,0.702778
238,259,0.388235,0.380392,0.529412,0.392819,2.298929,0.205623,0.747429
319,134,0.360784,0.341176,0.490196,0.356104,1.017748,0.221236,0.837135
207,1,0.294118,0.298039,0.278431,0.29579,0.55,0.247067,0.985552
172,305,0.384314,0.368627,0.513726,0.382438,1.669584,0.209917,0.772097
208,322,0.396078,0.376471,0.52549,0.391398,1.201694,0.20596,0.749364
475,560,0.352941,0.364706,0.486275,0.370982,0.55,0.214645,0.799263
295,248,0.376471,0.364706,0.505882,0.3774,2.4,0.211628,0.781929
369,655,0.309804,0.356863,0.454902,0.353936,1.1289,0.221628,0.83939
346,110,0.380392,0.372549,0.556863,0.387524,0.951647,0.207193,0.756449
191,68,0.32549,0.313726,0.380392,0.32104,1.651221,0.2356,0.919666
142,238,0.356863,0.345098,0.47451,0.356943,0.895821,0.220205,0.831211
32,258,0.352941,0.32549,0.454902,0.34067,0.580946,0.227143,0.871078
397,136,0.419608,0.388235,0.576471,0.408496,2.4,0.198045,0.703883
390,220,0.352941,0.341176,0.47451,0.353304,2.4,0.221672,0.839639
120,506,0.407843,0.388235,0.54902,0.404013,1.416111,0.199834,0.714164
295,400,0.411765,0.384314,0.545098,0.401758,2.4,0.200733,0.719328
399,247,0.356863,0.337255,0.458824,0.350201,2.4,0.222786,0.846041
397,226,0.352941,0.337255,0.494118,0.351915,1.743536,0.221894,0.840916
94,484,0.384314,0.34902,0.501961,0.367565,0.55,0.215045,0.801565
236,194,0.345098,0.341176,0.466667,0.351071,2.4,0.221994,0.841492
60,573,0.380392,0.356863,0.490196,0.371492,1.436768,0.213237,0.791175
263,400,0.4,0.376471,0.533333,0.392798,2.190785,0.203814,0.737034
303,258,0.368627,0.364706,0.529412,0.377431,2.357395,0.210351,0.77459
234,316,0.403922,0.380392,0.552941,0.397853,2.4,0.201463,0.723522
367,164,0.423529,0.376471,0.556863,0.3995,1.601703,0.200714,0.719223
272,110,0.34902,0.337255,0.47451,0.349666,2.4,0.221636,0.839432
318,250,0.384314,0.368627,0.505882,0.381872,1.286266,0.207746,0.759625
278,716,0.301961,0.313726,0.34902,0.313773,1.881961,0.236817,0.926661
334,245,0.396078,0.356863,0.501961,0.375676,1.635145,0.210158,0.773483
396,190,0.407843,0.380392,0.552941,0.398686,1.641117,0.200193,0.716226
84,134,0.333333,0.321569,0.431373,0.331998,0.602088,0.228564,0.879241
137,127,0.337255,0.32549,0.443137,0.336486,2.4,0.226551,0.867673
264,335,0.4,0.376471,0.529412,0.392515,2.4,0.202512,0.72955
214,333,0.396078,0.368627,0.52549,0.385789,1.866551,0.205347,0.74584
255,378,0.396078,0.360784,0.513726,0.37933,2.1267,0.207922,0.760635
256,257,0.368627,0.360784,0.513726,0.373494,2.229774,0.21036,0.774642
308,242,0.384314,0.364706,0.517647,0.379917,2.4,0.207438,0.757855
9,352,0.380392,0.333333,0.478431,0.353814,1.223757,0.218595,0.821958
424,159,0.356863,0.337255,0.478431,0.351616,2.4,0.219326,0.826163
193,659,0.317647,0.345098,0.454902,0.34719,0.627098,0.221222,0.837052
349,366,0.396078,0.372549,0.521569,0.388311,1.615561,0.20352,0.735343
87,639,0.317647,0.329412,0.396078,0.331724,1.961279,0.227723,0.874409
333,685,0.305882,0.321569,0.4,0.323896,2.107463,0.231041,0.89347
235,686,0.32549,0.34902,0.443137,0.350813,2.179954,0.219482,0.827058
103,461,0.392157,0.360784,0.513726,0.378496,1.133317,0.207451,0.757928
176,148,0.341176,0.329412,0.435294,0.339558,1.512535,0.224119,0.853697
350,141,0.4,0.376471,0.564706,0.395064,2.4,0.20009,0.715632
44,351,0.360784,0.333333,0.462745,0.348513,1.623958,0.219818,0.82899
230,239,0.34902,0.352941,0.47451,0.360885,1.716213,0.214506,0.798465
258,252,0.376471,0.372549,0.529412,0.384708,2.141618,0.203933,0.737716
257,423,0.4,0.372549,0.537255,0.390277,2.243282,0.201278,0.722459
267,198,0.341176,0.34902,0.498039,0.358111,1.705332,0.215026,0.801456
150,187,0.337255,0.321569,0.447059,0.333964,2.127984,0.225256,0.860231
281,280,0.384314,0.368627,0.509804,0.382155,1.207602,0.20446,0.740745
239,262,0.388235,0.380392,0.529412,0.392819,2.4,0.199793,0.713926
24,625,0.313726,0.305882,0.345098,0.310381,0.55,0.235094,0.916757
394,200,0.368627,0.356863,0.501961,0.36984,2.4,0.209355,0.768872
239,410,0.403922,0.376471,0.537255,0.393915,2.4,0.198897,0.708777
422,313,0.403922,0.376471,0.537255,0.393915,1.219572,0.198721,0.707769
442,363,0.388235,0.368627,0.560784,0.38667,1.793153,0.201698,0.724876
309,190,0.368627,0.352941,0.486275,0.365903,2.4,0.210596,0.775998
422,240,0.360784,0.356863,0.490196,0.367323,2.358126,0.20992,0.772119
397,204,0.388235,0.352941,0.498039,0.370921,0.859873,0.208275,0.762663
161,301,0.376471,0.352941,0.490196,0.367853,2.4,0.20945,0.769413
152,473,0.407843,0.372549,0.545098,0.392511,2.079974,0.198834,0.70842
124,364,0.388235,0.34902,0.494118,0.367833,1.865965,0.209265,0.768354
323,220,0.388235,0.360784,0.521569,0.378229,1.932294,0.204658,0.74188
322,184,0.380392,0.356863,0.505882,0.372624,2.4,0.206775,0.754044
128,381,0.364706,0.341176,0.486275,0.356655,2.4,0.213582,0.793155
446,623,0.305882,0.333333,0.431373,0.334576,1.045299,0.222941,0.84693
8,264,0.364706,0.333333,0.462745,0.349347,1.51588,0.216587,0.810423
378,217,0.380392,0.356863,0.513726,0.373191,2.332151,0.206357,0.751641
263,343,0.4,0.364706,0.541176,0.384951,1.3333,0.201286,0.722508
159,620,0.364706,0.360784,0.513726,0.37266,0.571223,0.206415,0.751979
473,579,0.32549,0.356863,0.447059,0.356705,0.591637,0.213191,0.790908
141,263,0.34902,0.337255,0.458824,0.348533,1.261771,0.216639,0.810722
411,120,0.372549,0.364706,0.505882,0.376566,2.027824,0.204372,0.740237
66,585,0.364706,0.345098,0.462745,0.357761,2.218727,0.212341,0.786026
266,394,0.380392,0.360784,0.521569,0.376562,0.698605,0.204202,0.739263
424,295,0.380392,0.364706,0.501961,0.377951,1.396384,0.203341,0.734317
158,229,0.34902,0.329412,0.454902,0.342641,1.044051,0.21847,0.821243
291,218,0.372549,0.34902,0.490196,0.364215,1.558498,0.209192,0.767935
262,265,0.380392,0.360784,0.521569,0.376562,0.656482,0.203889,0.737464
351,649,0.321569,0.376471,0.513726,0.374708,0.95531,0.20447,0.740803
191,424,0.384314,0.360784,0.509804,0.376546,2.225558,0.203647,0.736072
256,271,0.380392,0.364706,0.52549,0.379649,2.230199,0.202259,0.728097
229,160,0.345098,0.337255,0.462745,0.347983,0.890836,0.215822,0.806027
386,173,0.396078,0.364706,0.545098,0.3844,2.4,0.200118,0.715797
215,58,0.305882,0.301961,0.372549,0.307891,0.676837,0.232871,0.903985
263,211,0.352941,0.345098,0.498039,0.357808,1.798338,0.211057,0.77865
210,75,0.313726,0.313726,0.415686,0.321087,1.868028,0.226673,0.868374
145,323,0.360784,0.34902,0.490196,0.361714,1.843604,0.209173,0.767825
99,271,0.364706,0.345098,0.462745,0.357761,1.179983,0.210795,0.777144
283,174,0.372549,0.360784,0.498039,0.373195,1.494183,0.204096,0.738651
23,530,0.368627,0.333333,0.454902,0.349614,2.066848,0.214067,0.795945
99,404,0.364706,0.337255,0.470588,0.352718,0.826153,0.21259,0.787458
171,204,0.341176,0.321569,0.439216,0.334231,2.4,0.220211,0.831243
164,329,0.372549,0.34902,0.490196,0.364215,0.794542,0.207352,0.757362
441,239,0.360784,0.341176,0.494118,0.356387,0.688509,0.2107,0.776597
396,233,0.341176,0.32549,0.454902,0.338169,1.986071,0.218487,0.821342
152,466,0.403922,0.364706,0.529412,0.384935,2.365264,0.198348,0.705628
325,22,0.290196,0.286275,0.309804,0.288807,1.056536,0.239459,0.94184
54,63,0.309804,0.305882,0.356863,0.310397,0.721977,0.23008,0.887952
388,211,0.396078,0.356863,0.54902,0.379074,1.677554,0.200643,0.718812
308,103,0.345098,0.345098,0.494118,0.355857,0.992673,0.210593,0.775981
332,200,0.352941,0.329412,0.470588,0.344607,2.144396,0.215034,0.801498
52,363,0.360784,0.333333,0.462745,0.348513,1.059133,0.213316,0.791628
150,687,0.290196,0.294118,0.345098,0.296965,0.55,0.235331,0.918123
47,440,0.360784,0.333333,0.466667,0.348796,0.932226,0.212955,0.789552
157,648,0.333333,0.34902,0.454902,0.353329,2.153802,0.210608,0.776068
352,188,0.372549,0.34902,0.501961,0.365064,2.4,0.205516,0.746813
431,95,0.32549,0.317647,0.403922,0.325544,0.69305,0.222308,0.843297
217,669,0.317647,0.345098,0.454902,0.34719,1.923533,0.212785,0.788576
109,342,0.345098,0.341176,0.47451,0.351637,0.764318,0.210796,0.777151
436,313,0.388235,0.364706,0.505882,0.379901,2.4,0.198654,0.707381
100,362,0.345098,0.32549,0.45098,0.338719,0.562294,0.216194,0.808163
179,410,0.407843,0.352941,0.513726,0.376222,0.55,0.199887,0.714467
447,140,0.313726,0.317647,0.388235,0.32191,0.705812,0.223139,0.84807
286,299,0.376471,0.368627,0.521569,0.381337,1.376664,0.197474,0.700605
399,98,0.333333,0.32549,0.411765,0.333387,2.4,0.217972,0.818381
479,159,0.32549,0.317647,0.4,0.32526,0.757478,0.221405,0.838105
30,623,0.317647,0.309804,0.364706,0.315435,0.886459,0.225522,0.861759
422,156,0.356863,0.341176,0.482353,0.354704,2.4,0.208677,0.764971
362,669,0.301961,0.329412,0.411765,0.329522,0.856539,0.219164,0.825229
299,703,0.282353,0.309804,0.352941,0.307082,0.55,0.228626,0.879597
159,351,0.380392,0.356863,0.498039,0.372058,2.4,0.200659,0.718906
42,333,0.352941,0.32549,0.458824,0.340953,0.794241,0.213852,0.794711
287,72,0.301961,0.298039,0.392157,0.305668,0.55,0.228897,0.881156
300,246,0.372549,0.352941,0.505882,0.368152,0.55,0.202061,0.726957
309,201,0.352941,0.345098,0.466667,0.355543,1.148279,0.207428,0.757796
185,178,0.337255,0.32549,0.435294,0.335919,1.383812,0.215617,0.804847
192,639,0.337255,0.372549,0.52549,0.376088,2.4,0.198336,0.705556
120,611,0.356863,0.364706,0.513726,0.373798,1.96825,0.199218,0.710623
357,77,0.317647,0.309804,0.392157,0.317417,2.339198,0.223311,0.849058
211,392,0.384314,0.352941,0.513726,0.37122,1.154967,0.200009,0.715169
406,196,0.360784,0.345098,0.47451,0.357776,1.697345,0.205689,0.747808
329,672,0.305882,0.341176,0.431373,0.340185,0.707474,0.212959,0.789579
316,205,0.372549,0.337255,0.509804,0.357216,1.279626,0.205638,0.747509
215,38,0.290196,0.282353,0.321569,0.286852,0.618002,0.235664,0.920034
281,51,0.298039,0.294118,0.360784,0.299765,1.314623,0.230114,0.888145
5,587,0.321569,0.313726,0.4,0.321622,2.187864,0.220695,0.834025
291,704,0.27451,0.301961,0.341176,0.298956,1.152881,0.230162,0.888421
191,156,0.333333,0.317647,0.447059,0.330325,1.873384,0.216693,0.811031
246,111,0.345098,0.321569,0.458824,0.336481,0.701445,0.214035,0.795759
248,184,0.341176,0.333333,0.478431,0.345477,2.4,0.209833,0.771613
253,251,0.356863,0.356863,0.498039,0.367056,1.206413,0.200352,0.717138
398,665,0.301961,0.321569,0.396078,0.32278,0.653111,0.219174,0.825288
175,64,0.301961,0.298039,0.360784,0.303403,0.55,0.227471,0.872958
463,341,0.376471,0.356863,0.509804,0.372074,2.061658,0.197697,0.701888
144,655,0.309804,0.321569,0.411765,0.32558,0.61369,0.21759,0.816184
272,153,0.34902,0.333333,0.470588,0.346578,1.734698,0.208581,0.764424
80,335,0.337255,0.317647,0.439216,0.330593,0.840988,0.215126,0.802031
201,118,0.337255,0.321569,0.45098,0.334247,1.18769,0.21353,0.79286
326,143,0.368627,0.352941,0.517647,0.368168,2.4,0.198812,0.708292
443,244,0.364706,0.345098,0.509804,0.361158,0.760182,0.201636,0.724517
327,155,0.372549,0.34902,0.498039,0.364781,2.4,0.199845,0.714228
431,195,0.337255,0.329412,0.482353,0.342122,0.981114,0.209546,0.769969
490,536,0.337255,0.356863,0.478431,0.361471,0.73808,0.201079,0.721318
453,303,0.376471,0.352941,0.501961,0.368703,1.533614,0.197886,0.702972
83,513,0.372549,0.352941,0.501961,0.367869,0.868659,0.19821,0.704833
171,81,0.305882,0.305882,0.403922,0.312961,0.866217,0.221596,0.839206
47,339,0.345098,0.32549,0.447059,0.338436,0.673516,0.210365,0.77467
474,111,0.301961,0.301961,0.34902,0.305358,0.953794,0.224285,0.854655
191,139,0.333333,0.313726,0.439216,0.326955,0.55,0.214938,0.800947
185,143,0.321569,0.301961,0.423529,0.314907,0.55,0.220044,0.830285
129,656,0.309804,0.313726,0.396078,0.318838,0.55,0.218302,0.820274
280,673,0.321569,0.34902,0.45098,0.350545,1.076243,0.204441,0.740632
347,190,0.364706,0.341176,0.486275,0.356655,1.653375,0.201806,0.725497
418,152,0.376471,0.345098,0.501961,0.363093,1.686344,0.198971,0.709206
149,467,0.396078,0.341176,0.509804,0.365024,2.36516,0.198135,0.7044
298,17,0.27451,0.27451,0.329412,0.278474,0.55,0.234958,0.915981
10,325,0.368627,0.32549,0.458824,0.344288,1.876347,0.206738,0.753835
158,80,0.301961,0.294118,0.380392,0.302014,0.55,0.224701,0.857045
342,222,0.360784,0.337255,0.482353,0.352733,1.773098,0.202873,0.731624
115,355,0.352941,0.329412,0.470588,0.344607,1.443685,0.206206,0.750773
213,254,0.341176,0.333333,0.478431,0.345477,0.639206,0.205771,0.748275
5,254,0.356863,0.329412,0.45098,0.344025,1.365439,0.206312,0.751382
420,288,0.345098,0.329412,0.458824,0.34209,1.120286,0.207117,0.75601
233,162,0.333333,0.32549,0.466667,0.337351,2.32053,0.209091,0.767355
387,255,0.337255,0.333333,0.462745,0.343511,1.466453,0.206296,0.751292
289,76,0.317647,0.309804,0.403922,0.318267,1.796896,0.217032,0.812981
240,157,0.337255,0.32549,0.462745,0.337901,2.4,0.208514,0.764037
215,376,0.372549,0.341176,0.494118,0.358889,1.281453,0.199368,0.711487
399,727,0.282353,0.278431,0.294118,0.280398,0.652992,0.232828,0.90374
477,614,0.298039,0.313726,0.380392,0.315204,0.635445,0.217872,0.817808
231,290,0.368627,0.345098,0.494118,0.36086,0.631143,0.197986,0.703545
193,152,0.329412,0.309804,0.431373,0.32275,0.55,0.213968,0.795376
333,126,0.333333,0.337255,0.509804,0.348879,1.825006,0.202672,0.730469
14,304,0.345098,0.305882,0.447059,0.324413,0.55,0.21306,0.790155
315,78,0.317647,0.305882,0.411765,0.316028,0.686731,0.216051,0.807344
314,379,0.360784,0.333333,0.470588,0.349079,2.121062,0.201659,0.72465
266,253,0.34902,0.337255,0.482353,0.350232,1.327186,0.20114,0.721669
231,197,0.329412,0.32549,0.45098,0.335384,1.30513,0.207358,0.757393
198,397,0.360784,0.337255,0.486275,0.353016,2.345817,0.199691,0.71334
140,124,0.32549,0.313726,0.435294,0.325004,2.4,0.211687,0.78227
419,42,0.298039,0.298039,0.341176,0.301154,0.550566,0.221798,0.840364
362,255,0.313726,0.309804,0.411765,0.317999,0.55,0.214345,0.797542
302,217,0.345098,0.337255,0.478431,0.349115,1.53406,0.200885,0.720201
99,348,0.337255,0.333333,0.466667,0.343794,1.666493,0.202872,0.731618
277,105,0.309804,0.32549,0.454902,0.331499,2.4,0.208011,0.761145
378,249,0.333333,0.32549,0.447059,0.335935,2.4,0.205949,0.7493
450,71,0.305882,0.301961,0.360784,0.307042,1.742693,0.218215,0.819775
149,654,0.305882,0.321569,0.419608,0.325312,1.805229,0.210274,0.774148
147,157,0.32549,0.305882,0.423529,0.318545,0.695783,0.212978,0.789686
379,224,0.352941,0.333333,0.482353,0.348261,0.804465,0.200235,0.716466
257,110,0.321569,0.309804,0.454902,0.322781,1.628173,0.211149,0.779178
314,376,0.356863,0.329412,0.462745,0.344875,2.311488,0.201595,0.724283
248,15,0.282353,0.27451,0.313726,0.279009,0.923909,0.229462,0.884397
308,352,0.32549,0.32549,0.435294,0.333418,1.358405,0.206086,0.750089
306,94,0.333333,0.333333,0.462745,0.342677,2.054004,0.201858,0.725796
87,113,0.309804,0.301961,0.392157,0.31014,0.55,0.215794,0.805866
224,88,0.309804,0.298039,0.411765,0.308751,0.633797,0.216366,0.80915
262,43,0.278431,0.278431,0.317647,0.281263,1.795032,0.228066,0.876379
85,73,0.298039,0.290196,0.345098,0.295827,1.794256,0.221456,0.8384
372,366,0.352941,0.333333,0.482353,0.348261,1.983221,0.198784,0.70813
160,441,0.356863,0.333333,0.486275,0.349378,1.978412,0.198234,0.704973
79,133,0.321569,0.309804,0.415686,0.31995,0.632389,0.210819,0.777282
99,296,0.337255,0.317647,0.443137,0.330876,1.661092,0.206064,0.74996
465,158,0.305882,0.305882,0.4,0.312678,1.960087,0.213729,0.794001
17,410,0.352941,0.329412,0.462745,0.344041,1.898251,0.200253,0.716569
427,142,0.32549,0.32549,0.454902,0.334834,2.4,0.204086,0.738597
160,245,0.337255,0.32549,0.439216,0.336202,1.552725,0.203409,0.734703
181,172,0.329412,0.309804,0.435294,0.323033,0.734093,0.208915,0.766341
126,114,0.321569,0.301961,0.423529,0.314907,1.529587,0.212312,0.785862
452,654,0.294118,0.309804,0.360784,0.31015,0.604557,0.214142,0.796377
272,723,0.266667,0.282353,0.313726,0.281283,0.870982,0.226206,0.86569
223,168,0.321569,0.309804,0.439216,0.321649,2.300052,0.208856,0.766001
309,107,0.321569,0.321569,0.470588,0.332328,0.555186,0.204204,0.739275
465,191,0.329412,0.329412,0.454902,0.338472,1.587759,0.201473,0.723582
2,406,0.34902,0.321569,0.454902,0.337031,1.752482,0.202018,0.726715
230,217,0.337255,0.333333,0.458824,0.343227,1.740812,0.199319,0.711202
134,295,0.341176,0.317647,0.45098,0.332276,0.585253,0.203956,0.73785
409,635,0.301961,0.333333,0.443137,0.334591,0.798539,0.202858,0.731537
431,219,0.341176,0.32549,0.454902,0.338169,1.069459,0.201289,0.722524
317,352,0.345098,0.329412,0.454902,0.341807,1.687485,0.1995,0.712247
196,277,0.34902,0.333333,0.470588,0.346578,1.931598,0.197402,0.70019
102,246,0.333333,0.313726,0.431373,0.326388,1.033193,0.206001,0.7496
22,311,0.34902,0.309804,0.443137,0.327768,0.846393,0.20532,0.745686
468,647,0.298039,0.313726,0.360784,0.313788,1.17841,0.211004,0.778343
39,111,0.309804,0.298039,0.364706,0.305354,0.957597,0.214609,0.79906
129,221,0.333333,0.313726,0.439216,0.326955,2.4,0.205253,0.745302
129,320,0.34902,0.32549,0.462745,0.340402,2.370219,0.199397,0.711655
321,151,0.34902,0.321569,0.482353,0.339013,1.992043,0.199775,0.713827
268,693,0.282353,0.305882,0.360784,0.304844,0.619673,0.214353,0.797585
221,226,0.345098,0.321569,0.462745,0.336764,0.55,0.200666,0.718947
124,230,0.329412,0.309804,0.435294,0.323033,0.814101,0.206536,0.752671
31,528,0.364706,0.32549,0.458824,0.343454,0.718879,0.197764,0.702271
221,222,0.345098,0.329412,0.466667,0.342656,1.828096,0.19798,0.703514
228,58,0.294118,0.290196,0.356863,0.295843,1.172427,0.217776,0.817253
442,50,0.290196,0.290196,0.337255,0.293594,0.55,0.218457,0.821167
55,239,0.32549,0.298039,0.419608,0.312653,0.55,0.209791,0.771372
412,111,0.321569,0.313726,0.427451,0.323604,1.439199,0.204923,0.743404
133,303,0.333333,0.317647,0.454902,0.330892,2.4,0.201601,0.724317
374,45,0.290196,0.286275,0.34902,0.291638,0.881124,0.218375,0.820697
259,704,0.282353,0.298039,0.34902,0.298385,0.615248,0.215031,0.80148
58,437,0.364706,0.317647,0.458824,0.337845,1.299138,0.19787,0.702881
340,669,0.298039,0.329412,0.423529,0.329537,1.817965,0.201113,0.721512
139,656,0.294118,0.298039,0.380392,0.303151,0.55,0.21205,0.784353
361,239,0.337255,0.321569,0.45098,0.334247,1.320766,0.198544,0.70675
256,91,0.317647,0.313726,0.435294,0.323337,1.587109,0.203204,0.733525
246,147,0.313726,0.309804,0.435294,0.319698,0.590146,0.204527,0.74113
120,263,0.309804,0.313726,0.431373,0.321386,0.969705,0.203613,0.735877
56,621,0.305882,0.298039,0.376471,0.305369,0.612936,0.210135,0.773353
442,57,0.305882,0.305882,0.352941,0.30928,2.360018,0.208185,0.762149
292,150,0.329412,0.313726,0.443137,0.326404,0.876508,0.200673,0.718987
32,345,0.345098,0.317647,0.443137,0.332544,2.4,0.19796,0.703397
328,679,0.301961,0.32549,0.411765,0.326717,2.4,0.200409,0.717466
99,395,0.337255,0.313726,0.447059,0.328355,1.570697,0.199383,0.711572
102,235,0.32549,0.313726,0.427451,0.324438,0.740302,0.200994,0.720828
440,107,0.301961,0.294118,0.372549,0.301448,2.37687,0.210409,0.774924
131,155,0.321569,0.301961,0.419608,0.314624,2.005427,0.204736,0.74233
80,168,0.317647,0.298039,0.419608,0.310985,0.55,0.205983,0.749497
374,93,0.321569,0.309804,0.423529,0.320516,0.780223,0.201241,0.722245
285,48,0.290196,0.286275,0.34902,0.291638,2.4,0.213565,0.793057
483,125,0.309804,0.298039,0.364706,0.305354,2.4,0.207553,0.758515
68,248,0.329412,0.301961,0.431373,0.31714,0.965048,0.202398,0.728896
203,153,0.32549,0.313726,0.435294,0.325004,1.572225,0.198325,0.705492
218,692,0.282353,0.301961,0.380392,0.303455,0.55,0.206865,0.754561
378,705,0.27451,0.27451,0.305882,0.276775,0.879038,0.218204,0.819712
424,122,0.32549,0.313726,0.427451,0.324438,1.200619,0.197673,0.701749
371,264,0.321569,0.309804,0.427451,0.320799,1.607026,0.19912,0.710061
309,696,0.27451,0.298039,0.360784,0.297567,0.663057,0.208842,0.765924
258,137,0.309804,0.294118,0.423529,0.306796,0.55,0.204846,0.742959
230,203,0.313726,0.309804,0.435294,0.319698,0.65944,0.198761,0.707999
424,640,0.278431,0.309804,0.388235,0.308797,0.55,0.203309,0.734131
69,104,0.298039,0.290196,0.372549,0.297809,0.695445,0.207933,0.760697
277,713,0.278431,0.290196,0.32549,0.290243,2.4,0.210371,0.774707
102,215,0.309804,0.290196,0.407843,0.302859,1.621528,0.204305,0.739853
18,630,0.298039,0.290196,0.341176,0.295544,0.965238,0.207278,0.756936
263,112,0.309804,0.301961,0.447059,0.314104,1.25357,0.199184,0.710428
300,688,0.27451,0.301961,0.380392,0.301787,2.006681,0.2041,0.738674
71,117,0.309804,0.294118,0.388235,0.304248,2.284891,0.20291,0.73184
172,208,0.313726,0.298039,0.419608,0.310151,2.4,0.199093,0.709909
47,640,0.298039,0.290196,0.345098,0.295827,2.001089,0.205221,0.745115
45,147,0.309804,0.294118,0.380392,0.303682,0.702688,0.201337,0.722798
393,687,0.262745,0.290196,0.317647,0.286342,2.4,0.208666,0.764912
397,254,0.301961,0.301961,0.431373,0.311304,2.280415,0.19777,0.702307
477,688,0.27451,0.278431,0.294118,0.27873,2.327124,0.211685,0.782259
296,698,0.282353,0.305882,0.364706,0.305127,2.4,0.20029,0.716787
124,159,0.298039,0.286275,0.4,0.296987,1.225869,0.203445,0.734911
128,182,0.309804,0.290196,0.407843,0.302859,0.91707,0.200893,0.72025
434,133,0.298039,0.305882,0.396078,0.310727,0.631649,0.197423,0.700311
190,75,0.278431,0.282353,0.360784,0.287182,0.55,0.207292,0.757015
78,220,0.317647,0.290196,0.411765,0.304809,0.568776,0.199721,0.713512
182,156,0.309804,0.294118,0.423529,0.306796,1.860696,0.19807,0.704029
181,123,0.301961,0.290196,0.4,0.300625,0.580901,0.200452,0.717713
462,124,0.286275,0.282353,0.345098,0.287717,0.55,0.205405,0.746173
218,166,0.305882,0.290196,0.419608,0.302875,1.531382,0.197963,0.703415
186,69,0.282353,0.270588,0.341176,0.278186,0.55,0.20778,0.759822
99,92,0.282353,0.270588,0.352941,0.279035,0.55,0.207206,0.756524
55,83,0.290196,0.282353,0.337255,0.287984,1.122699,0.202696,0.730609
227,717,0.266667,0.262745,0.294118,0.265844,0.753603,0.212004,0.784089
73,70,0.286275,0.278431,0.329412,0.28378,2.313515,0.202402,0.728919
49,60,0.278431,0.278431,0.317647,0.281263,0.716118,0.203183,0.733406
13,581,0.290196,0.282353,0.337255,0.287984,0.55,0.19927,0.71092
456,684,0.262745,0.27451,0.294118,0.273424,0.701045,0.205332,0.745753
174,0,0.25098,0.25098,0.258824,0.251547,0.55,0.21405,0.795847
351,6,0.254902,0.254902,0.262745,0.255468,0.836678,0.212157,0.784967
162,69,0.27451,0.270588,0.341176,0.276518,1.779718,0.202399,0.728901
205,58,0.27451,0.270588,0.333333,0.275952,0.78615,0.202587,0.72998
134,72,0.27451,0.270588,0.333333,0.275952,1.931304,0.202509,0.729536
129,29,0.258824,0.254902,0.27451,0.257151,0.55,0.210359,0.774636
283,64,0.27451,0.27451,0.352941,0.280173,2.017012,0.199873,0.714386
473,665,0.270588,0.282353,0.309804,0.281834,0.901436,0.198293,0.705307
360,47,0.258824,0.254902,0.313726,0.259983,0.717702,0.206789,0.754123
365,58,0.278431,0.270588,0.345098,0.277635,2.4,0.199105,0.709975
322,40,0.254902,0.254902,0.286275,0.257167,2.4,0.207295,0.75703
232,46,0.270588,0.266667,0.321569,0.271464,2.4,0.201147,0.72171
161,36,0.254902,0.254902,0.286275,0.257167,2.359497,0.20712,0.756026
280,727,0.25098,0.258824,0.278431,0.258572,0.723549,0.205322,0.745697
193,56,0.266667,0.262745,0.317647,0.267543,1.336706,0.20095,0.720577
463,108,0.266667,0.262745,0.317647,0.267543,0.706876,0.200925,0.72043
243,28,0.258824,0.254902,0.286275,0.258001,1.503427,0.204522,0.741101
38,25,0.258824,0.258824,0.266667,0.25939,0.648711,0.202861,0.731558
57,13,0.25098,0.25098,0.258824,0.251547,0.645562,0.204517,0.741074
174,58,0.262745,0.258824,0.321569,0.264187,1.659843,0.198292,0.705302
