imageX,imageY,r,g,b,luminance,estimatedRadiusPixels,localContrast,emissive
49,181,1.0,0.992157,1.0,0.994391,0.55,0.87415,3.5
32,183,1.0,1.0,1.0,1.0,0.747314,0.822094,3.277214
343,75,1.0,1.0,1.0,1.0,1.143483,0.821912,3.276436
201,61,1.0,1.0,0.992157,0.999434,0.747303,0.819104,3.26442
347,84,1.0,1.0,1.0,1.0,0.726097,0.816843,3.254744
298,52,0.972549,1.0,0.803922,0.980007,0.55,0.822043,3.276997
119,28,0.988235,0.972549,0.941176,0.973619,0.775002,0.818916,3.263614
445,57,1.0,1.0,1.0,1.0,0.957577,0.800429,3.184493
320,294,1.0,0.984314,0.952941,0.985384,0.55,0.806245,3.209385
296,28,1.0,1.0,0.933333,0.995187,0.859006,0.798435,3.175961
467,181,1.0,1.0,1.0,1.0,0.837976,0.792842,3.152027
96,62,0.921569,1.0,1.0,0.983325,1.194759,0.799353,3.179893
462,69,1.0,1.0,1.0,1.0,0.967751,0.786774,3.126054
121,170,0.992157,0.929412,0.937255,0.943318,0.55,0.811003,3.229748
380,272,0.972549,0.972549,1.0,0.974531,0.890159,0.795859,3.164937
328,184,1.0,1.0,1.0,1.0,0.877664,0.78471,3.117221
348,204,0.945098,0.956863,1.0,0.957476,0.55,0.80097,3.186812
482,190,0.996078,0.980392,0.968627,0.982878,1.738186,0.790024,3.139966
61,600,0.839216,0.992157,1.0,0.960208,0.55,0.796864,3.169237
159,543,1.0,1.0,1.0,1.0,0.647679,0.776572,3.082395
402,206,0.984314,0.941176,0.92549,0.949215,0.55,0.797585,3.172322
275,294,1.0,1.0,1.0,1.0,0.55,0.76978,3.053327
295,471,1.0,1.0,1.0,1.0,0.55,0.765668,3.035726
399,629,1.0,1.0,0.980392,0.998584,0.576515,0.765598,3.035426
320,250,1.0,1.0,1.0,1.0,2.013146,0.762472,3.022048
37,677,1.0,0.964706,0.945098,0.970794,0.970155,0.774985,3.075601
14,657,1.0,1.0,1.0,1.0,0.912241,0.755959,2.994176
331,478,1.0,1.0,1.0,1.0,0.55,0.755599,2.992634
66,197,0.992157,0.890196,0.866667,0.910174,0.55,0.793283,3.153911
62,711,0.960784,1.0,1.0,0.991663,0.963896,0.757484,3.000701
373,57,0.988235,1.0,0.976471,0.9958,1.261233,0.755655,2.992873
246,193,1.0,1.0,1.0,1.0,0.55,0.751792,2.976341
326,143,1.0,0.972549,0.976471,0.978668,0.559861,0.759581,3.009675
308,171,1.0,0.984314,1.0,0.988781,0.711889,0.752365,2.978796
54,713,0.839216,1.0,1.0,0.965817,0.930548,0.75614,2.99495
136,584,1.0,1.0,1.0,1.0,1.195504,0.740748,2.929078
401,697,1.0,1.0,0.811765,0.986409,0.907431,0.745429,2.949111
139,24,0.878431,0.937255,0.737255,0.910309,0.690634,0.776562,3.082351
211,285,0.937255,0.933333,0.992157,0.938414,0.55,0.761869,3.01947
376,323,1.0,0.917647,0.929412,0.936005,0.55,0.760038,3.011632
102,372,1.0,0.87451,0.815686,0.896942,0.55,0.77286,3.066509
407,700,0.94902,1.0,0.921569,0.983499,0.879823,0.735436,2.906342
109,711,1.0,1.0,1.0,1.0,0.997941,0.726787,2.869328
163,668,1.0,1.0,1.0,1.0,0.84022,0.725993,2.86593
154,268,0.980392,0.898039,0.823529,0.910168,0.55,0.763713,3.027359
152,297,0.94902,0.894118,0.898039,0.906073,0.55,0.759632,3.009896
291,336,1.0,1.0,1.0,1.0,0.55,0.719035,2.836151
197,576,1.0,1.0,1.0,1.0,0.70083,0.716792,2.82655
211,561,1.0,1.0,1.0,1.0,0.55,0.714888,2.818404
146,683,0.941176,0.941176,0.890196,0.937496,0.639435,0.738403,2.919042
372,655,1.0,0.980392,0.921569,0.980314,0.850963,0.717894,2.831269
9,153,0.945098,0.866667,0.639216,0.866919,0.55,0.765041,3.033046
169,549,0.945098,0.929412,1.0,0.937843,0.55,0.733925,2.899877
92,729,0.964706,0.909804,0.941176,0.923741,0.797756,0.73936,2.923137
229,186,0.941176,0.92549,0.952941,0.930807,0.55,0.733451,2.897847
12,308,1.0,0.854902,0.811765,0.882635,0.639165,0.753514,2.983713
273,597,0.996078,1.0,1.0,0.999166,0.55,0.698909,2.750018
314,735,1.0,1.0,1.0,1.0,0.99257,0.696914,2.741479
194,603,0.956863,0.960784,1.0,0.962782,1.020897,0.712012,2.806093
421,123,0.933333,0.886275,0.733333,0.885237,0.595359,0.744562,2.945401
182,262,0.952941,0.882353,0.87451,0.896794,0.55,0.737821,2.916548
306,82,0.666667,0.956863,1.0,0.898282,0.55,0.734177,2.900954
298,610,0.988235,0.968627,0.984314,0.973929,0.750914,0.700339,2.756136
247,670,1.0,0.988235,0.952941,0.988188,0.55,0.692784,2.723802
332,33,1.0,0.866667,0.756863,0.887085,0.764728,0.735719,2.907556
287,391,0.972549,0.94902,1.0,0.957703,0.55223,0.70442,2.773601
445,200,0.929412,0.905882,0.886275,0.909469,0.85843,0.723481,2.855177
134,578,0.882353,0.913725,1.0,0.913285,0.55,0.72051,2.842464
406,331,1.0,1.0,1.0,1.0,0.985936,0.681764,2.676643
321,457,0.933333,0.905882,0.945098,0.91455,0.55,0.716162,2.823853
259,162,0.92549,0.901961,0.917647,0.908096,1.021186,0.718892,2.835537
407,717,0.898039,0.941176,0.843137,0.924927,0.927887,0.706716,2.783429
113,656,1.0,1.0,1.0,1.0,1.002173,0.673665,2.641979
270,717,1.0,1.0,1.0,1.0,0.811756,0.672237,2.63587
289,271,0.992157,0.968627,0.980392,0.974479,0.992495,0.681186,2.674169
461,395,0.968627,0.886275,0.878431,0.903216,0.55,0.710884,2.801269
496,1,0.988235,1.0,0.87451,0.988438,1.286564,0.673164,2.639836
355,590,0.890196,0.921569,1.0,0.920562,0.55,0.701542,2.761287
30,637,0.843137,0.87451,0.854902,0.866424,0.601315,0.723939,2.857139
255,350,0.988235,0.988235,1.0,0.989085,0.643113,0.668028,2.617853
221,569,1.0,0.956863,0.94902,0.965467,0.55,0.677124,2.656785
142,81,0.92549,0.815686,0.835294,0.840446,0.55,0.727412,2.872004
314,110,0.878431,0.886275,0.941176,0.888571,1.501257,0.705046,2.776281
284,430,0.976471,0.960784,1.0,0.966951,1.82414,0.669836,2.625591
239,577,1.0,1.0,1.0,1.0,0.752329,0.649276,2.537602
213,596,1.0,1.0,1.0,1.0,0.756097,0.648191,2.532959
286,425,0.956863,0.937255,0.996078,0.945671,1.845335,0.67141,2.632329
137,621,0.843137,0.894118,1.0,0.890924,0.55,0.692524,2.72269
433,257,0.94902,0.839216,0.843137,0.862843,0.55,0.703943,2.771561
140,446,0.839216,0.85098,0.94902,0.855558,0.55,0.706306,2.781676
331,527,0.94902,0.878431,0.929412,0.897119,0.55,0.686536,2.697062
273,749,0.976471,0.901961,0.898039,0.917518,0.55,0.66846,2.619705
220,205,0.921569,0.878431,0.901961,0.889301,0.680946,0.678854,2.664187
407,54,0.996078,0.796078,0.560784,0.82161,0.55,0.706779,2.7837
88,117,0.878431,0.823529,0.819608,0.834918,0.841672,0.700831,2.758241
392,167,0.862745,0.847059,1.0,0.861436,0.926305,0.686913,2.698676
87,456,0.917647,0.831373,0.815686,0.848582,1.827087,0.692151,2.721094
247,534,1.0,1.0,1.0,1.0,1.473136,0.622476,2.422906
214,112,0.87451,0.85098,0.913725,0.860513,0.800036,0.681442,2.675262
307,321,0.886275,0.886275,0.945098,0.890522,2.4,0.668015,2.617798
227,353,0.980392,0.87451,0.85098,0.895322,0.748124,0.665629,2.607588
3,398,0.741176,0.827451,0.941176,0.81732,0.55,0.698976,2.750305
225,54,0.870588,0.85098,0.580392,0.835613,0.55,0.690715,2.714948
84,725,0.827451,0.85098,1.0,0.856737,0.729252,0.680301,2.670379
50,457,0.862745,0.819608,0.835294,0.829911,0.691507,0.688746,2.706522
222,687,1.0,1.0,0.996078,0.999717,1.117578,0.615924,2.394864
319,406,0.972549,0.858824,0.85098,0.882435,0.842109,0.664691,2.603574
383,471,0.933333,0.847059,0.839216,0.864835,0.617816,0.671472,2.632593
203,288,0.886275,0.827451,0.827451,0.839957,0.55,0.680049,2.669304
168,126,0.878431,0.819608,0.827451,0.83268,0.560348,0.680391,2.670766
300,441,0.886275,0.866667,0.941176,0.876215,0.55,0.660329,2.584907
13,164,0.780392,0.8,0.796078,0.795548,0.55,0.694706,2.732029
339,442,0.921569,0.843137,0.85098,0.860378,0.565155,0.666473,2.6112
273,575,0.972549,0.921569,0.866667,0.928443,2.4,0.631879,2.463146
289,169,0.815686,0.882353,1.0,0.876674,1.8731,0.654028,2.557937
170,401,0.854902,0.839216,0.909804,0.847647,0.55,0.66613,2.60973
49,492,0.756863,0.819608,0.917647,0.813347,0.55,0.679328,2.666215
184,68,0.898039,0.803922,0.584314,0.808075,0.55,0.6812,2.674226
288,219,0.921569,0.839216,0.843137,0.857007,0.55,0.659913,2.583124
394,394,0.878431,0.831373,0.901961,0.846474,0.675533,0.664319,2.601979
311,505,0.870588,0.878431,0.968627,0.883276,0.60208,0.647591,2.530391
288,155,0.905882,0.839216,0.835294,0.853106,0.846348,0.660292,2.584746
475,490,0.913725,0.843137,0.721569,0.849367,0.55,0.657856,2.57432
237,592,0.898039,0.862745,0.886275,0.871948,0.55,0.646719,2.526658
140,281,0.921569,0.772549,0.721569,0.80055,0.55,0.677292,2.657501
42,665,0.909804,0.803922,0.690196,0.818221,0.55,0.669633,2.624723
385,437,0.894118,0.831373,0.843137,0.845562,0.550859,0.657418,2.572445
358,550,0.941176,0.843137,0.807843,0.861432,0.576674,0.649305,2.537726
116,268,0.866667,0.780392,0.776471,0.798451,0.55,0.676151,2.652621
295,446,0.917647,0.866667,0.858824,0.876939,0.55,0.640996,2.502164
129,512,0.913725,0.796078,0.776471,0.819674,0.55,0.66546,2.606865
270,500,1.0,1.0,1.0,1.0,2.214135,0.587522,2.27331
217,126,0.882353,0.815686,0.666667,0.8191,0.55,0.663235,2.597342
57,733,0.639216,0.866667,1.0,0.827937,0.930306,0.6571,2.571086
136,688,0.886275,0.835294,0.87451,0.848964,0.703375,0.645541,2.521616
326,68,1.0,1.0,1.0,1.0,1.687152,0.580419,2.242913
395,452,0.901961,0.823529,0.85098,0.842186,0.719769,0.64607,2.52388
392,195,0.890196,0.803922,0.815686,0.823113,0.748775,0.653289,2.554778
166,718,0.843137,0.854902,0.776471,0.846738,0.84973,0.641645,2.504944
194,426,0.886275,0.847059,0.658824,0.841806,0.55,0.642955,2.510551
124,155,0.909804,0.768627,0.717647,0.794961,0.55,0.662918,2.595985
274,439,0.890196,0.878431,0.956863,0.886595,0.55,0.621104,2.417035
202,113,0.862745,0.803922,0.819608,0.81756,0.55,0.64908,2.536761
381,192,0.784314,0.811765,0.941176,0.815272,0.615482,0.649997,2.540689
485,405,0.937255,0.803922,0.717647,0.826039,0.55,0.643952,2.514816
262,350,0.941176,0.886275,0.901961,0.899079,0.55,0.609242,2.366265
284,381,0.917647,0.921569,0.968627,0.924133,1.132332,0.598003,2.318167
264,212,0.894118,0.819608,0.803922,0.834316,2.032335,0.635752,2.479721
178,151,0.878431,0.776471,0.776471,0.798147,0.55,0.651034,2.545123
65,281,0.878431,0.745098,0.666667,0.767782,0.55,0.663754,2.599561
251,199,0.862745,0.843137,0.909804,0.852119,0.55,0.627113,2.442751
252,253,0.929412,0.843137,0.670588,0.849021,1.325292,0.62776,2.445518
32,151,0.870588,0.745098,0.670588,0.766398,0.647181,0.661477,2.589819
249,285,0.882353,0.85098,0.890196,0.860482,1.507501,0.619998,2.412297
211,719,0.807843,0.894118,0.776471,0.867282,0.782119,0.616413,2.396959
266,428,0.941176,0.878431,0.913725,0.894319,0.595258,0.60271,2.338311
396,434,0.894118,0.788235,0.717647,0.805649,0.55,0.64039,2.499573
301,601,0.933333,0.847059,0.811765,0.862853,0.55,0.614342,2.388093
450,630,0.913725,0.815686,0.756863,0.832282,0.571518,0.624996,2.433688
333,107,0.835294,0.85098,0.878431,0.849627,1.17526,0.617454,2.401413
302,425,0.886275,0.831373,0.901961,0.848141,0.55,0.61734,2.400924
296,270,0.670588,0.886275,1.0,0.848631,1.612557,0.616322,2.396566
290,249,0.803922,0.811765,0.913725,0.817459,0.55,0.628062,2.446811
293,181,0.87451,0.8,0.803922,0.816124,0.55,0.626777,2.441311
47,472,0.894118,0.733333,0.643137,0.761004,0.55,0.648014,2.532199
339,404,0.854902,0.917647,1.0,0.910253,1.566921,0.583019,2.25404
278,363,0.894118,0.815686,0.796078,0.830945,0.55,0.617006,2.399493
359,672,0.827451,0.854902,0.643137,0.833776,1.156695,0.615153,2.391562
235,733,1.0,1.0,1.0,1.0,1.914516,0.543078,2.083105
217,602,0.92549,0.901961,0.937255,0.909511,1.44302,0.579086,2.237209
427,189,0.964706,0.729412,0.635294,0.77264,0.55,0.635578,2.478978
200,501,0.854902,0.839216,0.933333,0.849346,0.573605,0.602494,2.337386
302,590,0.890196,0.823529,0.917647,0.844498,0.612371,0.604562,2.346238
188,455,0.87451,0.807843,0.827451,0.823432,0.672519,0.613067,2.382637
252,330,0.835294,0.803922,0.862745,0.814838,0.55,0.615785,2.394268
270,578,0.894118,0.894118,0.92549,0.896383,2.4,0.579708,2.23987
383,505,0.843137,0.807843,0.862745,0.819311,0.55,0.612353,2.379579
246,571,0.921569,0.898039,0.972549,0.908421,1.943185,0.574078,2.215776
449,315,0.803922,0.784314,0.878431,0.795278,0.6616,0.621733,2.419724
226,522,0.960784,0.909804,0.913725,0.920925,0.736861,0.567008,2.185518
238,531,1.0,1.0,1.0,1.0,1.862634,0.531255,2.032504
222,594,0.92549,0.85098,0.847059,0.866538,1.238258,0.582677,2.252575
218,456,0.894118,0.843137,0.858824,0.855108,0.55,0.587419,2.27287
199,172,0.694118,0.784314,0.886275,0.7725,0.55,0.622591,2.423398
230,399,0.858824,0.8,0.862745,0.817036,0.55,0.603475,2.341588
149,567,0.819608,0.776471,0.894118,0.794136,0.586835,0.61184,2.377385
269,549,0.890196,0.862745,0.905882,0.871696,1.609299,0.5782,2.233417
321,178,0.894118,0.780392,0.752941,0.802588,0.700307,0.607333,2.358098
477,217,0.862745,0.745098,0.694118,0.766429,0.55,0.622573,2.423321
310,147,0.835294,0.796078,0.921569,0.813476,1.741081,0.602166,2.335983
208,157,0.772549,0.776471,0.858824,0.781583,0.754488,0.615485,2.392987
356,526,0.843137,0.788235,0.737255,0.796227,0.55,0.607937,2.360682
434,480,0.811765,0.784314,0.823529,0.792981,0.55,0.609034,2.365377
321,429,0.870588,0.772549,0.796078,0.795091,0.55,0.607111,2.357147
385,305,0.819608,0.764706,0.72549,0.773547,2.4,0.616076,2.395512
193,724,0.568627,0.878431,1.0,0.821344,0.657599,0.593581,2.299243
381,342,0.858824,0.752941,0.760784,0.776018,0.592025,0.611271,2.374952
248,633,0.956863,0.921569,0.933333,0.929922,0.863585,0.543272,2.083932
224,468,0.92549,0.862745,0.894118,0.87835,0.616371,0.564918,2.176572
140,182,0.815686,0.72549,0.717647,0.7441,0.55,0.621937,2.420598
236,472,0.945098,0.905882,0.901961,0.913936,2.088912,0.547205,2.100767
261,542,0.878431,0.823529,0.835294,0.836051,0.55,0.578489,2.234653
280,591,0.882353,0.866667,0.937255,0.875098,1.049448,0.560302,2.156819
267,125,0.8,0.764706,0.890196,0.78127,0.55,0.59999,2.326672
474,431,0.882353,0.796078,0.764706,0.812155,0.628347,0.584517,2.260449
242,539,0.945098,0.929412,0.937255,0.933313,2.4,0.532398,2.037397
345,4,0.741176,0.760784,0.639216,0.747838,0.708118,0.611146,2.374417
283,281,0.792157,0.788235,0.870588,0.795015,0.703729,0.59031,2.285241
266,198,0.792157,0.803922,0.913725,0.809348,0.705956,0.583383,2.255595
395,335,0.780392,0.756863,0.827451,0.766962,0.55,0.600931,2.330698
122,0,0.792157,0.733333,0.458824,0.72602,0.55,0.618061,2.404011
245,82,0.666667,0.784314,0.803922,0.760718,0.55,0.602805,2.338717
283,349,0.811765,0.8,0.882353,0.808447,0.55,0.582128,2.250228
81,632,0.756863,0.768627,0.611765,0.754801,0.641359,0.604772,2.347138
334,376,0.847059,0.752941,0.756863,0.773234,1.409681,0.593948,2.300812
180,38,0.764706,0.74902,0.501961,0.734517,0.790919,0.608393,2.362635
254,83,0.796078,0.745098,0.701961,0.752822,0.55,0.59941,2.324187
178,336,0.862745,0.737255,0.717647,0.762518,1.885779,0.592412,2.294241
474,130,0.678431,0.764706,0.756863,0.745798,1.030926,0.599503,2.324586
310,324,0.858824,0.796078,0.827451,0.811683,2.4,0.570476,2.200359
346,317,0.717647,0.752941,0.878431,0.754498,0.55,0.594739,2.304198
266,296,0.882353,0.752941,0.745098,0.779888,0.864918,0.583238,2.254978
251,139,0.784314,0.74902,0.666667,0.750577,0.55,0.594656,2.303842
308,332,0.792157,0.768627,0.858824,0.780142,0.55,0.581917,2.249323
128,634,0.854902,0.729412,0.662745,0.751278,0.55,0.59211,2.292945
430,392,0.831373,0.741176,0.721569,0.758936,0.55,0.588742,2.278531
226,337,0.815686,0.741176,0.760784,0.758433,0.55,0.587882,2.274852
363,118,0.643137,0.745098,0.980392,0.740409,0.657793,0.594881,2.304807
154,326,0.729412,0.733333,0.623529,0.724572,0.55,0.600396,2.328406
190,593,0.8,0.784314,0.913725,0.796992,0.55,0.569045,2.194235
40,695,0.768627,0.729412,0.580392,0.72699,1.454059,0.598995,2.322412
392,221,0.8,0.717647,0.72549,0.735722,0.55,0.595214,2.306231
428,415,0.870588,0.752941,0.709804,0.774838,0.669473,0.573505,2.213324
240,536,0.94902,0.901961,0.917647,0.913098,2.4,0.513883,1.958154
407,3,0.52549,0.756863,0.858824,0.715034,0.657681,0.598741,2.321325
346,642,0.909804,0.760784,0.721569,0.789635,0.557186,0.566769,2.184494
402,640,0.796078,0.803922,0.682353,0.793477,1.552442,0.563677,2.171263
186,561,0.894118,0.756863,0.717647,0.783212,0.55,0.568022,2.189855
44,455,0.831373,0.694118,0.627451,0.718485,0.55,0.59416,2.301719
42,254,0.784314,0.698039,0.701961,0.716664,0.863275,0.594497,2.303164
219,138,0.784314,0.741176,0.670588,0.745251,0.577819,0.580545,2.243452
446,351,0.819608,0.733333,0.721569,0.750826,0.6314,0.577226,2.229248
201,263,0.8,0.737255,0.729412,0.750028,0.55,0.574784,2.218794
252,562,0.87451,0.843137,0.886275,0.852922,0.595142,0.530602,2.02971
276,267,0.776471,0.745098,0.635294,0.74384,2.130501,0.57693,2.22798
233,539,0.956863,0.886275,0.890196,0.901565,0.618614,0.508398,1.934683
92,369,0.776471,0.694118,0.619608,0.706246,0.55,0.592033,2.292617
467,168,0.729412,0.717647,0.658824,0.715901,0.562786,0.586243,2.267837
434,199,0.67451,0.737255,0.827451,0.730428,0.692662,0.579342,2.238303
293,204,0.796078,0.768627,0.85098,0.780409,0.914035,0.557606,2.145277
318,109,0.54902,0.776471,0.945098,0.740289,2.36301,0.574769,2.218733
196,359,0.823529,0.737255,0.74902,0.756446,1.920474,0.566804,2.184642
38,286,0.788235,0.686275,0.603922,0.702005,0.843549,0.58949,2.281734
269,503,0.85098,0.886275,0.972549,0.885,2.4,0.51092,1.945475
346,420,0.678431,0.752941,0.921569,0.749275,0.55,0.568725,2.192865
161,33,0.631373,0.701961,0.713726,0.687803,0.55,0.594229,2.302017
233,99,0.827451,0.745098,0.662745,0.75666,1.164837,0.564169,2.173368
383,0,0.478431,0.764706,0.772549,0.70441,0.55,0.586063,2.267066
245,333,0.815686,0.74902,0.776471,0.765175,0.614794,0.559968,2.155389
370,298,0.729412,0.72549,0.788235,0.730854,0.55,0.573405,2.212895
409,514,0.854902,0.729412,0.709804,0.754675,0.55,0.562859,2.167761
162,502,0.772549,0.721569,0.678431,0.729293,0.55,0.573665,2.214006
135,616,0.623529,0.760784,0.941176,0.744628,0.55,0.566379,2.182824
271,247,0.780392,0.737255,0.576471,0.734817,0.552972,0.57039,2.199992
183,435,0.788235,0.729412,0.737255,0.742484,0.652895,0.563373,2.169961
299,179,0.733333,0.764706,0.901961,0.767946,1.950321,0.55177,2.120302
158,566,0.721569,0.721569,0.878431,0.732894,0.55,0.566557,2.183585
298,221,0.8,0.764706,0.8,0.774758,1.32088,0.544476,2.089086
305,403,0.85098,0.741176,0.733333,0.763955,0.866139,0.549102,2.108882
381,232,0.764706,0.698039,0.686275,0.711363,0.55,0.571568,2.205033
284,459,0.870588,0.788235,0.796078,0.80631,0.632493,0.530425,2.028954
384,543,0.756863,0.74902,0.792157,0.753802,2.066081,0.552356,2.12281
366,331,0.8,0.701961,0.623529,0.717141,0.55,0.567622,2.188144
347,581,0.792157,0.745098,0.854902,0.763031,0.597171,0.547751,2.103101
382,39,0.694118,0.729412,0.490196,0.704637,0.976153,0.570329,2.199729
71,369,0.792157,0.67451,0.607843,0.694708,0.87824,0.57276,2.210132
176,266,0.647059,0.701961,0.819608,0.698783,0.55,0.570925,2.202279
264,473,0.921569,0.85098,0.847059,0.865704,0.820051,0.499335,1.895896
241,434,0.866667,0.811765,0.890196,0.8291,0.639037,0.513598,1.956936
122,543,0.831373,0.690196,0.611765,0.714548,0.55,0.562262,2.165205
326,579,0.803922,0.737255,0.721569,0.750296,0.55,0.54639,2.097276
66,576,0.560784,0.737255,0.905882,0.711912,0.599715,0.562204,2.164958
197,218,0.819608,0.690196,0.596078,0.710914,0.55,0.562549,2.166432
104,524,0.721569,0.690196,0.721569,0.699131,0.55,0.567529,2.187748
251,31,0.690196,0.721569,0.454902,0.695646,0.55,0.568812,2.193239
263,413,0.85098,0.831373,0.921569,0.842053,0.681244,0.505031,1.920272
236,490,0.92549,0.87451,0.882353,0.885915,1.907317,0.484431,1.832111
290,193,0.835294,0.709804,0.654902,0.732519,0.55,0.549579,2.110927
272,257,0.760784,0.721569,0.760784,0.732737,1.483284,0.549111,2.108923
207,626,0.803922,0.780392,0.8,0.78681,1.90499,0.524685,2.004385
369,561,0.764706,0.764706,0.796078,0.766971,0.986055,0.532937,2.039703
288,76,0.666667,0.721569,0.917647,0.724053,0.872875,0.550243,2.113767
8,6,0.333333,0.776471,0.760784,0.681127,1.004476,0.568521,2.191992
308,590,0.792157,0.772549,0.741176,0.774453,0.834442,0.528072,2.018882
423,344,0.631373,0.709804,0.866667,0.704455,0.55,0.557921,2.146628
234,268,0.831373,0.752941,0.729412,0.767917,0.643882,0.530426,2.028957
407,136,0.690196,0.709804,0.537255,0.693177,0.55,0.561881,2.163576
274,491,0.866667,0.764706,0.65098,0.778172,0.55,0.525243,2.006774
339,130,0.67451,0.72549,0.505882,0.698796,0.55,0.55878,2.150305
278,421,0.85098,0.776471,0.74902,0.790329,0.985279,0.519217,1.980984
282,463,0.827451,0.780392,0.701961,0.784734,0.55,0.521404,1.990345
272,196,0.803922,0.698039,0.705882,0.721116,0.55,0.547497,2.102016
226,112,0.803922,0.694118,0.619608,0.712082,0.729413,0.550604,2.115312
259,198,0.756863,0.729412,0.709804,0.733832,0.55,0.541234,2.075212
318,360,0.741176,0.729412,0.85098,0.74069,0.729082,0.538292,2.06262
77,570,0.611765,0.709804,0.835294,0.698021,0.55,0.556522,2.140641
360,321,0.713726,0.701961,0.788235,0.710691,0.55,0.549536,2.110741
201,94,0.639216,0.709804,0.741176,0.697062,0.553594,0.555339,2.135577
255,731,0.611765,0.796078,0.847059,0.760574,0.846636,0.524712,2.004503
356,117,0.529412,0.72549,0.87451,0.694563,0.793535,0.55162,2.119658
426,275,0.741176,0.690196,0.737255,0.704432,0.601895,0.545037,2.091486
222,293,0.827451,0.698039,0.737255,0.728384,0.719164,0.532616,2.038327
443,216,0.752941,0.694118,0.615686,0.700961,0.947661,0.543483,2.084836
299,176,0.678431,0.72549,0.862745,0.725395,2.384934,0.532109,2.036158
297,321,0.811765,0.729412,0.713726,0.745787,0.745643,0.522497,1.99502
262,171,0.733333,0.709804,0.74902,0.717638,1.546403,0.533779,2.043306
439,235,0.717647,0.682353,0.552941,0.680513,0.55,0.548416,2.105949
227,484,0.772549,0.835294,0.92549,0.828467,2.4,0.484455,1.83221
243,557,0.87451,0.854902,0.929412,0.86445,0.988395,0.468605,1.764376
158,319,0.384314,0.756863,0.870588,0.68587,1.202153,0.544563,2.089457
334,580,0.807843,0.713726,0.670588,0.73062,0.64373,0.52536,2.007275
106,571,0.662745,0.694118,0.647059,0.68405,0.55,0.544913,2.090958
245,367,0.796078,0.698039,0.686275,0.718033,0.681828,0.52849,2.020671
229,584,0.803922,0.780392,0.803922,0.787093,0.622741,0.498737,1.893333
278,249,0.752941,0.686275,0.705882,0.701864,0.55,0.534989,2.048486
289,651,0.74902,0.788235,0.478431,0.75753,0.55,0.510844,1.945151
468,616,0.780392,0.721569,0.619608,0.726713,0.618589,0.521799,1.992033
248,510,0.823529,0.819608,0.87451,0.824405,1.974967,0.479811,1.812339
442,398,0.8,0.686275,0.678431,0.709886,0.659426,0.528886,2.022364
275,206,0.698039,0.717647,0.811765,0.720274,0.66007,0.524069,2.00175
345,307,0.72549,0.701961,0.74902,0.710361,1.83958,0.528316,2.019926
347,491,0.752941,0.701961,0.74902,0.716197,0.710769,0.524981,2.005653
271,696,0.85098,0.756863,0.658824,0.769794,1.440729,0.501974,1.907189
58,223,0.803922,0.615686,0.556863,0.651458,0.726914,0.551826,2.120543
294,375,0.670588,0.737255,0.819608,0.729027,2.4,0.518414,1.977547
476,170,0.760784,0.662745,0.615686,0.680191,0.689416,0.538922,2.065316
74,233,0.760784,0.623529,0.560784,0.64818,0.55,0.551487,2.119092
230,499,0.945098,0.972549,1.0,0.968695,1.915537,0.413786,1.529766
118,201,0.682353,0.658824,0.654902,0.663543,0.55,0.543886,2.086562
213,624,0.764706,0.780392,0.913725,0.786684,0.858957,0.49066,1.858768
377,222,0.784314,0.65098,0.603922,0.675929,1.6283,0.537981,2.06129
317,521,0.682353,0.737255,0.831373,0.732378,1.046457,0.513572,1.956824
265,624,0.878431,0.764706,0.729412,0.786336,0.680763,0.490371,1.857531
259,484,0.854902,0.835294,0.913725,0.845125,1.231925,0.463608,1.742991
315,295,0.74902,0.682353,0.537255,0.68605,0.55,0.530701,2.030134
405,359,0.745098,0.67451,0.631373,0.686402,0.579903,0.530545,2.029466
399,3,0.701961,0.631373,0.568627,0.641849,0.600472,0.549092,2.10884
258,551,0.772549,0.764706,0.858824,0.773169,0.564256,0.492397,1.866202
168,723,0.827451,0.686275,0.541176,0.705813,0.55,0.520386,1.985989
100,497,0.74902,0.654902,0.690196,0.67746,0.824551,0.532413,2.037457
288,276,0.607843,0.737255,0.843137,0.717387,0.55,0.515017,1.96301
42,405,0.647059,0.662745,0.784314,0.668187,0.797427,0.534831,2.047809
249,364,0.717647,0.686275,0.760784,0.698324,0.55,0.521613,1.991236
477,462,0.764706,0.717647,0.705882,0.726802,0.55,0.509279,1.938453
240,466,0.858824,0.823529,0.87451,0.834714,1.618334,0.46301,1.740434
126,621,0.54902,0.717647,0.796078,0.68746,0.55,0.524974,2.005621
291,490,0.560784,0.784314,0.858824,0.742171,0.55,0.500246,1.899793
438,213,0.72549,0.662745,0.623529,0.673253,0.716096,0.52935,2.024352
321,721,0.886275,0.717647,0.419608,0.731979,0.55,0.503255,1.912672
49,71,0.627451,0.654902,0.592157,0.644536,2.266477,0.540062,2.070195
418,218,0.52549,0.686275,0.862745,0.664833,0.55,0.527729,2.017412
360,183,0.776471,0.635294,0.603922,0.663043,0.55,0.52714,2.014891
222,634,0.784314,0.764706,0.85098,0.775104,1.12636,0.478434,1.806445
475,284,0.686275,0.670588,0.67451,0.674206,0.655578,0.520569,1.986772
307,341,0.729412,0.717647,0.815686,0.727227,1.784827,0.497414,1.887675
294,638,0.737255,0.733333,0.658824,0.728787,1.376206,0.496377,1.883236
152,362,0.486275,0.690196,0.803922,0.655053,0.55,0.526532,2.012291
489,597,0.709804,0.678431,0.72549,0.688499,0.55,0.511486,1.947896
296,353,0.776471,0.709804,0.682353,0.721995,0.650029,0.496914,1.885533
249,546,0.776471,0.776471,0.87451,0.783549,0.603283,0.470185,1.771143
174,223,0.713726,0.643137,0.658824,0.659277,0.651917,0.522884,1.996676
46,71,0.47451,0.682353,0.760784,0.643828,2.00554,0.529163,2.023552
221,432,0.643137,0.729412,0.835294,0.718714,2.4,0.496549,1.883969
379,636,0.647059,0.701961,0.882353,0.703313,0.55,0.502159,1.907982
59,467,0.729412,0.619608,0.627451,0.643518,0.55,0.527123,2.014819
230,481,0.870588,0.819608,0.796078,0.828748,2.4,0.446876,1.671386
149,56,0.52549,0.666667,0.647059,0.635237,1.547642,0.52968,2.025764
340,502,0.752941,0.686275,0.588235,0.693369,0.55,0.50367,1.914449
249,488,0.980392,0.952941,0.945098,0.958211,2.4,0.389249,1.424756
308,181,0.733333,0.678431,0.658824,0.688688,0.994197,0.504621,1.918519
265,334,0.639216,0.713726,0.882353,0.71006,0.936835,0.495223,1.878298
450,417,0.772549,0.654902,0.772549,0.688408,0.686709,0.504308,1.917176
479,188,0.682353,0.654902,0.67451,0.662154,2.4,0.51499,1.962895
342,437,0.768627,0.662745,0.635294,0.683274,0.650305,0.505862,1.92383
366,196,0.733333,0.643137,0.631373,0.661464,0.667276,0.514975,1.962829
417,572,0.647059,0.698039,0.8,0.694562,0.55,0.50075,1.901952
235,456,0.701961,0.760784,0.890196,0.757622,1.107859,0.472842,1.78251
249,182,0.717647,0.698039,0.756863,0.706455,0.55,0.494647,1.875829
102,714,0.662745,0.682353,0.435294,0.660347,0.55,0.514286,1.95988
144,140,0.690196,0.631373,0.615686,0.642746,0.899931,0.521741,1.991786
288,166,0.607843,0.713726,0.890196,0.703956,2.4,0.4939,1.872632
244,496,0.941176,0.870588,0.882353,0.886445,0.677226,0.415211,1.535867
241,545,0.878431,0.823529,0.843137,0.836617,1.688914,0.436397,1.626539
246,471,0.882353,0.811765,0.866667,0.830736,2.4,0.437258,1.63022
94,603,0.705882,0.631373,0.670588,0.650045,0.55,0.513657,1.957189
157,513,0.772549,0.635294,0.607843,0.662493,0.55,0.507673,1.931581
151,498,0.768627,0.666667,0.556863,0.680416,1.35302,0.499569,1.896895
289,290,0.788235,0.670588,0.698039,0.697582,0.858843,0.489726,1.854772
293,402,0.709804,0.694118,0.780392,0.703682,0.624787,0.486821,1.842336
335,350,0.764706,0.65098,0.647059,0.674875,0.693789,0.498987,1.894406
230,578,0.788235,0.772549,0.780392,0.77645,0.84071,0.454241,1.702906
232,64,0.686275,0.647059,0.701961,0.65936,0.550808,0.504259,1.916968
241,477,0.913725,0.839216,0.894118,0.85902,2.4,0.418226,1.548771
162,393,0.717647,0.643137,0.545098,0.6519,0.625164,0.504555,1.918236
265,302,0.752941,0.670588,0.666667,0.687813,0.690376,0.489126,1.852203
408,366,0.772549,0.623529,0.619608,0.654928,0.55,0.502919,1.911234
107,289,0.603922,0.635294,0.780392,0.6391,2.289275,0.508614,1.935608
178,601,0.784314,0.643137,0.619608,0.671453,0.55,0.494261,1.874179
152,140,0.635294,0.611765,0.603922,0.616201,0.55,0.516825,1.970747
333,410,0.67451,0.678431,0.741176,0.682128,0.608352,0.488469,1.849393
133,601,0.760784,0.654902,0.623529,0.675147,0.915711,0.491285,1.861443
338,480,0.647059,0.678431,0.788235,0.679689,0.55,0.489244,1.852709
107,292,0.682353,0.623529,0.678431,0.639999,2.092361,0.505755,1.923371
496,363,0.701961,0.662745,0.690196,0.673064,0.885005,0.490605,1.858534
271,588,0.776471,0.74902,0.596078,0.743813,0.55,0.45986,1.726951
53,264,0.627451,0.607843,0.6,0.611445,0.55,0.515977,1.967117
325,623,0.768627,0.694118,0.701961,0.710525,0.782165,0.473374,1.78479
9,78,0.611765,0.627451,0.396078,0.607411,0.794397,0.516264,1.968345
239,659,0.670588,0.764706,0.796078,0.746962,2.104193,0.456052,1.710657
198,713,0.439216,0.733333,0.905882,0.683262,0.55,0.48305,1.826199
204,341,0.694118,0.658824,0.639216,0.664911,0.55,0.49026,1.857056
227,156,0.729412,0.658824,0.615686,0.670716,0.962797,0.487245,1.844154
283,566,0.65098,0.752941,0.792157,0.734096,1.13927,0.459913,1.727178
287,428,0.721569,0.733333,0.752941,0.732248,2.4,0.460341,1.729013
113,427,0.721569,0.607843,0.592157,0.630889,0.717461,0.503664,1.914421
333,269,0.513726,0.662745,0.843137,0.644088,0.55,0.497801,1.889329
349,343,0.639216,0.678431,0.717647,0.672926,0.98622,0.485396,1.83624
114,69,0.729412,0.584314,0.466667,0.606667,0.55,0.513329,1.955784
227,191,0.737255,0.65098,0.654902,0.669606,0.590155,0.486106,1.839278
305,351,0.745098,0.654902,0.592157,0.669547,0.55,0.484293,1.831517
125,312,0.694118,0.603922,0.682353,0.62876,0.779418,0.501549,1.905371
310,311,0.701961,0.65098,0.666667,0.662951,0.567754,0.485916,1.838467
213,579,0.807843,0.701961,0.690196,0.723622,1.205127,0.45974,1.726439
31,449,0.572549,0.635294,0.701961,0.626768,0.638311,0.500975,1.902915
59,664,0.772549,0.6,0.52549,0.631304,0.662619,0.498931,1.894166
300,188,0.776471,0.647059,0.592157,0.670608,0.900893,0.480759,1.816394
281,451,0.701961,0.698039,0.803922,0.706518,0.56395,0.465019,1.749031
174,173,0.658824,0.611765,0.564706,0.618372,0.55,0.502717,1.91037
205,394,0.631373,0.686275,0.8,0.682813,2.205329,0.475026,1.791857
237,509,0.878431,0.843137,0.85098,0.851207,1.575972,0.402647,1.482095
317,76,0.65098,0.643137,0.501961,0.634612,0.632474,0.494291,1.874309
188,698,0.701961,0.690196,0.596078,0.685902,0.55,0.471602,1.777205
250,276,0.737255,0.709804,0.662745,0.712242,2.388854,0.46014,1.72815
398,316,0.603922,0.635294,0.686275,0.632305,0.55,0.493278,1.869974
243,485,0.988235,0.992157,1.0,0.991889,2.4,0.339136,1.210288
1,172,0.654902,0.607843,0.564706,0.614733,0.656952,0.500493,1.90085
12,442,0.670588,0.596078,0.47451,0.603142,0.55,0.505352,1.921646
349,285,0.682353,0.627451,0.65098,0.640822,1.043655,0.487366,1.844671
276,546,0.784314,0.686275,0.705882,0.708533,0.55,0.458316,1.720342
291,147,0.662745,0.670588,0.572549,0.661842,1.316703,0.477288,1.801539
240,405,0.6,0.690196,0.807843,0.679515,0.55,0.469194,1.766898
230,169,0.666667,0.65098,0.635294,0.653183,1.122032,0.48039,1.814813
182,637,0.631373,0.67451,0.721569,0.668737,0.55,0.4734,1.784901
26,483,0.662745,0.592157,0.619608,0.609146,0.55,0.498176,1.890933
380,132,0.717647,0.6,0.513726,0.618783,0.807751,0.493957,1.872878
120,293,0.717647,0.576471,0.568627,0.605918,1.72493,0.499322,1.895837
265,216,0.713726,0.654902,0.717647,0.671938,0.954987,0.470575,1.77281
493,616,0.823529,0.619608,0.552941,0.658148,0.55,0.476423,1.797836
197,331,0.717647,0.658824,0.690196,0.673595,0.918277,0.468034,1.761936
351,614,0.686275,0.670588,0.67451,0.674206,1.667725,0.467218,1.758441
380,327,0.67451,0.627451,0.572549,0.633492,0.698924,0.484653,1.83306
275,579,0.796078,0.698039,0.690196,0.718316,0.73592,0.448154,1.676852
229,101,0.352941,0.752941,1.0,0.685739,0.91826,0.46157,1.734271
228,554,0.819608,0.784314,0.796078,0.792667,2.130231,0.415387,1.536618
138,455,0.568627,0.627451,0.8,0.627403,0.891031,0.485577,1.837016
291,559,0.784314,0.666667,0.678431,0.692528,0.650869,0.456836,1.714009
291,378,0.72549,0.654902,0.686275,0.672174,2.4,0.4648,1.748093
392,73,0.698039,0.584314,0.498039,0.602263,0.618415,0.494081,1.873409
451,283,0.678431,0.611765,0.639216,0.62792,0.55,0.482903,1.825572
347,78,0.639216,0.619608,0.611765,0.62321,1.004057,0.484245,1.831315
287,324,0.74902,0.666667,0.678431,0.685024,1.219008,0.457031,1.714845
203,657,0.72549,0.705882,0.639216,0.705238,0.55,0.448301,1.677481
162,406,0.717647,0.615686,0.635294,0.638779,1.589823,0.476476,1.798066
258,43,0.717647,0.580392,0.509804,0.604476,0.669909,0.49038,1.85757
290,318,0.733333,0.643137,0.729412,0.668542,0.55,0.462815,1.739601
229,510,0.74902,0.807843,0.85098,0.798452,0.55,0.405036,1.492321
434,266,0.666667,0.619608,0.596078,0.627914,0.84903,0.477784,1.80366
76,126,0.270588,0.654902,0.815686,0.584805,0.55,0.496059,1.881873
198,207,0.631373,0.627451,0.435294,0.614411,1.367323,0.483339,1.827438
257,343,0.745098,0.705882,0.662745,0.711105,1.786093,0.44145,1.648162
106,314,0.67451,0.580392,0.588235,0.600968,0.699228,0.487827,1.846646
204,626,0.784314,0.678431,0.647059,0.698677,2.122925,0.444202,1.659942
260,620,0.631373,0.745098,0.792157,0.724318,0.55,0.432709,1.610753
263,128,0.521569,0.67451,0.607843,0.637181,0.55,0.47001,1.770391
262,529,0.521569,0.694118,0.882353,0.671024,0.599765,0.454657,1.704684
383,546,0.596078,0.658824,0.815686,0.656809,2.361499,0.460732,1.730683
285,716,0.635294,0.709804,0.796078,0.700192,0.672069,0.44179,1.649618
267,164,0.580392,0.643137,0.768627,0.638858,1.486092,0.46796,1.761619
351,320,0.694118,0.611765,0.623529,0.630122,0.692538,0.471646,1.777392
351,656,0.639216,0.682353,0.631373,0.669501,0.55,0.453863,1.701288
317,344,0.729412,0.623529,0.541176,0.640094,0.55,0.466323,1.754614
3,586,0.686275,0.576471,0.494118,0.593869,0.55,0.486,1.838825
253,616,0.67451,0.776471,0.901961,0.763854,0.55,0.412959,1.526228
349,218,0.705882,0.596078,0.584314,0.618573,1.041212,0.47486,1.791148
405,94,0.490196,0.615686,0.690196,0.594387,0.55,0.485084,1.834906
251,510,0.74902,0.705882,0.72549,0.716469,2.116436,0.432417,1.609503
60,162,0.623529,0.588235,0.619608,0.598004,2.075862,0.483028,1.826104
445,425,0.576471,0.662745,0.815686,0.655446,0.55,0.457656,1.717519
291,367,0.572549,0.670588,0.8,0.659089,0.73212,0.45608,1.710775
410,601,0.627451,0.670588,0.443137,0.644995,0.55,0.461672,1.734707
372,365,0.478431,0.654902,0.792157,0.627294,0.55,0.466171,1.753963
199,289,0.721569,0.603922,0.458824,0.618457,0.55,0.46993,1.770049
38,544,0.431373,0.635294,0.792157,0.603266,2.4,0.475547,1.794089
241,553,0.8,0.788235,0.788235,0.790736,2.4,0.394971,1.449244
206,397,0.745098,0.662745,0.611765,0.676573,2.119486,0.443601,1.657368
196,46,0.541176,0.588235,0.705882,0.586725,0.55,0.481968,1.821567
53,699,0.572549,0.603922,0.466667,0.587342,0.55,0.481197,1.81827
332,383,0.713726,0.6,0.615686,0.625311,0.600901,0.46474,1.747837
83,604,0.698039,0.603922,0.470588,0.614304,0.733181,0.468543,1.764113
103,69,0.537255,0.584314,0.556863,0.572327,0.55,0.486492,1.840931
386,527,0.694118,0.643137,0.552941,0.647464,1.626574,0.4542,1.702731
411,21,0.443137,0.627451,0.643137,0.589398,0.890683,0.478556,1.806967
254,409,0.678431,0.733333,0.843137,0.729589,0.694739,0.417399,1.545232
341,309,0.72549,0.635294,0.65098,0.655602,1.069319,0.448551,1.678553
276,314,0.686275,0.654902,0.721569,0.666385,1.734721,0.443139,1.655392
423,446,0.752941,0.619608,0.607843,0.647105,2.203836,0.451242,1.690068
307,119,0.576471,0.615686,0.643137,0.609331,0.55,0.466919,1.757164
96,463,0.584314,0.611765,0.360784,0.587808,0.55,0.475695,1.794722
45,412,0.478431,0.603922,0.709804,0.584887,0.55,0.476905,1.7999
382,302,0.631373,0.592157,0.670588,0.606157,2.4,0.467735,1.760655
12,260,0.47451,0.592157,0.854902,0.586115,0.75447,0.476229,1.797006
277,566,0.631373,0.72549,0.835294,0.713409,1.712256,0.420124,1.556895
227,478,0.698039,0.745098,0.890196,0.745569,2.4,0.405193,1.492991
231,452,0.788235,0.698039,0.635294,0.712685,0.682477,0.41888,1.551569
126,120,0.545098,0.568627,0.666667,0.570704,0.55,0.479469,1.810874
290,485,0.721569,0.65098,0.678431,0.667969,0.654221,0.437692,1.632079
411,82,0.701961,0.556863,0.454902,0.580349,0.688138,0.474778,1.790796
271,388,0.694118,0.647059,0.733333,0.663293,0.713258,0.437695,1.632092
170,196,0.498039,0.6,0.752941,0.589366,0.55,0.468367,1.763359
354,507,0.447059,0.67451,0.870588,0.640311,0.55,0.446033,1.667775
449,526,0.647059,0.627451,0.686275,0.635867,0.569208,0.446988,1.671862
454,495,0.72549,0.619608,0.623529,0.642402,0.78093,0.444119,1.659584
214,42,0.611765,0.596078,0.576471,0.597998,0.64208,0.46247,1.738122
210,399,0.733333,0.623529,0.635294,0.647723,2.28916,0.441133,1.646807
449,338,0.701961,0.584314,0.529412,0.605362,0.55,0.458534,1.721279
213,25,0.517647,0.596078,0.54902,0.576006,0.618114,0.469887,1.769865
65,475,0.494118,0.596078,0.788235,0.588275,0.589753,0.463426,1.742213
13,180,0.611765,0.552941,0.447059,0.557802,0.55,0.47534,1.793201
190,503,0.662745,0.627451,0.67451,0.638352,0.55,0.440655,1.64476
162,598,0.627451,0.627451,0.741176,0.635662,0.55,0.441347,1.647721
255,370,0.666667,0.619608,0.588235,0.627347,0.55,0.444505,1.661236
134,292,0.678431,0.564706,0.545098,0.587468,0.853951,0.461238,1.732852
383,333,0.65098,0.603922,0.517647,0.607697,0.708249,0.451379,1.690654
252,500,0.898039,0.807843,0.776471,0.824754,1.04817,0.357665,1.289584
277,231,0.741176,0.6,0.639216,0.632846,0.657487,0.439754,1.640905
152,502,0.705882,0.603922,0.619608,0.626731,1.580652,0.441462,1.648213
171,426,0.631373,0.619608,0.623529,0.622392,1.746976,0.442611,1.653132
267,667,0.690196,0.686275,0.717647,0.689373,0.55,0.413071,1.526707
201,413,0.698039,0.619608,0.619608,0.636282,0.680864,0.434801,1.619707
335,177,0.576471,0.592157,0.572549,0.587406,0.55,0.455303,1.707452
17,0,0.541176,0.592157,0.168627,0.55074,0.55,0.470507,1.772518
115,534,0.568627,0.592157,0.643137,0.590835,1.232788,0.452804,1.696756
353,196,0.619608,0.572549,0.623529,0.586235,0.55,0.454673,1.704753
388,210,0.607843,0.584314,0.541176,0.586202,0.624238,0.454555,1.704249
197,659,0.67451,0.654902,0.560784,0.652275,0.55,0.425937,1.581772
344,398,0.6,0.615686,0.713726,0.61943,1.341912,0.439417,1.63946
273,541,0.756863,0.654902,0.666667,0.677428,0.704048,0.414514,1.532882
253,356,0.67451,0.654902,0.784314,0.668414,0.559023,0.418076,1.548129
276,657,0.737255,0.666667,0.588235,0.676011,0.671859,0.41472,1.533764
293,313,0.6,0.65098,0.772549,0.648919,1.688021,0.426029,1.582165
175,337,0.619608,0.611765,0.466667,0.602956,2.4,0.445398,1.665058
134,211,0.580392,0.580392,0.4,0.567368,0.683751,0.460558,1.729941
108,479,0.705882,0.560784,0.501961,0.587385,1.12602,0.4517,1.69203
40,202,0.458824,0.592157,0.654902,0.56834,1.535859,0.459544,1.725599
346,277,0.588235,0.588235,0.701961,0.596446,0.636213,0.447378,1.673534
3,361,0.623529,0.556863,0.560784,0.571319,0.792888,0.458041,1.719167
211,357,0.72549,0.603922,0.47451,0.620424,0.571476,0.436335,1.626272
312,144,0.639216,0.623529,0.564706,0.622617,2.4,0.43395,1.616064
300,495,0.67451,0.635294,0.666667,0.645896,1.003793,0.423306,1.570512
133,675,0.705882,0.592157,0.501961,0.609823,0.630306,0.438137,1.633986
357,451,0.564706,0.619608,0.784314,0.619827,0.964487,0.433174,1.612743
221,270,0.686275,0.619608,0.509804,0.625853,0.656194,0.429568,1.597311
264,354,0.713726,0.682353,0.741176,0.69327,0.55,0.400362,1.472317
142,350,0.576471,0.588235,0.47451,0.577523,0.55,0.448928,1.680165
83,187,0.654902,0.537255,0.533333,0.561984,1.285562,0.454914,1.705784
385,73,0.152941,0.654902,0.807843,0.559227,0.55,0.455946,1.710201
210,574,0.756863,0.662745,0.576471,0.676525,0.974389,0.405403,1.493891
102,268,0.627451,0.556863,0.541176,0.570737,0.717154,0.449807,1.683927
324,526,0.701961,0.615686,0.607843,0.633462,1.200152,0.422373,1.566517
298,735,0.6,0.639216,0.65098,0.631728,0.55,0.421992,1.564889
308,414,0.627451,0.619608,0.713726,0.628071,1.749628,0.423379,1.570823
454,475,0.717647,0.603922,0.54902,0.624136,0.682398,0.424413,1.57525
343,228,0.678431,0.564706,0.537255,0.586902,0.955759,0.44004,1.642128
411,355,0.572549,0.596078,0.65098,0.59504,0.55,0.43635,1.626338
115,582,0.678431,0.560784,0.529412,0.583531,0.55,0.44092,1.645894
312,341,0.623529,0.611765,0.713726,0.621627,0.734683,0.423735,1.572347
7,594,0.309804,0.623529,0.752941,0.566175,0.711712,0.446427,1.669463
227,456,0.847059,0.658824,0.623529,0.696294,0.867289,0.390303,1.429267
460,407,0.639216,0.6,0.623529,0.610036,1.69082,0.426764,1.585311
317,46,0.376471,0.639216,0.694118,0.58732,2.4,0.436472,1.626859
143,394,0.388235,0.603922,0.729412,0.567127,0.55,0.444142,1.659683
259,563,0.752941,0.686275,0.717647,0.702713,0.998244,0.383803,1.40145
89,508,0.596078,0.560784,0.498039,0.563758,0.55,0.443335,1.656228
157,426,0.529412,0.584314,0.592157,0.573208,0.55,0.438367,1.634966
187,442,0.658824,0.6,0.658824,0.616753,0.96342,0.419375,1.553687
455,168,0.372549,0.588235,0.819608,0.559085,0.55,0.444057,1.659321
323,264,0.380392,0.623529,0.780392,0.583164,1.18544,0.433227,1.612972
331,545,0.627451,0.611765,0.541176,0.610003,0.55,0.421313,1.561983
342,119,0.533333,0.572549,0.615686,0.567326,0.782643,0.439541,1.639991
321,149,0.639216,0.568627,0.6,0.5859,0.704927,0.430534,1.601445
243,474,0.760784,0.745098,0.847059,0.755795,2.4,0.357097,1.287153
124,203,0.662745,0.521569,0.486275,0.549035,0.55,0.445276,1.664535
276,350,0.529412,0.670588,0.843137,0.653032,0.55,0.400625,1.473442
253,259,0.635294,0.611765,0.643137,0.619032,0.735071,0.414777,1.534009
310,230,0.603922,0.592157,0.435294,0.583333,0.55,0.429462,1.596858
366,314,0.662745,0.564706,0.462745,0.578187,1.608944,0.431625,1.606113
274,682,0.603922,0.65098,0.729412,0.646638,0.572631,0.402212,1.480236
335,430,0.643137,0.592157,0.603922,0.603845,0.767573,0.420483,1.558428
223,320,0.647059,0.6,0.529412,0.604908,0.725003,0.419318,1.553445
421,176,0.329412,0.607843,0.737255,0.557992,0.55,0.438076,1.633725
292,309,0.545098,0.65098,0.807843,0.639795,1.746165,0.40235,1.480824
172,669,0.435294,0.627451,0.87451,0.604436,0.926067,0.417351,1.545025
270,36,0.160784,0.662745,0.85098,0.569619,0.55,0.432104,1.608163
255,483,0.85098,0.760784,0.776471,0.781093,2.4,0.341032,1.218402
319,247,0.564706,0.623529,0.803922,0.624048,2.4,0.408259,1.506114
277,258,0.505882,0.596078,0.705882,0.584831,0.55,0.425048,1.577966
193,336,0.737255,0.556863,0.462745,0.588419,1.592625,0.423469,1.57121
236,660,0.831373,0.639216,0.686275,0.683466,2.087445,0.382376,1.395341
201,336,0.67451,0.580392,0.580392,0.600402,0.792424,0.417882,1.547297
170,600,0.592157,0.603922,0.572549,0.599155,0.55,0.418315,1.549152
109,646,0.631373,0.560784,0.533333,0.573809,0.699074,0.428021,1.590691
213,590,0.694118,0.65098,0.760784,0.668079,1.177918,0.387231,1.41612
233,251,0.643137,0.615686,0.611765,0.621239,0.646989,0.406995,1.500705
254,104,0.392157,0.6,0.788235,0.569403,0.55,0.42912,1.595392
3,266,0.509804,0.545098,0.603922,0.541842,1.422917,0.440897,1.645797
403,226,0.596078,0.556863,0.541176,0.564067,0.661963,0.431095,1.603847
360,58,0.52549,0.564706,0.435294,0.547025,0.731002,0.438175,1.634147
81,681,0.529412,0.572549,0.501961,0.558282,0.55,0.432196,1.608558
262,187,0.592157,0.592157,0.701961,0.600085,1.112779,0.413311,1.527736
362,472,0.576471,0.592157,0.67451,0.594768,0.717568,0.415401,1.536678
340,338,0.647059,0.572549,0.592157,0.589805,1.184988,0.417049,1.543735
305,540,0.72549,0.596078,0.584314,0.622742,0.55,0.402861,1.483012
173,133,0.54902,0.54902,0.564706,0.550152,0.776827,0.433653,1.614793
193,574,0.741176,0.615686,0.564706,0.638685,2.4,0.395521,1.451599
67,624,0.631373,0.564706,0.458824,0.571235,2.170216,0.424338,1.574929
205,121,0.568627,0.560784,0.584314,0.564151,0.723881,0.426986,1.586259
237,294,0.666667,0.596078,0.466667,0.601742,1.225914,0.410641,1.516308
334,434,0.658824,0.568627,0.576471,0.588369,0.55,0.415811,1.538434
211,532,0.741176,0.647059,0.643137,0.666785,1.557839,0.381443,1.391349
14,645,0.580392,0.52549,0.541176,0.538295,0.55,0.436378,1.626456
54,90,0.321569,0.584314,0.627451,0.531569,0.783133,0.439177,1.638436
288,178,0.701961,0.568627,0.529412,0.594143,1.259014,0.412185,1.522915
384,509,0.662745,0.596078,0.635294,0.613083,1.676316,0.40358,1.48609
220,50,0.568627,0.552941,0.478431,0.550896,0.55,0.430212,1.600069
233,705,0.619608,0.631373,0.705882,0.634251,0.88669,0.393001,1.440813
244,265,0.635294,0.615686,0.478431,0.609945,0.55,0.403397,1.485306
437,332,0.647059,0.552941,0.494118,0.568704,0.821314,0.420718,1.559434
262,434,0.701961,0.65098,0.631373,0.660403,2.4,0.381219,1.390392
217,330,0.623529,0.564706,0.482353,0.571266,0.55,0.418353,1.549315
194,513,0.619608,0.607843,0.705882,0.617423,0.713329,0.398411,1.463965
224,362,0.713726,0.580392,0.537255,0.605624,2.393993,0.403447,1.48552
203,374,0.639216,0.568627,0.560784,0.583068,0.684027,0.412821,1.525639
333,139,0.298039,0.611765,0.764706,0.556109,0.55,0.424,1.573483
362,560,0.627451,0.6,0.443137,0.594511,2.025267,0.407495,1.502844
341,298,0.501961,0.576471,0.733333,0.571955,0.997795,0.416999,1.543518
166,359,0.631373,0.533333,0.494118,0.551345,1.013634,0.425266,1.5789
135,507,0.47451,0.572549,0.717647,0.562182,0.55,0.420311,1.557693
304,340,0.329412,0.686275,0.862745,0.623147,2.382138,0.393413,1.442579
329,455,0.619608,0.584314,0.603922,0.593233,0.734745,0.406028,1.496567
312,365,0.647059,0.556863,0.533333,0.57434,0.645575,0.4141,1.531112
85,553,0.654902,0.533333,0.462745,0.554082,0.55,0.422469,1.566931
479,536,0.627451,0.568627,0.639216,0.58623,0.724815,0.40824,1.506035
255,528,0.627451,0.611765,0.690196,0.620762,1.871155,0.393333,1.442234
281,533,0.752941,0.615686,0.556863,0.64062,1.754774,0.384782,1.40564
269,348,0.741176,0.619608,0.631373,0.646303,0.946702,0.382106,1.394186
105,261,0.65098,0.513726,0.443137,0.537809,0.709273,0.428596,1.593152
76,502,0.576471,0.537255,0.501961,0.543044,0.55,0.426131,1.582603
51,350,0.658824,0.509804,0.458824,0.537805,0.731428,0.428318,1.59196
143,372,0.498039,0.552941,0.509804,0.538155,0.55,0.42745,1.588246
232,314,0.603922,0.584314,0.490196,0.581687,0.55,0.408331,1.506424
242,98,0.541176,0.572549,0.6,0.567861,1.771,0.414034,1.530828
149,370,0.588235,0.552941,0.407843,0.549969,0.55,0.421079,1.56098
272,621,0.635294,0.631373,0.760784,0.64155,0.908678,0.380975,1.389344
208,603,0.682353,0.643137,0.752941,0.659402,0.866024,0.372994,1.35519
354,190,0.564706,0.552941,0.662745,0.56337,1.825353,0.413707,1.529431
65,621,0.588235,0.556863,0.411765,0.553057,2.4,0.417962,1.547638
445,323,0.627451,0.552941,0.564706,0.569631,0.807984,0.410502,1.515716
376,196,0.619608,0.54902,0.270588,0.543924,0.55,0.420723,1.559457
158,689,0.34902,0.615686,0.823529,0.573999,0.55,0.405836,1.495745
248,169,0.627451,0.603922,0.584314,0.607508,1.465462,0.391436,1.434115
291,446,0.619608,0.623529,0.701961,0.628358,2.148864,0.382393,1.395414
429,458,0.603922,0.568627,0.541176,0.574149,0.55,0.40553,1.494435
60,159,0.411765,0.560784,0.682353,0.53788,2.247806,0.420822,1.559879
376,357,0.6,0.560784,0.501961,0.564875,0.571932,0.408437,1.506876
171,396,0.584314,0.552941,0.482353,0.554515,0.55,0.412714,1.525181
308,207,0.4,0.619608,0.831373,0.588209,2.4,0.398031,1.462342
452,198,0.529412,0.556863,0.388235,0.538852,0.55,0.41872,1.550883
142,411,0.67451,0.54902,0.14902,0.546819,0.716943,0.414845,1.534301
259,746,0.4,0.647059,0.772549,0.603594,0.931218,0.390292,1.429218
273,433,0.713726,0.623529,0.584314,0.639874,1.021399,0.374561,1.361897
474,276,0.647059,0.529412,0.466667,0.549893,0.604747,0.412951,1.526195
436,697,0.65098,0.537255,0.568627,0.563698,0.55,0.406541,1.498761
176,481,0.623529,0.568627,0.517647,0.576619,0.771533,0.400645,1.473527
287,334,0.611765,0.631373,0.67451,0.630318,2.251503,0.376807,1.371509
279,605,0.756863,0.603922,0.635294,0.638702,0.595713,0.37272,1.354018
271,152,0.47451,0.580392,0.694118,0.566093,0.55,0.403726,1.486714
286,111,0.478431,0.576471,0.639216,0.560158,0.55,0.405988,1.496393
396,330,0.54902,0.560784,0.505882,0.554319,2.4,0.407807,1.50418
32,525,0.478431,0.564706,0.584314,0.54778,2.215454,0.409563,1.511696
53,237,0.509804,0.505882,0.666667,0.518325,0.690007,0.421715,1.563703
296,419,0.619608,0.6,0.698039,0.611247,1.864883,0.381485,1.391531
298,288,0.639216,0.580392,0.54902,0.590633,0.847563,0.389959,1.427794
273,265,0.298039,0.615686,0.764706,0.558914,2.4,0.403103,1.48405
316,98,0.396078,0.572549,0.729412,0.546357,0.886533,0.407139,1.501323
236,544,0.698039,0.733333,0.8,0.730643,2.280288,0.327985,1.162565
398,534,0.639216,0.560784,0.588235,0.579441,0.656657,0.391622,1.43491
335,493,0.639216,0.576471,0.607843,0.592075,0.76855,0.386141,1.411457
386,353,0.6,0.556863,0.458824,0.558955,0.681225,0.400093,1.471166
222,512,0.803922,0.678431,0.705882,0.707093,2.082715,0.336574,1.199322
192,88,0.556863,0.529412,0.470588,0.531001,1.327547,0.411309,1.519166
248,417,0.509804,0.65098,0.764706,0.629177,2.4,0.368812,1.337291
246,563,0.815686,0.631373,0.662745,0.672823,2.013954,0.349935,1.256505
320,134,0.443137,0.568627,0.737255,0.554123,0.776294,0.400306,1.472077
215,373,0.592157,0.552941,0.556863,0.561562,0.914464,0.396681,1.456564
236,301,0.756863,0.52549,0.537255,0.575529,1.405288,0.390633,1.430679
81,366,0.517647,0.501961,0.533333,0.507561,0.55,0.419583,1.554576
264,460,0.643137,0.760784,0.886275,0.744833,1.506484,0.317563,1.117962
315,744,0.592157,0.584314,0.533333,0.5823,0.610715,0.387201,1.41599
303,164,0.423529,0.584314,0.713726,0.559474,0.55,0.394641,1.447833
254,362,0.560784,0.615686,0.721569,0.611659,0.70433,0.371233,1.347654
156,132,0.505882,0.521569,0.509804,0.517384,1.713695,0.411325,1.519237
271,411,0.701961,0.607843,0.623529,0.628985,0.979723,0.362157,1.308811
208,591,0.694118,0.6,0.576471,0.618311,0.55,0.366534,1.327541
266,358,0.533333,0.654902,0.803922,0.639816,0.742529,0.356838,1.286046
92,340,0.407843,0.529412,0.564706,0.506115,0.55,0.41387,1.530126
378,19,0.490196,0.529412,0.247059,0.500689,0.55,0.415791,1.53835
227,285,0.623529,0.552941,0.607843,0.571912,0.55,0.384848,1.405921
250,481,0.827451,0.752941,0.815686,0.773312,1.456194,0.298003,1.034248
363,486,0.596078,0.545098,0.576471,0.558202,0.55,0.39003,1.428097
137,709,0.564706,0.556863,0.447059,0.550602,0.58931,0.3927,1.439528
145,540,0.529412,0.541176,0.619608,0.544338,0.55,0.395319,1.450736
266,735,0.623529,0.572549,0.556863,0.582255,0.686484,0.378155,1.377276
250,297,0.623529,0.556863,0.478431,0.565373,0.55,0.385201,1.407431
247,329,0.529412,0.572549,0.596078,0.565077,0.55,0.38521,1.407471
118,276,0.666667,0.466667,0.462745,0.508904,0.55,0.409169,1.510009
158,640,0.443137,0.572549,0.819608,0.562874,0.55,0.38589,1.410382
373,640,0.290196,0.639216,0.823529,0.578322,0.587264,0.377972,1.376496
417,642,0.454902,0.596078,0.690196,0.57286,0.754685,0.380245,1.386222
257,578,0.717647,0.647059,0.67451,0.664048,1.479114,0.340785,1.217342
196,491,0.65098,0.568627,0.521569,0.582738,1.033706,0.375417,1.365559
289,303,0.639216,0.560784,0.537255,0.57576,0.55,0.378393,1.378294
435,165,0.490196,0.537255,0.596078,0.531497,0.884309,0.397054,1.458162
462,187,0.403922,0.533333,0.776471,0.523375,0.55,0.400507,1.472936
213,618,0.603922,0.615686,0.678431,0.617715,0.55,0.359969,1.299446
286,337,0.584314,0.607843,0.745098,0.612751,2.369425,0.361737,1.307013
75,138,0.368627,0.529412,0.572549,0.498344,0.55,0.410633,1.516276
41,194,0.6,0.466667,0.537255,0.50011,0.55,0.409288,1.510517
298,255,0.333333,0.588235,0.815686,0.550465,1.422156,0.386703,1.41386
244,206,0.647059,0.580392,0.607843,0.596547,1.603453,0.366634,1.327971
148,724,0.34902,0.584314,0.639216,0.538254,0.55,0.39139,1.43392
206,573,0.701961,0.6,0.505882,0.614882,0.990334,0.357724,1.289839
481,631,0.576471,0.545098,0.596078,0.555449,0.738723,0.382959,1.397836
273,125,0.564706,0.537255,0.54902,0.54394,0.641954,0.387791,1.418518
240,473,0.764706,0.717647,0.815686,0.73473,2.20241,0.30583,1.067746
442,184,0.376471,0.541176,0.831373,0.527112,0.810593,0.394558,1.447478
175,405,0.615686,0.541176,0.419608,0.54824,0.786381,0.384291,1.403539
409,450,0.6,0.545098,0.552941,0.557337,1.225564,0.380188,1.385979
269,433,0.678431,0.596078,0.592157,0.613304,1.714166,0.355833,1.281746
23,189,0.478431,0.505882,0.431373,0.494667,0.577242,0.406319,1.497811
354,110,0.619608,0.478431,0.513726,0.510994,0.55,0.398671,1.465079
237,502,0.772549,0.745098,0.835294,0.757446,1.226537,0.292849,1.012192
486,262,0.560784,0.521569,0.470588,0.526225,0.612805,0.39193,1.436232
244,551,0.741176,0.67451,0.737255,0.693213,2.395502,0.320201,1.12925
246,468,0.690196,0.698039,0.776471,0.702034,2.4,0.316153,1.111923
228,650,0.631373,0.639216,0.717647,0.643211,1.180737,0.341281,1.219464
14,547,0.364706,0.537255,0.694118,0.511896,0.590941,0.397362,1.459476
90,222,0.54902,0.490196,0.458824,0.500437,1.357033,0.401714,1.478101
317,382,0.45098,0.552941,0.647059,0.53806,0.55,0.385589,1.409092
218,275,0.615686,0.54902,0.462745,0.556964,2.094045,0.377449,1.374257
226,557,0.737255,0.631373,0.635294,0.654166,2.4,0.335714,1.195643
35,525,0.603922,0.501961,0.407843,0.516842,2.139743,0.39295,1.440596
249,568,0.709804,0.658824,0.717647,0.673909,2.4,0.325317,1.151145
275,158,0.415686,0.564706,0.619608,0.536988,1.821245,0.383765,1.401287
71,431,0.631373,0.478431,0.352941,0.501886,1.888689,0.398456,1.464159
212,81,0.533333,0.517647,0.478431,0.518151,0.55,0.391059,1.432501
417,403,0.654902,0.537255,0.403922,0.55264,1.538782,0.375213,1.364688
336,262,0.470588,0.52549,0.678431,0.52486,0.688133,0.386985,1.415069
233,534,0.831373,0.701961,0.729412,0.731456,2.4,0.298118,1.03474
313,575,0.705882,0.545098,0.47451,0.574184,0.55,0.365349,1.322472
230,679,0.611765,0.584314,0.635294,0.593831,0.55,0.356593,1.284998
284,745,0.615686,0.54902,0.494118,0.559229,0.55,0.371265,1.347789
277,287,0.564706,0.552941,0.615686,0.559973,0.853184,0.370889,1.346182
412,95,0.137255,0.588235,0.72549,0.502267,0.724916,0.394708,1.448121
77,116,0.466667,0.521569,0.247059,0.490077,1.015851,0.399713,1.469541
263,666,0.717647,0.607843,0.607843,0.631187,0.671549,0.338949,1.209485
229,211,0.658824,0.52549,0.47451,0.550156,0.55,0.373409,1.356967
371,700,0.439216,0.576471,0.560784,0.546158,0.608033,0.375053,1.364
310,105,0.643137,0.478431,0.486275,0.514014,0.55,0.388725,1.422512
291,698,0.6,0.572549,0.639216,0.583198,1.101987,0.358498,1.293152
334,421,0.447059,0.545098,0.729412,0.537562,0.599635,0.377592,1.374866
286,206,0.584314,0.552941,0.639216,0.56584,0.918154,0.365146,1.321604
473,545,0.509804,0.545098,0.709804,0.549486,0.55,0.371825,1.350187
440,327,0.517647,0.529412,0.592157,0.531441,0.700101,0.379521,1.383123
241,175,0.380392,0.568627,0.713726,0.539085,0.55,0.376113,1.368539
83,88,0.517647,0.462745,0.552941,0.480929,0.55,0.400771,1.47407
35,547,0.254902,0.556863,0.709804,0.503708,2.4,0.39098,1.432166
253,234,0.635294,0.552941,0.623529,0.575546,1.311409,0.359696,1.298277
254,436,0.65098,0.6,0.584314,0.609706,0.658099,0.344871,1.234832
317,467,0.627451,0.541176,0.498039,0.556404,2.040789,0.367228,1.330512
203,387,0.360784,0.584314,0.780392,0.550948,0.55,0.369408,1.339844
303,606,0.603922,0.6,0.490196,0.592906,0.605993,0.351025,1.26117
251,448,0.627451,0.588235,0.529412,0.592326,1.286747,0.35058,1.259262
287,631,0.564706,0.576471,0.662745,0.580198,1.628245,0.35572,1.281262
300,430,0.627451,0.54902,0.529412,0.564278,0.702454,0.361982,1.308059
251,555,0.576471,0.647059,0.756863,0.63998,0.55,0.329311,1.168237
420,515,0.505882,0.545098,0.709804,0.548653,0.55,0.368431,1.335661
385,96,0.588235,0.482353,0.45098,0.502598,0.55,0.388154,1.42007
227,503,0.803922,0.709804,0.729412,0.731229,2.4,0.28983,0.999269
134,648,0.517647,0.545098,0.47451,0.534166,0.55,0.37354,1.357528
493,224,0.6,0.494118,0.435294,0.512381,0.697013,0.381999,1.393729
445,80,0.466667,0.505882,0.372549,0.487918,0.55,0.39179,1.435629
385,586,0.545098,0.552941,0.533333,0.549858,0.594698,0.365191,1.321796
341,348,0.607843,0.505882,0.537255,0.529824,0.55,0.37345,1.357142
49,170,0.329412,0.505882,0.807843,0.490166,1.050007,0.390357,1.429499
334,687,0.631373,0.54902,0.588235,0.569359,0.929525,0.355963,1.282302
144,655,0.341176,0.580392,0.737255,0.54086,0.838757,0.368041,1.33399
313,206,0.505882,0.533333,0.631373,0.534576,2.031438,0.370413,1.344142
141,477,0.490196,0.509804,0.505882,0.505352,0.55,0.382935,1.397736
281,398,0.572549,0.584314,0.643137,0.58606,0.55,0.348239,1.249243
309,552,0.564706,0.541176,0.690196,0.556938,2.020205,0.360333,1.301006
77,414,0.486275,0.490196,0.517647,0.491344,0.55,0.388231,1.420399
91,262,0.431373,0.482353,0.556863,0.476894,0.55,0.393354,1.442324
459,545,0.509804,0.556863,0.568627,0.547707,0.66378,0.36297,1.312288
444,405,0.572549,0.521569,0.509804,0.531558,0.55,0.367947,1.333591
177,688,0.615686,0.537255,0.498039,0.551098,1.729674,0.359366,1.296865
296,464,0.596078,0.54902,0.584314,0.561573,1.697366,0.354386,1.275551
460,386,0.529412,0.52549,0.490196,0.523776,0.55,0.370549,1.344727
139,523,0.533333,0.498039,0.552941,0.509507,0.55,0.376405,1.369786
286,259,0.227451,0.611765,0.796078,0.543367,0.932624,0.3618,1.307283
125,479,0.321569,0.533333,0.701961,0.500487,0.631615,0.379945,1.384938
78,460,0.529412,0.494118,0.337255,0.490296,0.55,0.384252,1.40337
140,466,0.67451,0.494118,0.333333,0.52086,0.714312,0.370965,1.346507
466,287,0.588235,0.494118,0.505882,0.514977,0.58944,0.373294,1.356474
467,66,0.321569,0.509804,0.658824,0.480544,0.55,0.387955,1.419219
487,311,0.462745,0.529412,0.584314,0.519202,0.800454,0.371336,1.348093
85,22,0.470588,0.458824,0.466667,0.461891,0.55,0.394685,1.448021
320,48,0.203922,0.572549,0.803922,0.510884,2.4,0.37315,1.355856
94,540,0.482353,0.517647,0.454902,0.505613,0.55,0.3749,1.363348
227,341,0.294118,0.572549,0.756863,0.526662,0.55,0.365605,1.323567
162,204,0.584314,0.490196,0.172549,0.487271,0.55,0.382273,1.394899
407,90,0.164706,0.572549,0.733333,0.49745,0.55,0.377472,1.374352
48,287,0.313726,0.517647,0.635294,0.482787,0.55,0.383572,1.40046
355,646,0.584314,0.541176,0.505882,0.547799,0.55,0.355658,1.280997
368,484,0.482353,0.541176,0.67451,0.538297,0.55,0.35968,1.298208
145,574,0.560784,0.509804,0.584314,0.526022,0.55,0.364376,1.318306
138,195,0.482353,0.482353,0.462745,0.480937,0.55,0.383557,1.400394
335,21,0.517647,0.501961,0.266667,0.488308,1.954579,0.380335,1.386608
206,112,0.541176,0.52549,0.262745,0.509855,2.078524,0.370481,1.344435
403,222,0.454902,0.501961,0.596078,0.498751,0.55,0.374712,1.362544
186,189,0.564706,0.494118,0.501961,0.509691,0.857931,0.369257,1.339195
263,100,0.384314,0.533333,0.639216,0.509296,0.636984,0.369063,1.338367
120,238,0.54902,0.466667,0.447059,0.482759,0.686784,0.379904,1.384763
170,693,0.447059,0.552941,0.564706,0.53128,0.55,0.358982,1.295221
249,279,0.686275,0.572549,0.580392,0.597293,2.4,0.330339,1.172637
361,337,0.556863,0.521569,0.443137,0.523409,0.677539,0.360605,1.30217
349,587,0.552941,0.560784,0.498039,0.554587,1.807672,0.346635,1.242381
375,227,0.321569,0.537255,0.701961,0.503292,1.922613,0.367467,1.331534
287,693,0.592157,0.556863,0.580392,0.566065,1.270865,0.339849,1.21334
246,286,0.509804,0.568627,0.705882,0.566031,2.4,0.339248,1.210767
293,86,0.568627,0.486275,0.403922,0.497837,0.55,0.368405,1.33555
360,240,0.490196,0.501961,0.607843,0.507104,0.722469,0.36416,1.317383
190,271,0.603922,0.482353,0.47451,0.507632,0.658951,0.363883,1.316197
97,373,0.25098,0.521569,0.701961,0.477066,0.55,0.37681,1.371521
363,671,0.556863,0.556863,0.494118,0.552333,0.91098,0.344526,1.233355
343,369,0.603922,0.494118,0.466667,0.51548,1.840618,0.360055,1.299813
434,617,0.443137,0.560784,0.611765,0.539453,0.55,0.349458,1.254463
388,623,0.615686,0.521569,0.52549,0.541861,1.393296,0.348071,1.248527
233,487,0.756863,0.615686,0.670588,0.649664,2.4,0.30101,1.047117
228,329,0.529412,0.517647,0.454902,0.515618,0.55,0.358011,1.291065
432,438,0.486275,0.529412,0.666667,0.530151,0.606176,0.351547,1.263402
165,414,0.6,0.490196,0.45098,0.510709,1.458573,0.359834,1.298868
275,501,0.47451,0.592157,0.819608,0.583567,0.55,0.328256,1.163724
387,551,0.592157,0.505882,0.564706,0.528471,0.55,0.351721,1.264149
178,379,0.611765,0.498039,0.321569,0.509476,0.610542,0.359806,1.298747
290,450,0.619608,0.54902,0.576471,0.566009,1.436335,0.335257,1.193687
265,437,0.486275,0.603922,0.745098,0.589103,2.4,0.325275,1.150964
205,536,0.513726,0.584314,0.698039,0.577518,2.256292,0.329901,1.170762
199,156,0.545098,0.486275,0.403922,0.492835,0.55,0.366089,1.32564
68,488,0.541176,0.47451,0.462745,0.487834,1.41115,0.368147,1.334444
230,657,0.678431,0.572549,0.54902,0.593361,0.751333,0.322736,1.140099
478,513,0.521569,0.533333,0.529412,0.530549,0.605903,0.349202,1.253364
206,661,0.415686,0.623529,0.776471,0.590384,0.789812,0.323425,1.143048
186,150,0.337255,0.513726,0.670588,0.487533,0.554525,0.367496,1.331661
216,433,0.466667,0.588235,0.709804,0.571167,2.4,0.331307,1.176781
245,279,0.623529,0.52549,0.537255,0.547183,1.878893,0.341416,1.220044
471,371,0.552941,0.513726,0.494118,0.520647,0.869344,0.352495,1.267461
200,0,0.498039,0.482353,0.411765,0.480591,0.55,0.368512,1.336009
311,705,0.498039,0.568627,0.517647,0.54994,0.55,0.338784,1.20878
398,108,0.486275,0.462745,0.509804,0.471145,0.55,0.372465,1.352924
398,327,0.556863,0.486275,0.517647,0.503547,2.20583,0.358213,1.291931
57,495,0.305882,0.517647,0.564706,0.476024,0.55,0.369673,1.340979
227,365,0.556863,0.545098,0.619608,0.552979,2.4,0.335957,1.196683
387,559,0.490196,0.545098,0.647059,0.540787,0.709325,0.340748,1.217186
106,213,0.513726,0.45098,0.431373,0.462904,0.55,0.373937,1.359224
129,589,0.505882,0.505882,0.466667,0.503051,0.55,0.356493,1.284568
241,582,0.403922,0.580392,0.682353,0.550236,1.284774,0.335992,1.19683
254,460,0.705882,0.564706,0.576471,0.595569,0.671365,0.316231,1.112259
496,38,0.184314,0.533333,0.52549,0.458566,0.679276,0.37473,1.36262
63,262,0.505882,0.458824,0.294118,0.456936,0.55,0.375082,1.364124
358,273,0.686275,0.466667,0.360784,0.505711,1.941702,0.35402,1.273985
239,496,0.792157,0.658824,0.698039,0.690002,1.515293,0.274964,0.935647
190,243,0.439216,0.513726,0.631373,0.506379,0.954869,0.353378,1.27124
238,522,0.607843,0.686275,0.807843,0.678377,1.504545,0.279563,0.95533
270,497,0.662745,0.603922,0.733333,0.625771,2.4,0.30205,1.051566
65,556,0.341176,0.498039,0.729412,0.481395,0.55,0.363846,1.316041
165,562,0.572549,0.501961,0.498039,0.516685,0.55,0.347854,1.247596
466,514,0.545098,0.52549,0.494118,0.527394,0.706257,0.342715,1.225603
153,643,0.360784,0.545098,0.654902,0.513841,0.55,0.348488,1.250309
252,625,0.72549,0.607843,0.647059,0.635686,0.823844,0.295965,1.025527
231,395,0.47451,0.541176,0.635294,0.533798,2.4,0.339033,1.209846
226,463,0.619608,0.580392,0.615686,0.591278,0.732057,0.314311,1.104044
149,189,0.498039,0.482353,0.278431,0.470965,0.55,0.365806,1.324428
149,606,0.360784,0.537255,0.745098,0.514744,0.747981,0.346851,1.243304
283,295,0.654902,0.490196,0.529412,0.528044,0.98603,0.341095,1.218668
293,409,0.341176,0.580392,0.74902,0.54171,1.255383,0.335118,1.193092
360,77,0.52549,0.47451,0.172549,0.463547,0.55,0.368448,1.335732
163,579,0.592157,0.513726,0.32549,0.516809,0.55,0.345303,1.23668
67,365,0.470588,0.462745,0.494118,0.466678,0.563673,0.366658,1.328074
302,535,0.427451,0.576471,0.670588,0.551584,0.794208,0.329987,1.171133
275,553,0.65098,0.556863,0.560784,0.577155,1.7514,0.31892,1.123766
286,620,0.568627,0.572549,0.458824,0.563504,1.895527,0.324727,1.14862
462,439,0.545098,0.572549,0.65098,0.572376,0.55,0.320368,1.129964
94,555,0.486275,0.478431,0.52549,0.483496,0.55,0.358042,1.291199
403,143,0.533333,0.45098,0.447059,0.468205,0.55,0.363747,1.315614
280,88,0.278431,0.552941,0.701961,0.50534,0.98485,0.347533,1.246222
213,508,0.454902,0.611765,0.686275,0.583795,0.951988,0.313548,1.100778
257,236,0.588235,0.505882,0.407843,0.516312,2.4,0.342224,1.223501
202,568,0.443137,0.564706,0.705882,0.549053,1.350172,0.328188,1.163431
375,237,0.509804,0.478431,0.447059,0.482836,0.757812,0.356035,1.282611
165,266,0.501961,0.47451,0.435294,0.477515,0.677024,0.358154,1.291677
90,209,0.490196,0.466667,0.352941,0.463458,1.923713,0.363722,1.315507
190,518,0.576471,0.537255,0.364706,0.533134,1.157297,0.333306,1.185336
125,365,0.478431,0.462745,0.486275,0.467779,1.801431,0.360964,1.303704
443,358,0.501961,0.486275,0.517647,0.491875,0.55,0.349442,1.254393
107,150,0.533333,0.470588,0.301961,0.471753,0.982375,0.358048,1.291226
56,462,0.505882,0.458824,0.466667,0.469395,0.630737,0.358678,1.293922
111,175,0.458824,0.47451,0.407843,0.466362,0.710331,0.35979,1.29868
240,319,0.423529,0.533333,0.635294,0.517351,2.320592,0.337896,1.20498
266,449,0.635294,0.584314,0.568627,0.59402,1.134125,0.304854,1.063569
354,342,0.533333,0.482353,0.458824,0.491493,0.564482,0.348164,1.248925
334,217,0.533333,0.482353,0.427451,0.489227,0.55,0.348909,1.252112
149,558,0.611765,0.470588,0.427451,0.497488,0.55,0.345094,1.235787
284,310,0.564706,0.52549,0.552941,0.535809,0.55,0.328526,1.164879
3,484,0.584314,0.431373,0.419608,0.463038,0.700514,0.359666,1.29815
169,534,0.556863,0.501961,0.447059,0.509669,2.113867,0.338822,1.208943
381,226,0.572549,0.447059,0.458824,0.474587,0.55,0.353764,1.272889
220,560,0.580392,0.572549,0.537255,0.571668,2.088233,0.311898,1.093716
88,136,0.34902,0.462745,0.513726,0.442248,0.55,0.367154,1.330196
478,323,0.286275,0.537255,0.631373,0.490692,1.009509,0.345798,1.238798
307,160,0.529412,0.501961,0.419608,0.501851,0.892346,0.340617,1.216625
360,326,0.584314,0.490196,0.403922,0.503976,1.084221,0.339545,1.212038
31,511,0.509804,0.447059,0.47451,0.46238,0.55,0.356833,1.286024
241,623,0.682353,0.584314,0.596078,0.606006,2.193411,0.295033,1.021536
318,575,0.592157,0.509804,0.447059,0.522782,0.55,0.330588,1.173701
219,748,0.576471,0.509804,0.564706,0.527941,0.55,0.328374,1.164229
68,293,0.443137,0.470588,0.219608,0.446631,0.55,0.363167,1.313134
307,524,0.4,0.54902,0.639216,0.52385,0.55,0.330036,1.171341
236,451,0.67451,0.564706,0.596078,0.590315,2.259443,0.301376,1.048683
363,745,0.458824,0.537255,0.431373,0.512936,0.756081,0.333688,1.186969
175,692,0.537255,0.517647,0.533333,0.522948,2.4,0.329277,1.168091
321,157,0.356863,0.505882,0.631373,0.483261,1.080137,0.346202,1.240529
246,465,0.705882,0.603922,0.639216,0.628147,2.386121,0.284017,0.974391
155,618,0.517647,0.52549,0.180392,0.498907,0.55,0.339099,1.210129
85,211,0.533333,0.439216,0.407843,0.45696,0.854471,0.356458,1.284422
98,396,0.262745,0.498039,0.592157,0.454811,0.55,0.357356,1.288262
223,508,0.74902,0.6,0.639216,0.634513,2.4,0.279388,0.954581
249,349,0.533333,0.513726,0.603922,0.524406,1.413915,0.326088,1.154444
67,570,0.454902,0.462745,0.54902,0.467307,0.625317,0.349845,1.256118
204,42,0.54902,0.427451,0.517647,0.459809,0.55,0.352957,1.269437
66,748,0.588235,0.423529,0.443137,0.459962,0.55,0.352763,1.268605
244,403,0.513726,0.541176,0.662745,0.544118,0.55,0.316456,1.113223
218,692,0.415686,0.572549,0.627451,0.543164,0.654097,0.3164,1.112982
402,606,0.556863,0.501961,0.560784,0.51788,0.947575,0.327158,1.159025
291,498,0.556863,0.537255,0.635294,0.548502,1.087291,0.314029,1.102837
244,503,0.827451,0.701961,0.737255,0.731188,2.4,0.235669,0.767476
253,487,0.784314,0.698039,0.772549,0.721761,1.736068,0.239402,0.783452
165,621,0.356863,0.537255,0.662745,0.507964,0.55,0.330938,1.1752
415,243,0.568627,0.458824,0.403922,0.478204,0.920873,0.343345,1.228299
399,582,0.411765,0.521569,0.623529,0.505586,0.670081,0.330909,1.175077
210,663,0.541176,0.545098,0.690196,0.55474,1.764918,0.309266,1.082451
281,190,0.529412,0.509804,0.337255,0.501514,0.55,0.331686,1.178403
461,713,0.560784,0.466667,0.533333,0.491489,0.55,0.334574,1.190764
388,183,0.509804,0.458824,0.490196,0.471927,0.590738,0.342511,1.224729
256,120,0.505882,0.47451,0.564706,0.487692,1.118656,0.335054,1.192815
99,432,0.34902,0.47451,0.603922,0.457174,0.678466,0.348069,1.248516
379,261,0.537255,0.458824,0.364706,0.468703,0.55,0.343087,1.227197
212,0,0.419608,0.458824,0.392157,0.445673,0.55,0.352925,1.2693
380,214,0.517647,0.458824,0.478431,0.472745,0.868307,0.3411,1.21869
87,398,0.407843,0.458824,0.603922,0.458461,0.55,0.347025,1.244051
326,566,0.545098,0.494118,0.533333,0.507787,0.55,0.325271,1.150947
79,637,0.466667,0.494118,0.380392,0.480071,1.801408,0.336939,1.200885
272,606,0.6,0.541176,0.631373,0.560195,0.55,0.302452,1.053289
285,438,0.603922,0.537255,0.431373,0.543784,1.691025,0.309289,1.082549
266,389,0.435294,0.529412,0.67451,0.519878,0.766015,0.319351,1.125613
206,179,0.403922,0.498039,0.662745,0.489922,1.041267,0.331562,1.17787
452,615,0.486275,0.498039,0.67451,0.508279,1.14855,0.323663,1.144067
402,390,0.439216,0.498039,0.529412,0.487798,1.623419,0.332348,1.181237
46,667,0.490196,0.458824,0.435294,0.463795,2.4,0.342394,1.224228
309,471,0.541176,0.513726,0.443137,0.514465,1.528445,0.320519,1.13061
434,83,0.505882,0.443137,0.380392,0.451947,0.745485,0.347282,1.245149
221,54,0.552941,0.462745,0.254902,0.466915,1.716316,0.340644,1.216742
219,512,0.701961,0.576471,0.552941,0.601451,2.4,0.282713,0.968811
381,239,0.521569,0.454902,0.388235,0.464262,0.55,0.34105,1.218478
216,268,0.580392,0.466667,0.470588,0.491128,0.55,0.328739,1.165788
439,144,0.498039,0.443137,0.478431,0.457358,0.704237,0.343153,1.227479
386,254,0.517647,0.458824,0.470588,0.472179,1.724971,0.336736,1.200016
75,635,0.505882,0.462745,0.462745,0.471916,2.4,0.336813,1.200345
251,321,0.654902,0.462745,0.509804,0.506995,1.655006,0.321092,1.133063
450,238,0.486275,0.458824,0.431373,0.462678,0.55,0.339968,1.213848
293,289,0.513726,0.52549,0.415686,0.515061,0.769019,0.317219,1.116486
172,532,0.592157,0.462745,0.486275,0.491957,2.4,0.326831,1.157624
190,577,0.545098,0.529412,0.392157,0.522837,2.4,0.313585,1.100933
331,535,0.588235,0.490196,0.34902,0.500846,0.648379,0.322288,1.138183
311,557,0.560784,0.501961,0.435294,0.509653,0.571347,0.318309,1.121152
288,685,0.419608,0.552941,0.619608,0.529408,0.855941,0.309548,1.083659
147,206,0.533333,0.419608,0.427451,0.444352,0.55,0.345908,1.239268
123,93,0.478431,0.443137,0.309804,0.441014,0.944366,0.346454,1.241605
315,55,0.12549,0.52549,0.760784,0.457438,0.84157,0.338795,1.208827
234,522,0.768627,0.627451,0.670588,0.66058,2.22278,0.251515,0.83529
266,369,0.568627,0.505882,0.6,0.526017,1.095341,0.3089,1.080885
317,157,0.34902,0.498039,0.643137,0.476834,0.981632,0.329313,1.168245
122,344,0.486275,0.439216,0.34902,0.442708,0.55,0.343898,1.230668
245,422,0.466667,0.584314,0.772549,0.572893,1.772061,0.28785,0.990794
60,114,0.454902,0.411765,0.494118,0.426882,0.700519,0.350278,1.25797
267,179,0.415686,0.501961,0.54902,0.487016,0.734603,0.3244,1.147221
250,393,0.490196,0.521569,0.635294,0.52311,2.301852,0.308809,1.080493
100,409,0.309804,0.47451,0.584314,0.447421,0.55,0.341133,1.218832
177,275,0.501961,0.45098,0.47451,0.463518,0.55,0.333925,1.187983
166,744,0.513726,0.466667,0.486275,0.478087,0.621792,0.327562,1.160753
310,454,0.560784,0.490196,0.435294,0.501239,0.676318,0.316933,1.115263
492,464,0.411765,0.498039,0.752941,0.498101,0.55,0.318243,1.120869
272,162,0.341176,0.509804,0.686275,0.486695,1.53056,0.323013,1.141286
351,713,0.227451,0.564706,0.772549,0.508012,0.55,0.313866,1.102136
249,400,0.631373,0.52549,0.596078,0.553097,0.85827,0.294371,1.018703
240,564,0.635294,0.576471,0.623529,0.592374,1.977738,0.27705,0.944575
241,148,0.490196,0.486275,0.411765,0.481729,0.919195,0.32435,1.147006
71,632,0.45098,0.462745,0.482353,0.46166,0.919298,0.332924,1.183699
465,342,0.498039,0.454902,0.537255,0.470019,0.55,0.329298,1.168184
233,525,0.733333,0.647059,0.713726,0.670214,2.332039,0.243036,0.799006
289,131,0.196078,0.52549,0.658824,0.465084,0.55,0.330826,1.17472
99,354,0.411765,0.454902,0.501961,0.449129,0.846752,0.336,1.196864
340,269,0.203922,0.52549,0.678431,0.468167,1.480323,0.327759,1.161594
167,727,0.596078,0.447059,0.427451,0.477325,0.55,0.323621,1.143888
198,439,0.537255,0.486275,0.45098,0.494565,0.89913,0.316136,1.111853
277,623,0.513726,0.541176,0.588235,0.538738,0.55,0.297044,1.030145
339,220,0.403922,0.462745,0.619608,0.461565,1.401555,0.329869,1.170624
153,696,0.364706,0.505882,0.65098,0.486344,1.494256,0.319033,1.124252
282,331,0.431373,0.541176,0.721569,0.530856,2.4,0.299893,1.042335
385,523,0.352941,0.521569,0.772549,0.503839,0.833341,0.311349,1.091364
444,516,0.341176,0.529412,0.666667,0.499303,0.681005,0.313123,1.09896
300,664,0.572549,0.517647,0.403922,0.521108,0.738863,0.30323,1.05662
151,433,0.47451,0.462745,0.407843,0.461282,2.4,0.328727,1.165739
344,359,0.580392,0.443137,0.427451,0.471185,0.665071,0.324315,1.146855
353,465,0.290196,0.529412,0.666667,0.488464,1.018344,0.316779,1.114606
140,564,0.470588,0.462745,0.533333,0.469509,0.55,0.324741,1.148679
229,561,0.639216,0.552941,0.603922,0.574964,2.4,0.279202,0.953785
166,292,0.556863,0.423529,0.313726,0.443948,0.55,0.335156,1.193253
485,236,0.235294,0.501961,0.607843,0.452912,0.55,0.331177,1.176222
268,469,0.701961,0.603922,0.560784,0.62165,2.4,0.258776,0.866368
493,322,0.568627,0.45098,0.478431,0.477974,1.444947,0.320291,1.129634
406,596,0.529412,0.501961,0.431373,0.5027,0.842285,0.309657,1.084125
250,40,0.533333,0.427451,0.435294,0.450528,0.951291,0.33196,1.179577
293,224,0.25098,0.545098,0.647059,0.48993,2.4,0.314876,1.106459
371,197,0.298039,0.482353,0.670588,0.456758,0.55,0.328942,1.166659
261,525,0.521569,0.498039,0.564706,0.507855,0.55,0.306631,1.071173
90,419,0.364706,0.45098,0.537255,0.438867,0.55,0.335903,1.19645
280,487,0.345098,0.564706,0.701961,0.527927,2.319044,0.297391,1.031627
186,478,0.537255,0.494118,0.443137,0.499608,1.623215,0.309279,1.082507
172,689,0.54902,0.486275,0.407843,0.493951,2.4,0.311297,1.091145
269,44,0.709804,0.384314,0.407843,0.455212,1.070716,0.327794,1.161744
294,628,0.376471,0.564706,0.662745,0.531766,1.094592,0.294583,1.019611
260,393,0.619608,0.490196,0.533333,0.520824,0.895839,0.298855,1.037893
247,145,0.317647,0.505882,0.603922,0.472942,0.584516,0.318594,1.122374
413,416,0.439216,0.486275,0.529412,0.479384,0.703667,0.315758,1.110233
245,382,0.552941,0.454902,0.388235,0.470932,1.253081,0.318918,1.12376
283,726,0.411765,0.533333,0.572549,0.510319,1.993964,0.301546,1.049411
266,444,0.537255,0.545098,0.639216,0.550226,1.143846,0.284413,0.976086
250,457,0.478431,0.572549,0.717647,0.563016,2.4,0.278834,0.952211
48,535,0.235294,0.494118,0.572549,0.444755,0.55,0.329379,1.168529
428,526,0.411765,0.505882,0.65098,0.496349,1.155486,0.306919,1.072407
252,158,0.478431,0.490196,0.47451,0.486562,2.265552,0.310817,1.089089
250,637,0.619608,0.584314,0.694118,0.599745,2.4,0.262088,0.880541
256,163,0.54902,0.482353,0.490196,0.497093,2.4,0.306014,1.068534
82,222,0.435294,0.431373,0.333333,0.425128,0.55,0.336212,1.19777
86,318,0.317647,0.45098,0.537255,0.428863,0.663065,0.33458,1.190789
195,244,0.443137,0.470588,0.533333,0.469282,2.114165,0.317216,1.116472
244,638,0.733333,0.603922,0.643137,0.634266,1.036387,0.246408,0.813434
271,367,0.478431,0.494118,0.623529,0.500126,0.689163,0.303309,1.056957
337,377,0.466667,0.478431,0.521569,0.479045,2.4,0.312095,1.094557
250,649,0.52549,0.564706,0.678431,0.56458,1.367476,0.275434,0.937659
7,556,0.337255,0.462745,0.513726,0.439747,0.755263,0.328777,1.165951
271,616,0.596078,0.52549,0.498039,0.538515,0.744865,0.286328,0.984284
303,134,0.568627,0.447059,0.407843,0.470073,1.541655,0.315326,1.108384
117,404,0.505882,0.415686,0.486275,0.439958,0.909663,0.3282,1.163482
386,35,0.235294,0.470588,0.564706,0.42736,2.4,0.333309,1.185349
390,54,0.521569,0.4,0.423529,0.427544,0.862357,0.333179,1.18479
408,132,0.431373,0.454902,0.364706,0.443387,2.282941,0.326132,1.154631
230,361,0.552941,0.486275,0.54902,0.504978,1.322056,0.29947,1.040526
487,673,0.435294,0.486275,0.529412,0.478551,0.55,0.310549,1.087943
189,347,0.396078,0.47451,0.529412,0.461799,0.585964,0.3165,1.113412
223,591,0.619608,0.521569,0.572549,0.546093,2.4,0.280255,0.958291
60,418,0.470588,0.431373,0.45098,0.441126,1.816521,0.325038,1.149951
290,238,0.415686,0.490196,0.556863,0.479169,0.970422,0.308632,1.079737
260,319,0.345098,0.509804,0.701961,0.488661,1.232452,0.304439,1.061793
119,215,0.47451,0.427451,0.309804,0.428962,1.255464,0.329965,1.171038
289,550,0.537255,0.490196,0.509804,0.501616,0.55,0.298519,1.036456
375,137,0.466667,0.439216,0.466667,0.447034,0.850336,0.321507,1.134838
287,604,0.568627,0.517647,0.454902,0.523955,2.4,0.288528,0.9937
306,477,0.521569,0.486275,0.603922,0.502272,1.10906,0.297667,1.03281
335,211,0.490196,0.427451,0.443137,0.441923,0.55,0.323462,1.143206
122,606,0.486275,0.447059,0.470588,0.457095,1.632509,0.316072,1.111577
140,385,0.552941,0.411765,0.345098,0.436965,0.562897,0.324678,1.14841
323,329,0.505882,0.466667,0.513726,0.478402,1.661412,0.30688,1.07224
158,273,0.301961,0.458824,0.564706,0.433119,0.55,0.325997,1.154055
332,468,0.6,0.45098,0.45098,0.482662,1.108234,0.304637,1.062639
305,498,0.388235,0.521569,0.611765,0.499734,1.045119,0.296761,1.028935
233,448,0.439216,0.580392,0.698039,0.558872,2.4,0.271304,0.919984
250,575,0.67451,0.576471,0.564706,0.596464,2.4,0.255109,0.850674
301,312,0.560784,0.466667,0.47451,0.487242,1.339744,0.301776,1.050396
260,336,0.552941,0.486275,0.619608,0.510074,0.815417,0.291967,1.008414
133,726,0.478431,0.443137,0.494118,0.454322,0.55,0.315496,1.109112
382,556,0.462745,0.498039,0.431373,0.485722,0.55,0.301926,1.051036
209,407,0.631373,0.439216,0.462745,0.481767,1.450266,0.303559,1.058025
190,666,0.396078,0.521569,0.576471,0.498853,0.739025,0.296152,1.026326
213,295,0.4,0.462745,0.686275,0.465544,0.55447,0.3104,1.087304
41,365,0.541176,0.388235,0.345098,0.417636,0.55,0.330496,1.173311
421,204,0.396078,0.443137,0.580392,0.443042,0.704807,0.318896,1.123663
144,304,0.572549,0.411765,0.32549,0.439718,1.56962,0.320287,1.129619
144,596,0.505882,0.454902,0.411765,0.462626,0.55,0.310119,1.086102
47,266,0.435294,0.415686,0.388235,0.417873,0.55,0.329029,1.167033
390,100,0.368627,0.443137,0.443137,0.427297,1.129091,0.324478,1.147553
163,409,0.568627,0.443137,0.482353,0.472648,2.4,0.304777,1.063241
159,245,0.254902,0.462745,0.545098,0.424504,0.55,0.325231,1.150778
328,484,0.580392,0.462745,0.431373,0.485492,0.55,0.298914,1.038145
446,466,0.509804,0.47451,0.439216,0.479465,0.55,0.301129,1.047626
255,606,0.647059,0.556863,0.541176,0.574906,0.692305,0.260179,0.87237
268,277,0.498039,0.490196,0.376471,0.483653,0.892634,0.299136,1.039095
493,256,0.478431,0.443137,0.341176,0.443279,0.669907,0.316165,1.111977
442,191,0.439216,0.431373,0.407843,0.431341,0.55,0.320751,1.131602
347,162,0.47451,0.423529,0.486275,0.438898,0.569161,0.317456,1.117503
99,581,0.486275,0.435294,0.356863,0.44047,0.55,0.316619,1.113919
145,466,0.576471,0.431373,0.321569,0.454293,0.936382,0.310237,1.086605
442,223,0.490196,0.427451,0.345098,0.434845,0.55,0.318417,1.121613
69,262,0.407843,0.423529,0.258824,0.408303,0.55,0.329534,1.169191
330,229,0.203922,0.498039,0.592157,0.442305,0.55,0.314869,1.10643
233,124,0.52549,0.447059,0.384314,0.459203,0.657452,0.307611,1.075366
330,99,0.470588,0.423529,0.388235,0.430986,0.55,0.319167,1.124824
179,556,0.501961,0.494118,0.27451,0.479929,0.621066,0.297888,1.033757
256,303,0.372549,0.458824,0.682353,0.45662,0.55,0.307867,1.076465
191,624,0.564706,0.494118,0.462745,0.50686,0.578362,0.286189,0.983687
289,574,0.572549,0.501961,0.47451,0.514986,0.851766,0.282692,0.968721
420,255,0.32549,0.466667,0.654902,0.450243,1.528482,0.310189,1.086403
225,50,0.411765,0.447059,0.505882,0.443802,1.744242,0.312437,1.09602
59,699,0.372549,0.447059,0.513726,0.436031,0.72104,0.315724,1.110088
282,421,0.568627,0.505882,0.560784,0.523186,1.269849,0.278319,0.950007
189,229,0.368627,0.454902,0.545098,0.443072,0.55,0.312441,1.09604
234,599,0.654902,0.454902,0.431373,0.495723,1.271077,0.289839,0.999309
228,300,0.533333,0.458824,0.494118,0.477213,0.657898,0.297015,1.030022
154,435,0.313726,0.462745,0.54902,0.437293,2.4,0.313405,1.100166
279,300,0.462745,0.470588,0.596078,0.477981,0.924971,0.295664,1.024236
76,418,0.545098,0.388235,0.360784,0.419602,1.106637,0.320448,1.130306
130,201,0.435294,0.431373,0.32549,0.424562,1.343369,0.318269,1.120981
191,605,0.466667,0.509804,0.643137,0.51026,2.4,0.280739,0.960361
288,474,0.588235,0.47451,0.513726,0.501519,0.567112,0.284288,0.975551
432,418,0.309804,0.498039,0.615686,0.466515,0.55,0.299238,1.039533
198,103,0.419608,0.427451,0.482353,0.429747,0.69244,0.314597,1.105265
265,555,0.537255,0.509804,0.619608,0.523568,0.596063,0.274334,0.932951
258,641,0.533333,0.54902,0.615686,0.550498,2.4,0.262514,0.882367
73,532,0.25098,0.462745,0.584314,0.426501,0.558107,0.315261,1.108107
335,394,0.596078,0.423529,0.352941,0.455117,0.604493,0.302681,1.054268
304,151,0.407843,0.454902,0.596078,0.45509,1.403566,0.302376,1.052964
414,459,0.521569,0.447059,0.478431,0.465165,0.55,0.298036,1.034388
228,130,0.486275,0.439216,0.517647,0.454883,0.55,0.302391,1.053026
305,624,0.462745,0.494118,0.623529,0.496791,2.4,0.283991,0.974281
307,546,0.439216,0.486275,0.588235,0.483631,2.179616,0.289503,0.99787
227,644,0.572549,0.537255,0.521569,0.543626,1.101896,0.263775,0.887763
221,186,0.470588,0.439216,0.509804,0.450982,0.684577,0.30344,1.057518
308,549,0.313726,0.513726,0.741176,0.487627,2.4,0.287619,0.989805
242,316,0.501961,0.478431,0.615686,0.493344,2.4,0.285046,0.978795
204,547,0.6,0.494118,0.498039,0.516911,1.475608,0.274891,0.935337
260,520,0.407843,0.509804,0.65098,0.49832,0.640497,0.282751,0.968975
69,520,0.443137,0.419608,0.396078,0.422911,0.55,0.315012,1.107043
237,526,0.709804,0.615686,0.65098,0.638244,2.4,0.222564,0.711388
225,267,0.54902,0.486275,0.466667,0.498198,2.4,0.282334,0.967188
414,468,0.454902,0.462745,0.443137,0.459662,0.55,0.298795,1.037636
234,284,0.305882,0.509804,0.686275,0.479191,0.685775,0.290354,1.001511
319,491,0.411765,0.486275,0.54902,0.474964,0.55,0.292121,1.009073
196,592,0.537255,0.478431,0.576471,0.498016,0.577115,0.282164,0.966462
405,237,0.360784,0.439216,0.54902,0.430469,1.436409,0.31066,1.088416
210,436,0.580392,0.47451,0.537255,0.501551,1.812688,0.279046,0.953116
126,599,0.329412,0.470588,0.552941,0.44652,0.55,0.302596,1.053905
182,605,0.513726,0.466667,0.443137,0.474973,0.55,0.289741,0.998891
356,576,0.498039,0.466667,0.462745,0.473053,0.583739,0.289969,0.999864
413,634,0.109804,0.560784,0.721569,0.476515,0.55,0.287887,0.990955
381,686,0.454902,0.470588,0.458824,0.466404,1.047872,0.292128,1.009104
445,327,0.494118,0.423529,0.486275,0.443067,0.55,0.301083,1.047428
353,700,0.47451,0.478431,0.47451,0.477315,0.55,0.285935,0.982601
367,26,0.505882,0.392157,0.235294,0.405009,0.5793,0.316242,1.112308
164,426,0.47451,0.431373,0.447059,0.441676,1.088911,0.300047,1.042994
365,516,0.505882,0.458824,0.423529,0.46628,0.804673,0.289261,0.996836
306,210,0.345098,0.494118,0.572549,0.468099,2.4,0.288404,0.993169
82,206,0.239216,0.447059,0.47451,0.404853,0.55,0.315503,1.109145
463,676,0.313726,0.478431,0.541176,0.447945,0.55,0.296629,1.028366
221,401,0.505882,0.45098,0.611765,0.474261,0.55,0.285277,0.979786
304,528,0.243137,0.52549,0.643137,0.473956,0.55,0.285054,0.978829
26,681,0.419608,0.407843,0.439216,0.412609,0.55,0.31112,1.090384
322,341,0.486275,0.443137,0.529412,0.458537,1.635011,0.291267,1.00542
255,444,0.560784,0.494118,0.588235,0.515086,0.686319,0.266965,0.901413
406,454,0.337255,0.478431,0.588235,0.456345,1.88444,0.292065,1.008835
45,303,0.411765,0.4,0.45098,0.406182,2.4,0.313193,1.099257
264,409,0.627451,0.52549,0.533333,0.547733,0.709098,0.252259,0.838475
265,273,0.458824,0.458824,0.529412,0.46392,2.100776,0.287947,0.991211
189,353,0.45098,0.427451,0.505882,0.438116,0.55,0.298751,1.03745
301,237,0.243137,0.509804,0.615686,0.460755,1.502716,0.288921,0.995381
46,349,0.321569,0.415686,0.533333,0.404171,0.55,0.312977,1.098333
196,554,0.447059,0.486275,0.545098,0.482184,0.55,0.279383,0.954559
328,555,0.364706,0.482353,0.6,0.465835,0.55,0.285938,0.982612
215,275,0.580392,0.431373,0.388235,0.45994,2.217354,0.2882,0.992296
417,195,0.27451,0.45098,0.611765,0.425071,1.589664,0.302993,1.055603
97,386,0.501961,0.384314,0.329412,0.405362,0.55,0.311394,1.091556
194,156,0.478431,0.423529,0.360784,0.430671,0.768583,0.30054,1.045107
464,176,0.317647,0.443137,0.552941,0.424386,0.651166,0.303215,1.056554
267,110,0.305882,0.462745,0.537255,0.434776,2.13385,0.298496,1.036358
276,689,0.45098,0.505882,0.568627,0.49874,0.55,0.270894,0.918229
450,330,0.380392,0.447059,0.486275,0.435717,0.55,0.2978,1.033378
94,257,0.278431,0.427451,0.541176,0.40398,0.627849,0.311136,1.090455
92,393,0.454902,0.396078,0.352941,0.40547,0.755625,0.310121,1.086112
226,375,0.521569,0.439216,0.427451,0.455875,0.987371,0.288415,0.993215
329,660,0.443137,0.482353,0.54902,0.478829,0.55,0.278381,0.950269
158,626,0.356863,0.494118,0.580392,0.471166,1.413744,0.281596,0.96403
333,165,0.541176,0.407843,0.341176,0.431376,0.615864,0.29857,1.036675
326,616,0.584314,0.443137,0.498039,0.477115,0.55,0.278941,0.952669
266,90,0.345098,0.458824,0.588235,0.443989,1.896639,0.292672,1.011435
263,330,0.52549,0.470588,0.494118,0.483959,1.171869,0.275332,0.937224
446,570,0.435294,0.470588,0.478431,0.463651,0.55,0.283882,0.973815
203,603,0.596078,0.486275,0.509804,0.511318,1.613619,0.263334,0.885876
374,222,0.509804,0.423529,0.419608,0.441588,2.216219,0.293183,1.013619
255,272,0.521569,0.447059,0.466667,0.464315,0.631221,0.283233,0.971036
395,200,0.266667,0.45098,0.717647,0.431049,1.74005,0.297291,1.031202
258,465,0.447059,0.576471,0.694118,0.557452,1.235862,0.242436,0.796436
328,447,0.368627,0.462745,0.647059,0.456043,0.55,0.285885,0.982386
187,722,0.419608,0.478431,0.447059,0.46366,0.55,0.282411,0.967521
421,307,0.431373,0.427451,0.439216,0.429134,0.55,0.296888,1.029476
318,163,0.482353,0.431373,0.45098,0.443627,1.186284,0.290109,1.000464
481,472,0.447059,0.458824,0.54902,0.462835,0.722546,0.28164,0.964218
121,496,0.34902,0.423529,0.6,0.42043,0.629934,0.299228,1.03949
270,342,0.294118,0.513726,0.678431,0.478929,0.55,0.274011,0.931567
64,188,0.494118,0.360784,0.431373,0.394227,1.215151,0.310069,1.085887
100,364,0.384314,0.411765,0.466667,0.409893,1.776616,0.303232,1.056628
228,731,0.509804,0.470588,0.454902,0.477793,0.55,0.27411,0.931991
160,219,0.25098,0.435294,0.529412,0.402904,0.55,0.306201,1.069334
263,132,0.482353,0.435294,0.388235,0.441901,0.55,0.288529,0.993704
255,599,0.521569,0.541176,0.596078,0.540972,0.55,0.245829,0.810956
95,106,0.341176,0.419608,0.4,0.401518,1.467143,0.305564,1.066606
117,226,0.247059,0.435294,0.541176,0.40292,2.261481,0.304947,1.063968
86,275,0.364706,0.407843,0.345098,0.394142,0.55,0.308646,1.079797
324,182,0.419608,0.447059,0.52549,0.446885,2.4,0.285991,0.982841
218,351,0.580392,0.427451,0.462745,0.462515,0.823164,0.279241,0.953953
464,150,0.356863,0.411765,0.509804,0.407171,0.70026,0.302822,1.05487
231,640,0.639216,0.498039,0.494118,0.52777,0.99064,0.250906,0.832687
72,327,0.482353,0.380392,0.266667,0.393858,0.55,0.308276,1.078214
364,648,0.505882,0.462745,0.407843,0.467952,0.55,0.276416,0.941863
289,519,0.564706,0.478431,0.4,0.491111,0.55,0.266031,0.897416
465,236,0.313726,0.435294,0.635294,0.423889,0.55,0.294765,1.020391
332,565,0.415686,0.462745,0.560784,0.459819,0.78966,0.279144,0.953539
401,240,0.478431,0.407843,0.309804,0.415772,0.598575,0.29797,1.034109
224,579,0.619608,0.545098,0.576471,0.563204,2.243339,0.234119,0.760844
199,541,0.443137,0.509804,0.615686,0.503275,0.749766,0.259673,0.870207
385,348,0.482353,0.415686,0.466667,0.43354,1.955776,0.289388,0.99738
234,108,0.541176,0.4,0.388235,0.429165,0.55,0.291177,1.005036
54,76,0.282353,0.4,0.435294,0.377536,0.55,0.313164,1.099134
453,441,0.145098,0.619608,0.756863,0.528637,1.711744,0.248302,0.821541
287,617,0.384314,0.521569,0.619608,0.499467,2.4,0.260345,0.873082
284,635,0.541176,0.462745,0.498039,0.481968,0.55,0.267825,0.905096
221,436,0.54902,0.466667,0.490196,0.485874,2.361783,0.265923,0.896954
313,281,0.505882,0.407843,0.376471,0.426421,0.559391,0.290934,1.003993
294,266,0.227451,0.494118,0.717647,0.453563,2.346407,0.27907,0.953222
447,271,0.501961,0.4,0.427451,0.423659,0.653722,0.291689,1.007225
249,303,0.337255,0.45098,0.713726,0.445773,0.55,0.281986,0.965699
212,633,0.584314,0.490196,0.572549,0.516151,0.804646,0.251722,0.836178
115,619,0.396078,0.435294,0.427451,0.426391,0.658506,0.290175,1.000747
232,325,0.317647,0.470588,0.592157,0.44685,0.748758,0.280945,0.961243
362,620,0.501961,0.454902,0.454902,0.464907,0.700805,0.273108,0.927706
182,252,0.505882,0.388235,0.360784,0.411265,0.55,0.295715,1.024458
133,222,0.380392,0.388235,0.478431,0.39308,0.55,0.303449,1.057557
243,465,0.666667,0.552941,0.6,0.580517,2.4,0.223033,0.713395
343,541,0.521569,0.435294,0.419608,0.452504,0.550026,0.276535,0.942372
285,329,0.541176,0.466667,0.556863,0.48902,2.4,0.260799,0.875026
334,355,0.239216,0.47451,0.615686,0.434679,0.55,0.283941,0.974067
157,158,0.333333,0.431373,0.486275,0.414493,1.423589,0.292465,1.010547
293,343,0.25098,0.537255,0.764706,0.492815,2.4,0.258813,0.866528
311,256,0.380392,0.431373,0.564706,0.430161,0.55,0.285571,0.981043
44,152,0.243137,0.403922,0.67451,0.389275,0.608867,0.302887,1.055151
474,115,0.537255,0.345098,0.345098,0.385951,0.55,0.303698,1.058621
88,483,0.384314,0.407843,0.384314,0.401142,0.55,0.297143,1.030567
422,276,0.478431,0.411765,0.396078,0.424806,2.299996,0.286832,0.986439
240,628,0.647059,0.517647,0.513726,0.544877,0.671258,0.23535,0.76611
302,705,0.466667,0.470588,0.52549,0.473718,2.006502,0.264888,0.892525
188,265,0.478431,0.419608,0.337255,0.426168,1.78123,0.285104,0.979044
216,368,0.560784,0.403922,0.407843,0.437554,0.849153,0.279959,0.957024
331,110,0.25098,0.478431,0.65098,0.442533,2.4,0.277411,0.946119
487,649,0.470588,0.427451,0.462745,0.43917,0.555444,0.278652,0.951433
319,371,0.294118,0.47451,0.698039,0.452297,1.797109,0.272961,0.927075
329,367,0.54902,0.415686,0.470588,0.447997,1.862907,0.274703,0.934529
378,406,0.262745,0.466667,0.623529,0.434638,0.55,0.280398,0.958906
330,200,0.509804,0.4,0.454902,0.427308,1.542753,0.28301,0.970084
40,361,0.384314,0.4,0.270588,0.387322,0.55,0.300138,1.043386
256,131,0.498039,0.407843,0.454902,0.430416,1.231144,0.281603,0.964061
449,171,0.509804,0.380392,0.356863,0.406206,1.392168,0.291865,1.007981
168,467,0.454902,0.431373,0.466667,0.438923,1.546262,0.277598,0.946921
13,330,0.317647,0.4,0.431373,0.384757,0.55,0.300572,1.045242
37,695,0.505882,0.384314,0.352941,0.407894,2.387128,0.290171,1.00073
301,171,0.188235,0.494118,0.619608,0.438147,1.027814,0.276568,0.942514
224,369,0.576471,0.419608,0.423529,0.45324,2.272424,0.270031,0.914538
274,468,0.635294,0.505882,0.498039,0.532829,1.747615,0.235603,0.767195
351,231,0.286275,0.427451,0.529412,0.404798,0.661948,0.290031,1.000131
132,445,0.427451,0.403922,0.352941,0.405243,2.4,0.289581,0.998205
397,265,0.364706,0.403922,0.45098,0.398982,0.55,0.292024,1.008659
172,293,0.301961,0.427451,0.509804,0.406718,1.733304,0.288502,0.993587
338,460,0.513726,0.419608,0.380392,0.436786,0.62642,0.27533,0.937214
208,230,0.407843,0.439216,0.478431,0.435377,0.822148,0.275789,0.93918
448,155,0.368627,0.392157,0.458824,0.391968,0.55,0.29433,1.018531
176,707,0.45098,0.439216,0.478431,0.444548,0.846042,0.271544,0.921009
299,570,0.494118,0.458824,0.396078,0.461797,0.55,0.26398,0.888639
222,741,0.470588,0.45098,0.490196,0.45798,0.620538,0.265478,0.89505
246,190,0.494118,0.458824,0.529412,0.471424,2.4,0.259664,0.870166
410,614,0.431373,0.454902,0.615686,0.461508,0.904892,0.263727,0.887556
64,335,0.239216,0.419608,0.486275,0.38607,0.55,0.296037,1.025832
23,463,0.423529,0.388235,0.392157,0.396022,1.432336,0.291771,1.007577
109,89,0.32549,0.396078,0.368627,0.379089,0.633397,0.298738,1.037392
252,530,0.443137,0.501961,0.65098,0.500214,2.4,0.246772,0.814995
280,176,0.235294,0.458824,0.701961,0.428856,0.55,0.276916,0.944001
291,185,0.247059,0.482353,0.65098,0.444504,1.029643,0.27009,0.914788
178,186,0.396078,0.415686,0.294118,0.40274,0.55,0.287799,0.990578
368,291,0.494118,0.380392,0.439216,0.408817,0.663992,0.285186,0.979394
444,145,0.431373,0.388235,0.368627,0.395991,0.563197,0.290571,1.00244
337,545,0.454902,0.439216,0.478431,0.445382,0.55,0.269291,0.911369
432,427,0.482353,0.419608,0.466667,0.436345,1.790875,0.273095,0.927647
238,331,0.509804,0.439216,0.458824,0.455638,2.366928,0.264475,0.890757
97,164,0.419608,0.388235,0.411765,0.396604,1.610918,0.289618,0.998363
135,356,0.537255,0.34902,0.384314,0.391587,0.874037,0.291235,1.005284
152,55,0.282353,0.427451,0.305882,0.387826,2.4,0.292645,1.011315
284,533,0.643137,0.462745,0.47451,0.501946,2.195975,0.243704,0.801861
281,319,0.396078,0.470588,0.607843,0.464657,0.714465,0.25952,0.869553
175,606,0.301961,0.478431,0.584314,0.448558,2.108667,0.266398,0.898986
10,432,0.4,0.392157,0.329412,0.389294,0.55,0.291752,1.007497
24,233,0.407843,0.384314,0.235294,0.378557,0.55,0.296157,1.026348
152,174,0.47451,0.376471,0.388235,0.398163,0.66105,0.28767,0.990027
346,198,0.403922,0.403922,0.517647,0.412133,0.932011,0.281525,0.963726
371,155,0.196078,0.447059,0.596078,0.40446,0.55,0.284778,0.977649
334,343,0.372549,0.435294,0.498039,0.426485,1.778257,0.275189,0.936609
293,259,0.290196,0.470588,0.611765,0.44243,0.932803,0.268339,0.907294
151,647,0.501961,0.435294,0.47451,0.452299,1.366979,0.263424,0.886261
204,543,0.564706,0.458824,0.521569,0.485864,2.4,0.248864,0.823945
230,487,0.647059,0.521569,0.54902,0.55023,2.4,0.220648,0.703192
332,650,0.435294,0.458824,0.501961,0.456936,0.871897,0.26059,0.874132
251,188,0.286275,0.490196,0.666667,0.459584,1.794035,0.259426,0.869151
247,580,0.396078,0.533333,0.643137,0.512081,2.4,0.236758,0.772137
245,87,0.313726,0.435294,0.545098,0.417376,0.55,0.27722,0.945301
361,741,0.466667,0.419608,0.415686,0.429329,0.55,0.272078,0.923297
186,360,0.466667,0.392157,0.470588,0.41366,0.55,0.278732,0.951773
413,330,0.470588,0.403922,0.435294,0.42036,0.598223,0.27585,0.939441
301,221,0.34902,0.486275,0.752941,0.476347,2.283338,0.251431,0.834931
253,56,0.258824,0.427451,0.415686,0.390751,0.55,0.287875,0.990904
155,135,0.403922,0.384314,0.372549,0.387633,2.4,0.288963,0.995559
84,117,0.407843,0.380392,0.309804,0.381132,0.55,0.291534,1.006563
467,576,0.345098,0.454902,0.607843,0.4426,0.55,0.264896,0.892561
106,113,0.145098,0.423529,0.615686,0.378209,0.649343,0.292468,1.01056
53,376,0.384314,0.388235,0.329412,0.383155,0.55,0.290132,1.000563
200,408,0.282353,0.470588,0.627451,0.441895,0.55,0.264682,0.891642
226,491,0.635294,0.486275,0.521569,0.520504,1.69432,0.230961,0.747328
371,309,0.415686,0.415686,0.294118,0.406909,0.55,0.279188,0.953726
227,248,0.490196,0.447059,0.45098,0.456513,1.048833,0.257874,0.862507
271,451,0.603922,0.482353,0.541176,0.512446,2.351595,0.23382,0.759562
14,628,0.243137,0.419608,0.607843,0.395681,1.36241,0.283663,0.972877
360,569,0.368627,0.45098,0.584314,0.443099,0.55,0.26327,0.8856
166,546,0.462745,0.423529,0.537255,0.440078,2.4,0.264511,0.890911
325,475,0.454902,0.439216,0.494118,0.446514,0.910533,0.261628,0.878572
380,667,0.435294,0.45098,0.423529,0.445664,0.55,0.261813,0.879366
383,160,0.384314,0.4,0.360784,0.393834,0.728573,0.283907,0.973923
334,293,0.254902,0.431373,0.619608,0.407446,0.55,0.277847,0.947985
272,454,0.572549,0.490196,0.556863,0.512518,2.231352,0.232799,0.755192
297,638,0.509804,0.454902,0.458824,0.466857,2.365766,0.252236,0.838379
195,384,0.517647,0.415686,0.329412,0.431134,0.719209,0.2675,0.903702
486,205,0.298039,0.419608,0.517647,0.400841,0.849027,0.280353,0.958712
372,254,0.137255,0.458824,0.623529,0.40235,0.55,0.279657,0.955733
295,273,0.341176,0.490196,0.647059,0.46984,2.4,0.250709,0.831842
429,352,0.482353,0.396078,0.376471,0.413005,0.55,0.275024,0.935904
80,485,0.45098,0.380392,0.317647,0.390869,0.892686,0.284119,0.974827
258,409,0.623529,0.490196,0.533333,0.521657,1.182829,0.228036,0.734807
25,246,0.388235,0.360784,0.423529,0.371151,0.55,0.29202,1.008641
282,481,0.521569,0.462745,0.607843,0.485727,1.072595,0.242559,0.796964
192,630,0.498039,0.454902,0.517647,0.468603,2.051857,0.249714,0.827585
273,693,0.364706,0.517647,0.666667,0.495891,2.4,0.237687,0.776113
449,79,0.207843,0.411765,0.623529,0.3837,1.061741,0.285738,0.981758
26,252,0.396078,0.368627,0.290196,0.368801,0.55,0.291754,1.007506
282,416,0.517647,0.458824,0.509804,0.47501,1.481394,0.246191,0.812509
70,55,0.066667,0.431373,0.615686,0.367144,0.68035,0.292247,1.009614
391,318,0.435294,0.4,0.360784,0.404672,0.55,0.276133,0.94065
461,370,0.466667,0.403922,0.403922,0.417261,0.55,0.27047,0.916413
261,449,0.588235,0.486275,0.580392,0.514747,1.559262,0.22852,0.73688
330,704,0.533333,0.439216,0.427451,0.458376,2.349628,0.25258,0.839851
461,477,0.490196,0.411765,0.478431,0.433253,0.55,0.263248,0.885508
336,253,0.415686,0.407843,0.443137,0.412059,0.991944,0.272055,0.923197
79,564,0.427451,0.388235,0.384314,0.396289,2.4,0.278385,0.950287
266,591,0.545098,0.517647,0.588235,0.52858,1.521751,0.221177,0.705453
259,288,0.352941,0.47451,0.619608,0.45914,1.753708,0.250928,0.83278
154,170,0.529412,0.352941,0.341176,0.389609,0.55,0.280634,0.959912
261,438,0.615686,0.466667,0.52549,0.502595,2.149027,0.232174,0.752517
97,724,0.368627,0.4,0.423529,0.395029,0.55,0.278166,0.949349
202,465,0.415686,0.447059,0.537255,0.446901,0.55,0.255706,0.853229
308,345,0.270588,0.478431,0.666667,0.447835,2.4,0.255125,0.850741
470,186,0.466667,0.376471,0.411765,0.398195,2.225613,0.276365,0.941644
136,512,0.45098,0.396078,0.454902,0.411998,0.890428,0.270428,0.916234
42,716,0.407843,0.364706,0.380392,0.375009,0.55,0.286233,0.983878
224,431,0.545098,0.443137,0.501961,0.469061,2.4,0.245913,0.811317
200,347,0.541176,0.396078,0.419608,0.428625,1.815273,0.262695,0.883138
169,525,0.513726,0.415686,0.356863,0.432282,1.816845,0.260665,0.874454
67,672,0.384314,0.388235,0.392157,0.387685,0.55,0.279685,0.955852
491,529,0.466667,0.415686,0.466667,0.430205,0.625972,0.260751,0.874821
239,114,0.407843,0.407843,0.345098,0.403313,0.55,0.27213,0.923518
284,601,0.564706,0.454902,0.517647,0.482776,2.4,0.237952,0.777246
189,468,0.423529,0.419608,0.576471,0.431767,0.55,0.259571,0.869771
152,474,0.419608,0.392157,0.458824,0.402806,0.663674,0.271733,0.921818
93,529,0.305882,0.392157,0.615686,0.389954,1.15136,0.277214,0.945277
394,139,0.388235,0.380392,0.372549,0.381493,0.55,0.279976,0.957099
173,619,0.47451,0.427451,0.407843,0.43604,0.55,0.256596,0.857038
67,526,0.317647,0.407843,0.439216,0.390933,0.863434,0.275457,0.937759
445,343,0.443137,0.4,0.454902,0.413135,0.650674,0.265887,0.8968
195,476,0.431373,0.443137,0.517647,0.446016,1.167369,0.251661,0.835918
216,477,0.588235,0.45098,0.45098,0.480161,0.55,0.236982,0.773094
217,560,0.584314,0.47451,0.462745,0.497005,2.4,0.229247,0.739993
275,741,0.45098,0.423529,0.498039,0.434745,0.580178,0.255886,0.853998
368,241,0.423529,0.380392,0.454902,0.394943,2.301969,0.2728,0.926386
221,357,0.45098,0.427451,0.517647,0.438965,1.822396,0.25377,0.844942
194,565,0.52549,0.439216,0.4,0.454726,1.366672,0.246508,0.813864
426,664,0.45098,0.415686,0.439216,0.424889,0.620213,0.259147,0.867953
85,562,0.494118,0.384314,0.34902,0.40511,0.93938,0.267609,0.904171
331,596,0.478431,0.431373,0.368627,0.436847,0.55,0.254002,0.845936
122,730,0.435294,0.388235,0.462745,0.40362,0.984322,0.268211,0.906746
90,212,0.317647,0.396078,0.427451,0.381669,2.070816,0.27759,0.946887
243,665,0.54902,0.470588,0.588235,0.495757,0.55,0.228585,0.737157
466,22,0.133333,0.403922,0.572549,0.358569,0.55,0.286989,0.98711
333,630,0.392157,0.439216,0.647059,0.444217,0.55,0.249516,0.826735
33,412,0.376471,0.376471,0.337255,0.373639,0.637208,0.27969,0.955875
128,153,0.290196,0.403922,0.537255,0.38937,2.382927,0.272603,0.925543
304,385,0.458824,0.423529,0.596078,0.443491,1.600489,0.249322,0.825906
115,80,0.219608,0.380392,0.635294,0.364613,0.560071,0.283055,0.970275
493,431,0.490196,0.427451,0.411765,0.439658,1.458967,0.250666,0.831661
268,486,0.537255,0.498039,0.54902,0.510057,1.645288,0.220463,0.702396
239,243,0.443137,0.439216,0.447059,0.440616,0.842468,0.250153,0.829464
163,691,0.286275,0.443137,0.580392,0.419698,0.631875,0.258884,0.866831
298,277,0.486275,0.4,0.454902,0.422306,1.214439,0.257191,0.859585
216,151,0.513726,0.376471,0.321569,0.401687,0.55,0.265852,0.896649
267,107,0.521569,0.372549,0.419608,0.407628,2.122136,0.263157,0.885116
242,126,0.458824,0.372549,0.435294,0.395421,0.55,0.268311,0.907173
339,703,0.321569,0.439216,0.639216,0.428644,0.607507,0.253793,0.845043
148,402,0.392157,0.388235,0.294118,0.382274,0.55,0.273624,0.929912
405,131,0.188235,0.439216,0.52549,0.392086,2.342023,0.269251,0.911195
355,433,0.501961,0.388235,0.411765,0.414112,1.873745,0.25955,0.869679
478,351,0.301961,0.419608,0.556863,0.404506,0.55,0.263347,0.885931
355,379,0.439216,0.403922,0.345098,0.407178,1.518765,0.262171,0.880899
471,709,0.388235,0.4,0.439216,0.40033,0.55,0.265006,0.893029
217,630,0.556863,0.462745,0.443137,0.481339,1.585688,0.230194,0.744042
321,402,0.396078,0.423529,0.482353,0.42194,2.4,0.255636,0.85293
446,654,0.407843,0.419608,0.447059,0.419089,0.555386,0.256712,0.857532
222,110,0.482353,0.396078,0.462745,0.419234,2.4,0.256463,0.856467
245,179,0.419608,0.419608,0.513726,0.426403,1.032769,0.253375,0.843254
118,194,0.384314,0.380392,0.27451,0.373581,1.649737,0.276007,0.940112
389,694,0.345098,0.439216,0.498039,0.423453,0.55,0.254586,0.848433
317,529,0.447059,0.439216,0.517647,0.446546,1.390725,0.244112,0.803607
239,100,0.494118,0.380392,0.407843,0.406552,2.4,0.260733,0.874742
118,290,0.4,0.360784,0.407843,0.372519,2.4,0.275182,0.936582
178,393,0.552941,0.372549,0.415686,0.414015,1.418773,0.256881,0.858256
166,521,0.47451,0.392157,0.364706,0.407683,0.55,0.259425,0.869147
298,267,0.545098,0.396078,0.4,0.428043,2.4,0.250591,0.831337
434,378,0.494118,0.388235,0.372549,0.409613,0.79798,0.258386,0.864698
350,611,0.454902,0.423529,0.552941,0.439543,2.4,0.245486,0.809488
307,744,0.435294,0.439216,0.454902,0.439514,0.902551,0.245324,0.808797
276,570,0.552941,0.462745,0.498039,0.484469,2.4,0.226039,0.726262
296,346,0.329412,0.478431,0.803922,0.47025,2.4,0.231921,0.751436
444,243,0.454902,0.368627,0.380392,0.387819,0.603505,0.267105,0.902013
348,180,0.462745,0.360784,0.368627,0.383027,2.4,0.268661,0.908675
420,373,0.403922,0.396078,0.439216,0.40086,0.70923,0.260799,0.875026
399,163,0.454902,0.364706,0.345098,0.382466,2.112946,0.268279,0.907037
217,481,0.603922,0.439216,0.482353,0.477347,1.923416,0.227443,0.732272
25,442,0.458824,0.345098,0.317647,0.367294,0.616299,0.274425,0.933341
41,497,0.168627,0.411765,0.588235,0.372815,1.178316,0.271301,0.919969
121,111,0.431373,0.34902,0.376471,0.36851,0.873301,0.273022,0.927338
162,547,0.431373,0.419608,0.435294,0.423242,0.686815,0.249084,0.82489
13,494,0.533333,0.321569,0.333333,0.367439,0.55,0.272888,0.926763
441,257,0.482353,0.360784,0.360784,0.38663,0.748267,0.264633,0.891436
52,616,0.396078,0.372549,0.380392,0.378118,0.55,0.268271,0.907004
364,492,0.431373,0.415686,0.407843,0.418455,2.4,0.250954,0.832893
224,357,0.352941,0.45098,0.631373,0.443162,2.355697,0.24005,0.786226
207,539,0.435294,0.470588,0.564706,0.46988,2.4,0.228274,0.735825
465,394,0.466667,0.396078,0.431373,0.413634,1.536238,0.252282,0.838573
130,654,0.341176,0.431373,0.494118,0.416727,1.518163,0.250776,0.832127
339,590,0.47451,0.427451,0.403922,0.435757,2.4,0.242579,0.79705
229,631,0.509804,0.478431,0.482353,0.485384,1.587057,0.221043,0.704879
346,624,0.447059,0.423529,0.482353,0.432779,0.673401,0.243257,0.799948
106,320,0.243137,0.380392,0.517647,0.361122,0.55,0.273945,0.931286
250,313,0.466667,0.384314,0.454902,0.406918,0.620902,0.254045,0.84612
314,397,0.286275,0.443137,0.556863,0.417999,2.060369,0.24926,0.825643
66,549,0.258824,0.411765,0.6,0.39284,2.183642,0.259781,0.870666
167,644,0.4,0.423529,0.505882,0.424473,0.720748,0.246101,0.812122
408,304,0.411765,0.388235,0.384314,0.392955,1.044981,0.259479,0.869378
288,405,0.368627,0.439216,0.713726,0.444028,0.79258,0.237171,0.773904
222,622,0.537255,0.458824,0.490196,0.477763,1.476533,0.22269,0.711928
224,257,0.447059,0.415686,0.368627,0.418958,1.183809,0.247865,0.819672
6,366,0.4,0.352941,0.337255,0.361813,1.879403,0.272289,0.9242
418,666,0.45098,0.396078,0.478431,0.413696,0.55,0.249855,0.828186
114,702,0.403922,0.380392,0.388235,0.385961,0.55,0.261736,0.879036
202,147,0.411765,0.388235,0.309804,0.387575,0.616251,0.261004,0.875903
314,484,0.360784,0.431373,0.505882,0.421745,1.012199,0.246304,0.812992
35,720,0.494118,0.313726,0.364706,0.355758,0.55,0.27442,0.933319
404,623,0.443137,0.419608,0.458824,0.427442,0.55,0.243679,0.801756
312,585,0.403922,0.435294,0.415686,0.427209,0.55,0.243623,0.801515
204,563,0.552941,0.423529,0.384314,0.448211,0.893336,0.23456,0.76273
356,97,0.321569,0.376471,0.521569,0.375275,2.4,0.265629,0.895697
207,171,0.219608,0.415686,0.67451,0.392687,2.346427,0.257881,0.862537
250,101,0.407843,0.376471,0.427451,0.386821,0.55,0.260286,0.872829
235,647,0.521569,0.466667,0.439216,0.476357,2.019432,0.221647,0.707466
119,223,0.364706,0.372549,0.239216,0.361255,2.4,0.27063,0.917098
412,369,0.368627,0.392157,0.505882,0.395366,2.4,0.255815,0.853695
451,513,0.356863,0.423529,0.552941,0.4187,0.688094,0.24538,0.809035
269,95,0.231373,0.419608,0.462745,0.382704,0.55,0.260765,0.87488
294,566,0.486275,0.419608,0.54902,0.443125,0.585796,0.234689,0.763283
85,643,0.219608,0.423529,0.6,0.392917,0.72285,0.255886,0.853997
369,417,0.513726,0.372549,0.423529,0.406244,0.872213,0.250148,0.82944
281,470,0.556863,0.431373,0.47451,0.461166,2.06422,0.226371,0.727684
126,109,0.380392,0.364706,0.34902,0.366908,2.335638,0.266462,0.899261
274,166,0.27451,0.431373,0.572549,0.408216,1.181925,0.248665,0.823093
234,398,0.505882,0.407843,0.458824,0.432367,2.4,0.238251,0.778527
82,688,0.345098,0.376471,0.470588,0.376596,0.552683,0.261656,0.878692
109,171,0.411765,0.341176,0.411765,0.36128,2.4,0.268142,0.906452
299,705,0.486275,0.423529,0.486275,0.441399,2.043758,0.233551,0.758412
305,585,0.4,0.435294,0.466667,0.430056,0.749088,0.2378,0.776595
148,300,0.129412,0.431373,0.537255,0.37482,2.048272,0.261327,0.877283
203,595,0.517647,0.45098,0.439216,0.464304,2.073656,0.222964,0.7131
205,578,0.509804,0.427451,0.509804,0.450905,0.967203,0.228499,0.73679
326,329,0.341176,0.411765,0.564706,0.4078,2.4,0.24694,0.815713
140,322,0.388235,0.360784,0.321569,0.363789,0.621542,0.26553,0.895272
303,621,0.439216,0.454902,0.407843,0.448169,2.21146,0.229006,0.738959
391,481,0.294118,0.423529,0.584314,0.407625,1.607227,0.246193,0.812515
312,353,0.439216,0.388235,0.482353,0.405869,1.850059,0.246564,0.814102
477,129,0.321569,0.384314,0.494118,0.378902,2.4,0.258014,0.863105
415,105,0.482353,0.329412,0.239216,0.355415,0.621669,0.267406,0.903301
177,720,0.254902,0.427451,0.541176,0.398978,0.659543,0.248503,0.8224
301,411,0.352941,0.427451,0.568627,0.421803,0.55,0.238489,0.779546
160,473,0.392157,0.372549,0.482353,0.384645,0.55,0.254068,0.846219
174,12,0.384314,0.341176,0.396078,0.354311,0.815043,0.267059,0.901818
147,412,0.486275,0.341176,0.396078,0.375988,0.55,0.257293,0.860019
278,384,0.258824,0.482353,0.627451,0.445307,1.264972,0.227346,0.731857
390,254,0.411765,0.372549,0.47451,0.388248,2.121559,0.251568,0.835518
123,460,0.423529,0.352941,0.439216,0.374177,2.023542,0.257595,0.861311
36,747,0.368627,0.352941,0.305882,0.352878,0.55,0.26653,0.89955
437,638,0.372549,0.407843,0.588235,0.413364,0.658432,0.240237,0.787026
326,366,0.239216,0.439216,0.564706,0.405756,2.284984,0.243379,0.800474
279,325,0.52549,0.403922,0.458824,0.433731,1.758232,0.231298,0.74877
33,494,0.384314,0.368627,0.32549,0.368848,0.55,0.259089,0.867708
14,154,0.52549,0.301961,0.254902,0.346086,0.831692,0.268224,0.906801
18,233,0.435294,0.333333,0.227451,0.347365,0.84187,0.26723,0.90255
300,364,0.439216,0.388235,0.490196,0.406435,1.120606,0.241907,0.794171
204,479,0.517647,0.411765,0.47451,0.438806,2.251287,0.227802,0.733809
55,466,0.254902,0.388235,0.494118,0.367533,0.575602,0.258274,0.864219
84,234,0.45098,0.329412,0.372549,0.358372,2.396666,0.262188,0.88097
99,15,0.32549,0.341176,0.223529,0.329347,0.55,0.274467,0.933519
339,62,0.086275,0.419608,0.65098,0.365446,1.413128,0.258748,0.866246
74,342,0.380392,0.352941,0.239216,0.350566,0.55,0.264959,0.892829
123,737,0.396078,0.368627,0.376471,0.37503,0.55,0.25439,0.847594
156,389,0.478431,0.352941,0.376471,0.381319,0.710423,0.251504,0.835245
435,171,0.407843,0.360784,0.360784,0.370789,0.761795,0.255933,0.854202
112,277,0.219608,0.392157,0.47451,0.361419,0.635482,0.259889,0.871131
294,437,0.435294,0.431373,0.533333,0.439568,1.994155,0.226323,0.727475
348,470,0.321569,0.411765,0.611765,0.407029,1.468582,0.240191,0.786827
200,396,0.309804,0.435294,0.537255,0.415976,1.646871,0.236207,0.769779
209,391,0.490196,0.392157,0.447059,0.416964,0.922851,0.235733,0.767751
238,264,0.501961,0.415686,0.513726,0.441107,0.55,0.225382,0.723452
299,465,0.423529,0.415686,0.54902,0.42698,2.4,0.231395,0.749186
281,139,0.470588,0.384314,0.396078,0.403505,0.814755,0.240932,0.790001
50,315,0.333333,0.34902,0.352941,0.345968,1.028362,0.265306,0.894313
359,596,0.376471,0.431373,0.364706,0.414887,0.55,0.235758,0.767855
341,417,0.341176,0.388235,0.592157,0.392954,0.55,0.24484,0.806726
286,299,0.498039,0.403922,0.478431,0.429311,2.399654,0.229258,0.740036
26,475,0.278431,0.372549,0.454902,0.358485,0.55,0.259561,0.869726
492,161,0.443137,0.333333,0.341176,0.357244,0.55,0.259938,0.871341
281,476,0.541176,0.419608,0.466667,0.448851,0.55,0.220529,0.70268
231,594,0.521569,0.396078,0.419608,0.424457,0.55,0.230788,0.746586
332,276,0.137255,0.431373,0.611765,0.381867,0.55,0.24864,0.822989
93,363,0.423529,0.345098,0.254902,0.35526,0.575955,0.259715,0.870388
183,72,0.396078,0.34902,0.443137,0.36582,2.342282,0.255084,0.850566
93,450,0.423529,0.341176,0.337255,0.358402,0.665754,0.258111,0.863522
475,121,0.286275,0.368627,0.45098,0.357065,0.758475,0.25859,0.865571
424,113,0.266667,0.372549,0.486275,0.358249,0.765778,0.25807,0.863348
294,332,0.219608,0.47451,0.627451,0.43136,1.91826,0.226693,0.72906
71,358,0.352941,0.341176,0.384314,0.346792,0.917174,0.262779,0.883499
75,521,0.411765,0.352941,0.262745,0.358935,0.563409,0.257477,0.860807
130,482,0.396078,0.376471,0.258824,0.372145,2.028576,0.251721,0.836172
54,600,0.431373,0.356863,0.360784,0.372987,2.4,0.25131,0.834413
359,24,0.388235,0.34902,0.239216,0.349429,0.802725,0.261046,0.876081
278,25,0.384314,0.345098,0.388235,0.35655,0.55,0.257747,0.861962
451,179,0.415686,0.345098,0.329412,0.358973,0.557179,0.256343,0.855955
283,149,0.466667,0.376471,0.364706,0.394797,2.014032,0.240839,0.789603
105,704,0.094118,0.439216,0.670588,0.382553,1.197928,0.245851,0.811051
114,319,0.352941,0.345098,0.411765,0.351579,0.616033,0.258923,0.866995
257,126,0.290196,0.403922,0.54902,0.39022,0.55,0.242329,0.795977
223,264,0.458824,0.407843,0.439216,0.420947,2.4,0.229071,0.739236
217,157,0.352941,0.388235,0.435294,0.384129,0.679264,0.244319,0.804494
352,187,0.207843,0.415686,0.52549,0.379427,2.4,0.246187,0.812489
198,245,0.427451,0.388235,0.243137,0.386096,2.168565,0.243224,0.799811
434,87,0.439216,0.333333,0.298039,0.353296,1.664042,0.25727,0.859921
279,495,0.509804,0.419608,0.423529,0.439067,1.578262,0.220349,0.70191
312,493,0.329412,0.423529,0.615686,0.417394,0.738953,0.229607,0.741533
373,190,0.317647,0.384314,0.498039,0.378351,1.474638,0.246315,0.813037
48,306,0.388235,0.333333,0.337255,0.345289,2.4,0.260449,0.873527
175,330,0.360784,0.364706,0.498039,0.373499,0.55,0.248291,0.821496
301,130,0.443137,0.376471,0.368627,0.390078,0.788313,0.241172,0.791027
241,205,0.494118,0.411765,0.443137,0.431538,2.4,0.222944,0.713018
240,304,0.34902,0.392157,0.54902,0.394311,2.345017,0.23889,0.78126
353,486,0.219608,0.431373,0.6,0.398526,0.55,0.237045,0.773365
82,445,0.32549,0.364706,0.431373,0.361182,1.299216,0.252829,0.840914
190,431,0.466667,0.368627,0.447059,0.395133,1.619852,0.238256,0.778546
305,347,0.478431,0.4,0.47451,0.422054,2.4,0.226699,0.729087
239,344,0.509804,0.380392,0.403922,0.409604,1.372446,0.231887,0.751291
310,487,0.458824,0.4,0.415686,0.413638,1.502387,0.229856,0.742597
123,147,0.152941,0.384314,0.521569,0.345034,0.55,0.259241,0.868357
41,463,0.372549,0.34902,0.286275,0.349492,0.55,0.257231,0.859755
53,515,0.266667,0.380392,0.482353,0.363576,0.686726,0.251098,0.833508
365,557,0.25098,0.447059,0.615686,0.417547,2.4,0.227938,0.73439
495,204,0.431373,0.337255,0.368627,0.359529,0.585516,0.252801,0.840795
394,441,0.4,0.380392,0.396078,0.385693,0.705181,0.241518,0.792506
297,519,0.360784,0.435294,0.576471,0.429646,1.053517,0.22209,0.709363
311,417,0.388235,0.407843,0.486275,0.409337,2.4,0.230783,0.746566
202,419,0.411765,0.419608,0.447059,0.419922,2.340479,0.226239,0.727117
407,327,0.501961,0.4,0.447059,0.425075,2.4,0.223862,0.716946
362,1,0.160784,0.384314,0.478431,0.343587,0.693879,0.258558,0.865434
256,137,0.376471,0.407843,0.247059,0.389565,0.962282,0.238768,0.780738
342,372,0.470588,0.376471,0.27451,0.389118,2.4,0.238904,0.781322
469,8,0.333333,0.352941,0.066667,0.328104,0.684331,0.264861,0.892408
140,99,0.262745,0.368627,0.380392,0.346966,0.843115,0.256096,0.854897
336,367,0.407843,0.376471,0.462745,0.389369,1.897761,0.237908,0.777057
36,429,0.392157,0.34902,0.376471,0.360173,0.897537,0.250362,0.830357
376,310,0.415686,0.356863,0.384314,0.371351,1.162099,0.245506,0.809577
146,638,0.376471,0.380392,0.541176,0.391167,1.530088,0.236847,0.772515
162,355,0.368627,0.364706,0.368627,0.365823,0.941193,0.247631,0.818672
325,244,0.180392,0.407843,0.596078,0.373078,0.934965,0.244417,0.804913
389,461,0.278431,0.419608,0.482353,0.394124,0.55,0.235102,0.765047
441,628,0.443137,0.396078,0.411765,0.407216,0.627316,0.229425,0.740755
345,677,0.388235,0.407843,0.470588,0.408205,0.55,0.228568,0.737084
68,593,0.34902,0.364706,0.309804,0.357407,0.55,0.250243,0.82985
81,232,0.384314,0.341176,0.258824,0.344402,2.4,0.255741,0.85338
377,478,0.294118,0.392157,0.611765,0.387169,0.55,0.237318,0.774531
240,399,0.478431,0.388235,0.447059,0.411658,0.55,0.226675,0.728982
372,325,0.431373,0.364706,0.388235,0.380578,2.177194,0.239943,0.785766
347,266,0.411765,0.364706,0.458824,0.381506,1.693489,0.239286,0.782953
114,257,0.415686,0.32549,0.27451,0.340985,0.55,0.256463,0.856469
182,410,0.52549,0.34902,0.341176,0.385971,2.115482,0.236997,0.77316
96,663,0.219608,0.396078,0.494118,0.365639,0.55,0.245705,0.810429
63,418,0.388235,0.341176,0.364706,0.35288,2.165341,0.251075,0.833408
190,106,0.431373,0.337255,0.32549,0.356415,0.723988,0.24953,0.826795
383,389,0.439216,0.376471,0.435294,0.394057,1.850364,0.233391,0.757726
389,566,0.458824,0.388235,0.462745,0.408622,0.613197,0.227034,0.730521
458,227,0.160784,0.407843,0.521569,0.363529,1.161794,0.246133,0.812258
439,537,0.435294,0.388235,0.490196,0.405602,0.670235,0.22808,0.734998
413,380,0.341176,0.388235,0.596078,0.393237,1.28733,0.233225,0.757017
304,360,0.478431,0.372549,0.388235,0.396192,2.080362,0.231786,0.750857
149,451,0.235294,0.384314,0.6,0.368205,1.383589,0.243706,0.801873
404,547,0.435294,0.392157,0.435294,0.404442,0.55,0.228171,0.735387
229,161,0.431373,0.364706,0.403922,0.381711,0.837622,0.237648,0.775943
311,209,0.137255,0.458824,0.568627,0.398386,2.4,0.230234,0.744216
370,495,0.403922,0.403922,0.384314,0.402506,2.279535,0.22843,0.736493
258,388,0.509804,0.384314,0.376471,0.410427,2.006752,0.224967,0.721673
296,211,0.411765,0.392157,0.427451,0.398874,0.808863,0.229718,0.742008
249,239,0.454902,0.411765,0.364706,0.417538,1.636356,0.221324,0.706085
282,262,0.447059,0.380392,0.34902,0.3923,2.4,0.231856,0.751156
463,406,0.352941,0.411765,0.486275,0.404638,2.4,0.226512,0.728286
215,309,0.431373,0.372549,0.447059,0.390435,1.867771,0.232444,0.753675
295,383,0.482353,0.396078,0.356863,0.411589,1.527453,0.223362,0.714805
81,567,0.278431,0.384314,0.45098,0.366616,2.4,0.242454,0.796513
363,431,0.4,0.388235,0.388235,0.390736,2.040448,0.232056,0.752014
145,161,0.423529,0.32549,0.34902,0.348032,0.55,0.250166,0.829519
75,154,0.12549,0.384314,0.498039,0.337499,0.567614,0.254665,0.848773
393,631,0.4,0.380392,0.560784,0.397585,0.639499,0.227523,0.732612
66,583,0.294118,0.364706,0.462745,0.356777,0.652826,0.244951,0.8072
412,201,0.384314,0.352941,0.364706,0.36046,0.55954,0.242341,0.796028
430,174,0.443137,0.317647,0.368627,0.348007,0.724342,0.24755,0.818325
332,158,0.388235,0.364706,0.313726,0.366027,1.686483,0.238172,0.778188
112,368,0.329412,0.352941,0.376471,0.349638,1.148413,0.245066,0.807691
261,259,0.486275,0.372549,0.403922,0.398992,1.157914,0.223891,0.717068
310,267,0.278431,0.380392,0.596078,0.374288,0.827102,0.234151,0.760981
136,488,0.439216,0.34902,0.329412,0.36678,1.15959,0.237226,0.774139
271,138,0.490196,0.372549,0.388235,0.398693,2.160192,0.223359,0.714793
96,481,0.219608,0.380392,0.509804,0.355553,2.106054,0.241811,0.79376
279,30,0.294118,0.356863,0.462745,0.351168,1.298567,0.243624,0.801519
465,564,0.443137,0.380392,0.439216,0.397979,0.55,0.223424,0.715069
483,318,0.407843,0.360784,0.407843,0.374187,0.947341,0.233144,0.756671
420,271,0.262745,0.368627,0.615686,0.363955,1.86789,0.237469,0.775179
202,176,0.309804,0.380392,0.447059,0.370198,2.4,0.234706,0.763355
405,447,0.439216,0.368627,0.403922,0.386183,0.55,0.227466,0.73237
180,519,0.419608,0.392157,0.384314,0.397427,0.613223,0.222352,0.710482
183,552,0.411765,0.392157,0.388235,0.396042,0.609356,0.222867,0.712688
249,93,0.34902,0.364706,0.447059,0.367317,0.609348,0.234824,0.76386
100,643,0.286275,0.376471,0.439216,0.361825,0.55,0.236885,0.772681
232,330,0.286275,0.396078,0.533333,0.382644,1.391962,0.227834,0.733944
158,89,0.05098,0.388235,0.615686,0.332957,0.906787,0.24851,0.822432
342,424,0.411765,0.372549,0.458824,0.387115,1.256746,0.225113,0.722298
192,420,0.431373,0.364706,0.423529,0.383126,1.107889,0.226449,0.728014
304,259,0.435294,0.352941,0.368627,0.371582,0.55,0.231296,0.748759
438,578,0.333333,0.392157,0.572549,0.392675,0.55,0.222138,0.709566
440,202,0.364706,0.345098,0.392157,0.352664,0.55,0.238784,0.780806
73,428,0.258824,0.372549,0.462745,0.354883,2.4,0.237402,0.774893
372,264,0.490196,0.309804,0.356863,0.351553,0.642233,0.238572,0.779899
388,455,0.447059,0.364706,0.419608,0.386178,1.089132,0.223645,0.716016
390,723,0.454902,0.372549,0.423529,0.393738,0.55,0.220227,0.701388
374,453,0.290196,0.403922,0.537255,0.38937,1.128584,0.222068,0.709268
376,447,0.364706,0.376471,0.478431,0.381331,1.43443,0.225512,0.724004
333,236,0.47451,0.32549,0.321569,0.356889,0.55,0.235958,0.768713
173,686,0.454902,0.368627,0.419608,0.39065,2.4,0.221446,0.706604
102,677,0.25098,0.376471,0.556863,0.362816,0.629368,0.233338,0.757499
430,200,0.4,0.34902,0.313726,0.35731,2.222961,0.235554,0.766984
224,306,0.219608,0.423529,0.580392,0.391501,1.831296,0.220877,0.70417
208,361,0.407843,0.376471,0.407843,0.385405,2.4,0.223445,0.715158
93,297,0.6,0.27451,0.058824,0.328137,0.55,0.247943,0.820007
62,192,0.227451,0.356863,0.431373,0.334729,0.777459,0.245045,0.807602
413,336,0.4,0.356863,0.435294,0.371697,1.109467,0.229073,0.739247
118,700,0.298039,0.380392,0.47451,0.369679,1.04865,0.229898,0.742778
332,281,0.301961,0.380392,0.486275,0.371362,0.943751,0.228911,0.738552
132,16,0.282353,0.317647,0.4,0.316089,0.604802,0.252516,0.839575
117,514,0.454902,0.321569,0.278431,0.346801,0.55,0.239266,0.782871
423,284,0.388235,0.337255,0.403922,0.352907,1.584943,0.236487,0.770975
135,526,0.321569,0.364706,0.407843,0.358649,0.554332,0.234018,0.760411
172,479,0.341176,0.388235,0.494118,0.385875,1.271775,0.221932,0.708683
183,459,0.396078,0.372549,0.415686,0.380666,1.213283,0.224097,0.717952
48,186,0.156863,0.364706,0.466667,0.32788,0.55,0.246542,0.814009
453,202,0.32549,0.34902,0.431373,0.349963,2.237853,0.237041,0.773349
269,190,0.384314,0.380392,0.486275,0.388871,0.781863,0.220348,0.701905
364,363,0.411765,0.356863,0.380392,0.370234,1.627942,0.228254,0.735741
156,322,0.427451,0.329412,0.352941,0.351954,2.4,0.236054,0.769122
159,481,0.427451,0.341176,0.380392,0.36235,0.55,0.231542,0.749814
350,414,0.478431,0.337255,0.388235,0.37095,2.4,0.227798,0.73379
316,307,0.294118,0.4,0.505882,0.385134,1.997575,0.221683,0.70762
218,287,0.458824,0.360784,0.407843,0.385025,2.083023,0.221618,0.707339
137,71,0.345098,0.321569,0.294118,0.324589,0.55,0.247428,0.817801
389,231,0.360784,0.333333,0.431373,0.346248,0.598813,0.23787,0.776895
468,381,0.396078,0.360784,0.427451,0.373101,0.55,0.226276,0.727275
172,343,0.427451,0.34902,0.392157,0.368809,1.410142,0.227829,0.733923
339,98,0.388235,0.337255,0.396078,0.35234,0.956273,0.234548,0.762676
7,436,0.396078,0.321569,0.313726,0.336843,1.543809,0.240847,0.789636
97,363,0.380392,0.341176,0.235294,0.341869,2.4,0.238684,0.78038
352,125,0.392157,0.341176,0.372549,0.35428,2.334956,0.233335,0.757488
98,685,0.4,0.341176,0.403922,0.358213,0.55,0.231573,0.749948
328,193,0.427451,0.333333,0.368627,0.355891,0.999935,0.232411,0.753532
310,384,0.462745,0.341176,0.4,0.371269,0.55,0.225653,0.724609
459,342,0.407843,0.356863,0.305882,0.36402,0.925114,0.228714,0.73771
240,139,0.219608,0.396078,0.501961,0.366205,0.55,0.227097,0.730792
172,472,0.470588,0.34902,0.384314,0.377413,1.619974,0.221879,0.708457
2,213,0.317647,0.32549,0.231373,0.317027,0.55,0.247687,0.81891
123,106,0.352941,0.313726,0.447059,0.331689,2.4,0.240898,0.789856
76,255,0.164706,0.364706,0.4,0.324734,0.55,0.243873,0.802585
363,317,0.384314,0.360784,0.337255,0.364088,2.4,0.226914,0.730007
417,156,0.207843,0.356863,0.580392,0.34132,0.720986,0.236231,0.769881
325,170,0.12549,0.419608,0.517647,0.364157,1.974525,0.225809,0.725276
365,338,0.380392,0.352941,0.427451,0.364157,0.659663,0.225802,0.725246
127,208,0.34902,0.329412,0.333333,0.333864,0.868488,0.238674,0.780335
118,648,0.243137,0.396078,0.529412,0.37319,1.427261,0.221624,0.707365
220,147,0.341176,0.372549,0.376471,0.366162,0.857918,0.224534,0.71982
385,111,0.411765,0.321569,0.337255,0.341877,0.902913,0.234861,0.76402
5,165,0.403922,0.294118,0.254902,0.314631,0.55,0.246425,0.813509
376,298,0.4,0.341176,0.462745,0.36246,1.158118,0.225881,0.725584
134,123,0.129412,0.364706,0.513726,0.325442,0.55,0.240807,0.789466
378,346,0.482353,0.329412,0.341176,0.362776,1.617083,0.22446,0.719506
196,126,0.360784,0.356863,0.247059,0.349769,1.037498,0.229559,0.741327
484,377,0.4,0.34902,0.419608,0.364955,0.55,0.222903,0.712843
175,159,0.082353,0.403922,0.52549,0.344333,0.55,0.231551,0.749853
457,162,0.309804,0.329412,0.454902,0.334304,0.55,0.23534,0.766066
121,510,0.152941,0.380392,0.494118,0.340247,0.55,0.232352,0.753281
389,273,0.364706,0.337255,0.384314,0.346489,0.55,0.22956,0.741331
189,207,0.478431,0.305882,0.341176,0.345114,1.394907,0.230134,0.743788
46,271,0.262745,0.329412,0.427451,0.322317,0.55,0.239841,0.785332
152,377,0.407843,0.333333,0.32549,0.348608,0.961806,0.228334,0.736083
130,559,0.141176,0.411765,0.498039,0.360467,0.55,0.223168,0.713975
86,298,0.141176,0.352941,0.537255,0.321227,0.55,0.239418,0.783519
446,215,0.419608,0.34902,0.290196,0.35978,2.4,0.222855,0.712636
142,130,0.360784,0.32549,0.215686,0.325066,0.679305,0.237701,0.776173
417,278,0.32549,0.34902,0.462745,0.352228,1.703934,0.225171,0.722545
359,380,0.380392,0.352941,0.384314,0.361042,1.354732,0.220911,0.704313
308,277,0.164706,0.4,0.556863,0.361302,0.881048,0.220449,0.702337
442,294,0.4,0.341176,0.317647,0.351984,0.69018,0.224262,0.718655
42,115,0.407843,0.298039,0.231373,0.31657,1.306105,0.239169,0.782457
477,248,0.360784,0.341176,0.384314,0.34846,0.704265,0.22541,0.72357
433,317,0.333333,0.356863,0.454902,0.358939,1.138328,0.220828,0.703959
23,610,0.301961,0.337255,0.388235,0.333432,2.301188,0.231483,0.74956
82,184,0.435294,0.301961,0.341176,0.333139,2.4,0.231073,0.747807
491,181,0.345098,0.321569,0.356863,0.329119,0.55,0.232464,0.753759
367,177,0.447059,0.313726,0.305882,0.341506,0.55,0.226536,0.728388
75,675,0.337255,0.329412,0.411765,0.337025,0.614685,0.227643,0.733128
45,300,0.439216,0.290196,0.333333,0.324992,2.382393,0.231527,0.749747
418,186,0.376471,0.333333,0.329412,0.342221,1.045827,0.223897,0.717092
324,112,0.270588,0.356863,0.403922,0.341918,1.141066,0.223995,0.717516
389,123,0.196078,0.356863,0.501961,0.333156,0.775353,0.227209,0.731268
345,183,0.419608,0.321569,0.278431,0.339297,2.4,0.224012,0.717586
184,199,0.4,0.32549,0.384314,0.345578,1.340944,0.221072,0.705003
206,140,0.411765,0.321569,0.388235,0.345558,0.65571,0.220881,0.704186
366,109,0.317647,0.321569,0.427451,0.32838,1.155232,0.227732,0.733509
114,311,0.352941,0.298039,0.388235,0.316224,0.55,0.232908,0.755658
27,308,0.254902,0.32549,0.403922,0.316146,0.674671,0.232754,0.755
175,138,0.4,0.305882,0.352941,0.329289,0.55,0.226945,0.730138
48,507,0.34902,0.313726,0.396078,0.327175,0.55,0.227232,0.731368
127,156,0.188235,0.368627,0.498039,0.33962,2.4,0.221362,0.706245
177,307,0.380392,0.333333,0.313726,0.341922,0.992622,0.220247,0.701472
166,325,0.458824,0.298039,0.345098,0.33562,0.55,0.222887,0.712772
172,235,0.384314,0.317647,0.27451,0.328706,0.600174,0.225732,0.724948
181,133,0.462745,0.290196,0.282353,0.326314,0.55,0.226723,0.72919
163,153,0.396078,0.298039,0.337255,0.321714,0.55,0.228335,0.736087
46,217,0.34902,0.301961,0.34902,0.315363,0.918637,0.231041,0.747668
153,467,0.396078,0.317647,0.341176,0.33602,2.295178,0.222058,0.709225
38,318,0.164706,0.341176,0.490196,0.314418,0.55,0.231269,0.748644
91,192,0.266667,0.321569,0.341176,0.311312,0.55,0.232465,0.753765
394,247,0.243137,0.345098,0.454902,0.331349,0.627799,0.223707,0.71628
9,350,0.352941,0.298039,0.329412,0.311976,0.55,0.231863,0.751188
41,682,0.356863,0.309804,0.380392,0.324905,0.556325,0.226136,0.726678
78,732,0.278431,0.337255,0.356863,0.326165,0.55,0.225004,0.721833
138,373,0.478431,0.294118,0.239216,0.329339,0.695444,0.222773,0.712285
107,491,0.372549,0.317647,0.352941,0.331867,0.66012,0.221592,0.707231
28,325,0.384314,0.286275,0.329412,0.310232,0.852518,0.230396,0.74491
271,64,0.309804,0.321569,0.372549,0.322748,0.55,0.224761,0.720792
4,638,0.333333,0.305882,0.356863,0.315399,0.585723,0.227909,0.734263
73,486,0.313726,0.32549,0.372549,0.326387,0.55,0.222905,0.71285
122,281,0.372549,0.321569,0.184314,0.322497,0.70478,0.223463,0.715238
354,67,0.368627,0.301961,0.345098,0.319249,0.89087,0.224498,0.719667
97,470,0.360784,0.32549,0.227451,0.325915,0.699508,0.220189,0.701225
119,128,0.380392,0.286275,0.345098,0.310531,0.672221,0.226572,0.728544
48,748,0.247059,0.337255,0.423529,0.324308,0.777573,0.220122,0.700939
154,195,0.298039,0.329412,0.286275,0.319627,0.55,0.2202,0.701273
121,348,0.360784,0.301961,0.333333,0.316732,0.55,0.220525,0.702661
82,51,0.247059,0.290196,0.427451,0.290935,0.609243,0.231377,0.749108
140,331,0.329412,0.301961,0.427451,0.316857,0.55,0.220243,0.701457
21,317,0.286275,0.294118,0.454902,0.304059,0.55,0.224194,0.718364
94,200,0.352941,0.298039,0.231373,0.304898,2.045273,0.223374,0.714858
50,114,0.278431,0.282353,0.419608,0.291429,0.55,0.227617,0.733015
61,249,0.345098,0.290196,0.290196,0.301868,0.55,0.221783,0.708047
477,8,0.07451,0.329412,0.470588,0.285413,0.55,0.228653,0.73745
107,124,0.258824,0.309804,0.309804,0.298965,0.55,0.222154,0.709635
37,325,0.309804,0.305882,0.235294,0.30162,0.55,0.220739,0.703579
37,64,0.305882,0.278431,0.294118,0.2854,0.732462,0.226899,0.729942
69,36,0.333333,0.258824,0.313726,0.278628,0.55,0.226327,0.727493
